Texture,Disposition,Style family,Original origin evidence,Inherited override,Dimensions,Format,Mip count,Frames,Alpha contract,Borders and shaders,Owning definitions,Mod consumers,Reason,In-game checked
gfx/interface/LoadingScreen_Progress_1.dds,preserve_custom_reference,neutral,same_path_different_image,False,934x40,RGB32,1,1,Original alpha retained,"None / ""gfx//FX//progress.lua""",interface/load_screen.gfx:34 GFX_loadingstatus_progress,interface/load_screen.gui:64,"Existing modern mod outlier: retain its original surface, colors, layout and artwork.",False
gfx/interface/LoadingScreen_Progress_2.dds,preserve_utility,neutral,same_path_different_image,False,934x40,RGB32,1,1,Original alpha retained,"None / ""gfx//FX//progress.lua""",interface/load_screen.gfx:34 GFX_loadingstatus_progress,interface/load_screen.gui:64,Colored progress/status fill; preserve the complete source resource exactly.,False
gfx/interface/Loadingscreen_loadingstatus.dds,preserve_custom_reference,neutral,same_path_different_image,False,1400x92,RGB32,1,1,Original alpha retained,None / None,interface/load_screen.gfx:14 GFX_loadingstatus_bg,interface/load_screen.gui:44,"Existing modern mod outlier: retain its original surface, colors, layout and artwork.",False
gfx/interface/Loadingscreen_loadingtip.dds,new_geometry,neutral,byte_identical_reference,False,1400x148,RGB32,0,1,Original alpha retained,None / None,interface/load_screen.gfx:19 GFX_loadingtip_bg,interface/load_screen.gui:84,Legacy holder replaced with newly drawn smooth surfaces and simple borders.,False
gfx/interface/add_limit_bg.dds,new_geometry,neutral,inherited_reference,True,21x19,RGB32,0,1,Original alpha retained,None / None,interface/countrydeploymentview.gfx:235 GFX_add_limit_bg,interface/countrydeploymentview.gui:1053,Legacy holder replaced with newly drawn smooth surfaces and simple borders.,False
gfx/interface/add_national_goal_button.dds,preserve_custom_reference,neutral,same_path_different_image,False,777x83,RGB32,1,3,Original alpha retained,"None / ""gfx/FX/buttonstate_onlydisable.lua""",interface/countrypoliticsview.gfx:347 GFX_add_national_goal_button,interface/countrypoliticsview.gui:397,"Existing modern mod outlier: retain its original surface, colors, layout and artwork.",False
gfx/interface/ammunition/ammo_bar_bg.dds,preserve_utility,neutral,unresolved_origin,False,45x8,RGB32,6,1,Original alpha retained,"None / ""gfx/FX/progress_startend.lua""",interface/ammunition.gfx:14 GFX_topbar_ammo_bar,interface/ammunition.gui:44,Colored progress/status fill; preserve the complete source resource exactly.,False
gfx/interface/army_insignia_selection_bg.dds,new_geometry,neutral,inherited_reference,True,317x444,RGB32,0,1,Original alpha retained,"{ x = 64 y = 222 } / ""gfx/FX/buttonstate_nodowneffect.lua""; None / ""gfx/FX/buttonstate_nodowneffect.lua""",interface/countryintelligenceagencyview.gfx:239 GFX_tiled_window_insigna; interface/unitleaderwindow.gfx:573 GFX_army_insignia_selection_bg,interface/countryintelligenceagencyview.gui:765,Legacy holder replaced with newly drawn smooth surfaces and simple borders.,False
gfx/interface/armyoverview_air_entry_bg.dds,new_geometry,neutral,inherited_reference,True,509x35,RGB32,0,1,Original alpha retained,None / None,interface/countryarmyview.gfx:370 GFX_country_army_air_entry_bg,interface/countryarmyview.gui:831,Legacy holder replaced with newly drawn smooth surfaces and simple borders.,False
gfx/interface/armyoverview_entry_bg.dds,new_geometry,neutral,inherited_reference,True,509x35,RGB32,0,1,Original alpha retained,None / None,interface/countryarmyview.gfx:360 GFX_country_army_army_entry_bg,interface/countryarmyview.gui:598,Legacy holder replaced with newly drawn smooth surfaces and simple borders.,False
gfx/interface/armyoverview_naval_entry_bg.dds,new_geometry,neutral,inherited_reference,True,509x35,RGB32,0,1,Original alpha retained,None / None,interface/countryarmyview.gfx:365 GFX_country_army_navy_entry_bg,interface/countryarmyview.gui:728,Legacy holder replaced with newly drawn smooth surfaces and simple borders.,False
gfx/interface/armyoverview_naval_leader_frame.dds,new_geometry,neutral,inherited_reference,True,26x33,RGB32,0,1,Original alpha retained,None / None,interface/countryarmyview.gfx:312 GFX_armyoverview_naval_leader_frame,interface/countryarmyview.gui:776,Legacy holder replaced with newly drawn smooth surfaces and simple borders.,False
gfx/interface/autonomy/subject_progress_bar_bg.dds,new_geometry,neutral,inherited_reference,True,93x16,RGB32,0,1,Original alpha retained,"None / ""gfx/FX/progress.lua""",interface/countrypoliticsview.gfx:71 GFX_subject_progressbar,interface/countrypoliticsview.gui:336; interface/countrypoliticsview.gui:1279,Legacy holder replaced with newly drawn smooth surfaces and simple borders.,False
gfx/interface/autonomy/subjects_entry_bg.dds,new_geometry,neutral,inherited_reference,True,508x76,RGB32,0,1,Original alpha retained,"None / ""gfx/FX/buttonstate_nodowneffect.lua""",interface/countrypoliticsview.gfx:86 GFX_subjects_entry_bg,interface/countrypoliticsview.gui:1211,Legacy holder replaced with newly drawn smooth surfaces and simple borders.,False
gfx/interface/bookmark_entry_bg.dds,preserve_custom_reference,neutral,same_path_different_image,False,383x650,RGB32,1,2,Original alpha retained,"None / ""gfx/FX/buttonstate_nodowneffect.lua""",interface/frontendgamesetupview.gfx:232 GFX_bookmark_entry_bg,,"Existing modern mod outlier: retain its original surface, colors, layout and artwork.",False
gfx/interface/buildings/build_slot_bg.dds,new_geometry,neutral,inherited_reference,True,56x46,RGB32,0,1,Original alpha retained,None / None,interface/countrystateview.gfx:196 GFX_build_slot_bg,interface/countrystateview.gui:563,Legacy holder replaced with newly drawn smooth surfaces and simple borders.,False
gfx/interface/button_123x34.dds,preserve_custom_reference,neutral,same_path_different_image,False,123x36,RGB32,1,1,Original alpha retained,"None / ""gfx/FX/buttonstate.lua""",interface/core.gfx:571 GFX_button_123x34,interface/countrydiplomacyview.gui:1205; interface/countrydiplomacyview.gui:1218; interface/countrydiplomacyview.gui:1289; interface/countrydiplomacyview.gui:1302; interface/countrydiplomacyview.gui:1489; interface/countrydiplomacyview.gui:1502; interface/countrydiplomacyview.gui:1627; interface/countrydiplomacyview.gui:1640; interface/countrydiplomacyview.gui:1763; interface/countrydiplomacyview.gui:1775; interface/countrydiplomacyview.gui:1955; interface/countrydiplomacyview.gui:1968; interface/countrydiplomacyview.gui:2054; interface/countrydiplomacyview.gui:2066; interface/countrydiplomacyview.gui:2154; interface/countrydiplomacyview.gui:2167; interface/countrydiplomacyview.gui:2299; interface/countrydiplomacyview.gui:2312; interface/countrydiplomacyview.gui:2497; interface/countrydiplomacyview.gui:2510; interface/countrydiplomacyview.gui:2628; interface/countrydiplomacyview.gui:2640; interface/countrydiplomacyview.gui:2747; interface/countrydiplomacyview.gui:2760; interface/countrydiplomacyview.gui:2851; interface/countrydiplomacyview.gui:2864; interface/countrydiplomacyview.gui:2965; interface/countrydiplomacyview.gui:2978; interface/countrydiplomacyview.gui:3085; interface/countrydiplomacyview.gui:3097; interface/countrydiplomacyview.gui:3171; interface/countrydiplomacyview.gui:3183; interface/countrydiplomacyview.gui:3302; interface/countrydiplomacyview.gui:3314; interface/countrydiplomacyview.gui:3386; interface/countrydiplomacyview.gui:3398; interface/countrydiplomacyview.gui:3470; interface/countrydiplomacyview.gui:3482; interface/countrydiplomacyview.gui:3676; interface/countrydiplomacyview.gui:3688; interface/countrydiplomacyview.gui:4586; interface/countrytechtreeview.gui:3964; interface/countrytechtreeview.gui:3997; interface/countrytradeview.gui:540; interface/countrytradeview.gui:552; interface/frontendgamesetupview.gui:1260; interface/frontendgamesetupview.gui:1281; interface/frontendgamesetupview.gui:1361; interface/frontendgamesetupview.gui:1371; interface/frontendgamesetupview.gui:1381; interface/frontendgamesetupview.gui:1391; interface/nationalfocusview.gui:777; interface/nationalfocusview.gui:945; interface/nationalfocusview.gui:955; interface/unitview.gui:1248,"Existing modern mod outlier: retain its original surface, colors, layout and artwork.",False
gfx/interface/button_148x34.dds,new_geometry,neutral,byte_identical_reference,True,148x36,RGB32,0,1,Original alpha retained,"None / ""gfx/FX/buttonstate.lua""",interface/core.gfx:516 GFX_button_148x34,interface/countryofficercorpview.gui:14; interface/frontendgamesetupview.gui:461; interface/frontendgamesetupview.gui:473; interface/frontendgamesetupview.gui:598; interface/frontendgamesetupview.gui:610; interface/frontendgamesetupview.gui:2122; interface/frontendgamesetupview.gui:2134; interface/frontendgamesetupview.gui:2146,Legacy holder replaced with newly drawn smooth surfaces and simple borders.,False
gfx/interface/button_148x34_light.dds,new_geometry,paper,inherited_reference,True,148x36,RGB32,0,1,Original alpha retained,"None / ""gfx/FX/buttonstate.lua""",interface/core.gfx:523 GFX_button_148x34_light,,Legacy holder replaced with newly drawn smooth surfaces and simple borders.,False
gfx/interface/button_221x34.dds,preserve_custom_reference,neutral,same_path_different_image,False,221x36,RGB32,1,1,Original alpha retained,"None / ""gfx/FX/buttonstate.lua""; None / None",interface/core.gfx:536 GFX_button_221x34; interface/factions/factions.gfx:703 GFX_factions_button_collect_extra_long,interface/countrydeploymentview.gui:278; interface/countrydeploymentview.gui:288; interface/countrydiplomacyview.gui:727; interface/countrydiplomacyview.gui:737; interface/countryintelligenceagencyview.gui:841; interface/frontendgamesetupview.gui:548; interface/frontendgamesetupview.gui:560; interface/unitleaderwindow.gui:149; interface/unitleaderwindow.gui:674; interface/unitleaderwindow.gui:1808,"Existing modern mod outlier: retain its original surface, colors, layout and artwork.",False
gfx/interface/category_header.dds,preserve_custom_reference,neutral,same_path_different_image,False,511x44,RGB32,1,1,Original alpha retained,None / None,interface/countrypoliticsview.gfx:359 GFX_category_header,interface/countrydiplomacyview.gui:1534; interface/countrydiplomacyview.gui:2688; interface/countrypoliticsview.gui:703,"Existing modern mod outlier: retain its original surface, colors, layout and artwork.",False
gfx/interface/construction_entry_bg.dds,new_geometry,neutral,inherited_reference,True,402x54,RGB32,0,1,Original alpha retained,"None / ""gfx/FX/buttonstate_nodowneffect.lua""",interface/countryconstructionsview.gfx:110 GFX_construction_entry_bg,interface/countryconstructionsview.gui:376; interface/countryconstructionsview.gui:536,Legacy holder replaced with newly drawn smooth surfaces and simple borders.,False
gfx/interface/construction_header_bg.dds,new_geometry,neutral,byte_identical_reference,True,689x43,RGB32,0,1,Original alpha retained,None / None,interface/general_stuff.gfx:179 GFX_construction_header_bg,interface/countrytradeview.gui:22,Legacy holder replaced with newly drawn smooth surfaces and simple borders.,False
gfx/interface/construction_progressbar_bg.dds,new_geometry,neutral,inherited_reference,True,60x9,RGB32,0,1,Original alpha retained,"None / ""gfx/FX/progress_startend.lua""",interface/countryconstructionsview.gfx:182 GFX_construction_progressbar,interface/countryconstructionsview.gui:438; interface/countryconstructionsview.gui:585,Legacy holder replaced with newly drawn smooth surfaces and simple borders.,False
gfx/interface/construction_special_entry_bg.dds,new_geometry,neutral,inherited_reference,True,402x54,RGB32,0,1,Original alpha retained,"None / ""gfx/FX/buttonstate_nodowneffect.lua""",interface/countryconstructionsview.gfx:104 GFX_construction_special_entry_bg,interface/countryconstructionsview.gui:651; interface/countryconstructionsview.gui:700; interface/countryconstructionsview.gui:748,Legacy holder replaced with newly drawn smooth surfaces and simple borders.,False
gfx/interface/construction_title_bg.dds,new_geometry,neutral,inherited_reference,True,65x21,RGB32,0,1,Original alpha retained,None / None,interface/core.gfx:397 GFX_construction_title_bg,,Legacy holder replaced with newly drawn smooth surfaces and simple borders.,False
gfx/interface/constructions_bg1.dds,new_geometry,neutral,inherited_reference,True,105x186,RGB32,0,1,Original alpha retained,None / None,interface/countryconstructionsview.gfx:64 GFX_constructions_bg1,interface/countryconstructionsview.gui:242,Legacy holder replaced with newly drawn smooth surfaces and simple borders.,False
gfx/interface/constructions_bg2.dds,new_geometry,neutral,inherited_reference,True,105x143,RGB32,0,1,Original alpha retained,None / None,interface/countryconstructionsview.gfx:59 GFX_constructions_bg2,interface/countryconstructionsview.gui:230,Legacy holder replaced with newly drawn smooth surfaces and simple borders.,False
gfx/interface/constructions_bg4.dds,new_geometry,neutral,same_path_different_image,False,105x280,RGB32,1,1,Original alpha retained,None / None,interface/countryconstructionsview.gfx:49 GFX_constructions_bg4,interface/countryconstructionsview.gui:236; interface/countrytradeview.gui:138,Legacy holder replaced with newly drawn smooth surfaces and simple borders.,False
gfx/interface/conveyor_group_btn_frame.dds,new_geometry,neutral,inherited_reference,True,27x27,RGB32,0,1,Original alpha retained,None / None,interface/countrydeploymentview.gfx:230 GFX_conveyor_group_btn_frame,interface/countrydeploymentview.gui:979; interface/countryproductionlineview.gui:1498; interface/countryproductionlineview.gui:1841; interface/countryproductionlineview.gui:2438; interface/countryproductionlineview.gui:2807; interface/countryproductionlineview.gui:3134; interface/countryproductionlineview.gui:3441; interface/countryproductionlineview.gui:3741; interface/countryproductionlineview.gui:3972,Legacy holder replaced with newly drawn smooth surfaces and simple borders.,False
gfx/interface/country_selection_bg.dds,preserve_custom_reference,neutral,same_path_different_image,False,1225x848,RGB32,1,1,Original alpha retained,"None / ""gfx/FX/buttonstate_nodowneffect.lua""",interface/frontendgamesetupview.gfx:272 GFX_country_selection_bg,interface/frontendgamesetupview.gui:592,"Existing modern mod outlier: retain its original surface, colors, layout and artwork.",False
gfx/interface/country_selection_entry.dds,preserve_custom_reference,neutral,same_path_different_image,False,290x70,RGB32,1,2,Original alpha retained,"None / ""gfx/FX/buttonstate_nodowneffect.lua""",interface/frontendgamesetupview.gfx:265 GFX_country_selection_entry,interface/frontendgamesetupview.gui:137,"Existing modern mod outlier: retain its original surface, colors, layout and artwork.",False
gfx/interface/custom_difficulty_slider_bg.dds,new_geometry,neutral,inherited_reference,True,299x30,RGB32,9,1,Original alpha retained,None / None,interface/frontendgamesetupview.gfx:278 GFX_custom_setting_slider_bg,interface/frontendgamesetupview.gui:1485,Legacy holder replaced with newly drawn smooth surfaces and simple borders.,False
gfx/interface/date_pause_button_bg.dds,new_geometry,neutral,inherited_reference,True,206x28,RGB32,0,1,Original alpha retained,None / None,interface/topbar.gfx:163 GFX_date_pause_button_bg,interface/topbar.gui:536,Legacy holder replaced with newly drawn smooth surfaces and simple borders.,False
gfx/interface/decisionview/category_header_bg.dds,preserve_custom_reference,neutral,same_path_different_image,False,516x53,RGB32,1,1,Original alpha retained,None / None,interface/countrydecisionview.gfx:23 GFX_category_header_bg,interface/countrydecisionview.gui:90,"Existing modern mod outlier: retain its original surface, colors, layout and artwork.",False
gfx/interface/decisionview/decision_AI_item_bg.dds,new_geometry,neutral,byte_identical_reference,False,511x40,RGB32,0,1,Original alpha retained,None / None,interface/countrydecisionview.gfx:39 GFX_decision_AI_item_bg,,Legacy holder replaced with newly drawn smooth surfaces and simple borders.,False
gfx/interface/decisionview/decision_description_bg.dds,new_geometry,neutral,byte_identical_reference,False,510x100,RGB32,0,1,Original alpha retained,,,,Legacy holder replaced with newly drawn smooth surfaces and simple borders.,False
gfx/interface/decisionview/decision_item_bg.dds,preserve_custom_reference,neutral,same_path_different_image,False,1536x40,RGB32,1,3,Original alpha retained,None / None,interface/countrydecisionview.gfx:28 GFX_decision_item_bg,interface/countrydecisionview.gui:404; interface/countrydecisionview.gui:491; interface/countrydecisionview.gui:591; interface/countrydecisionview.gui:692,"Existing modern mod outlier: retain its original surface, colors, layout and artwork.",False
gfx/interface/decisionview/decision_item_bg_single.dds,new_geometry,neutral,byte_identical_reference,False,511x40,RGB32,0,1,Original alpha retained,None / None,interface/countrydecisionview.gfx:34 GFX_decision_item_bg_single,,Legacy holder replaced with newly drawn smooth surfaces and simple borders.,False
gfx/interface/decisionview/decision_progress_bad.dds,preserve_utility,neutral,byte_identical_reference,False,503x40,RGB32,0,1,Original alpha retained,"None / ""gfx/FX/progress_startend.lua""",interface/countrydecisionview.gfx:49 GFX_decision_item_progress_bad,interface/countrydecisionview.gui:416; interface/countrydecisionview.gui:503; interface/countrydecisionview.gui:603,Colored progress/status fill; preserve the complete source resource exactly.,False
gfx/interface/decisionview/decision_progress_bg.dds,new_geometry,neutral,byte_identical_reference,False,503x40,RGB32,0,1,Original alpha retained,"None / None; None / ""gfx/FX/progress_startend.lua""; None / ""gfx/FX/progress_startend.lua""",interface/countrydecisionview.gfx:44 GFX_decision_progress_bg; interface/countrydecisionview.gfx:49 GFX_decision_item_progress_bad; interface/countrydecisionview.gfx:58 GFX_decision_item_progress_good,interface/countrydecisionview.gui:416; interface/countrydecisionview.gui:503; interface/countrydecisionview.gui:603; interface/countrydecisionview.gui:410; interface/countrydecisionview.gui:497; interface/countrydecisionview.gui:597,Legacy holder replaced with newly drawn smooth surfaces and simple borders.,False
gfx/interface/decisionview/decision_progress_good.dds,preserve_utility,neutral,byte_identical_reference,False,503x40,RGB32,0,1,Original alpha retained,"None / ""gfx/FX/progress_startend.lua""",interface/countrydecisionview.gfx:58 GFX_decision_item_progress_good,interface/countrydecisionview.gui:410; interface/countrydecisionview.gui:497; interface/countrydecisionview.gui:597,Colored progress/status fill; preserve the complete source resource exactly.,False
gfx/interface/decisionview/decision_progress_neutral.dds,preserve_utility,neutral,byte_identical_reference,False,503x40,RGB32,0,1,Original alpha retained,,,,Colored progress/status fill; preserve the complete source resource exactly.,False
gfx/interface/decisionview/event_header_bg.dds,preserve_custom_reference,slate,same_path_different_image,False,515x83,RGB32,1,1,Original alpha retained,None / None,interface/countrydecisionview.gfx:2 GFX_event_header_bg,interface/countrydecisionview.gui:222,"Existing modern mod outlier: retain its original surface, colors, layout and artwork.",False
gfx/interface/decisionview/event_item_bg.dds,new_geometry,slate,byte_identical_reference,False,512x33,RGB32,0,1,Original alpha retained,None / None,interface/countrydecisionview.gfx:7 GFX_event_item_bg,interface/countrydecisionview.gui:355,Legacy holder replaced with newly drawn smooth surfaces and simple borders.,False
gfx/interface/decisionview/on_map_cost_bg.dds,new_geometry,neutral,byte_identical_reference,False,58x30,RGB32,0,1,Original alpha retained,{ x=13 y=13 } / None,interface/mapicons.gfx:747 GFX_mapicon_cost_bg,,Legacy holder replaced with newly drawn smooth surfaces and simple borders.,False
gfx/interface/decisionview/on_map_decision_bg.dds,preserve_art,neutral,byte_identical_reference,False,127x39,RGB32,0,3,Original alpha retained,None / None,interface/mapicons.gfx:742 GFX_mapicon_decision_bg,,Combined illustrated/person or icon surface; preserve the source resource exactly.,False
gfx/interface/decisionview/on_map_progress_bar_bg.dds,new_geometry,neutral,byte_identical_reference,False,43x12,RGB32,0,1,Original alpha retained,"None / ""gfx//FX//progress.lua""; None / ""gfx//FX//progress.lua""",interface/mapicons.gfx:754 GFX_mapicon_decision_progress_good; interface/mapicons.gfx:766 GFX_mapicon_decision_progress_bad,,Legacy holder replaced with newly drawn smooth surfaces and simple borders.,False
gfx/interface/decisionview/on_map_progress_bar_bg_old.dds,new_geometry,neutral,byte_identical_reference,False,26x4,RGB32,0,1,Original alpha retained,,,,Legacy holder replaced with newly drawn smooth surfaces and simple borders.,False
gfx/interface/deploy_port_fleet_bg.dds,new_geometry,neutral,inherited_reference,True,335x35,RGB32,0,1,Original alpha retained,None / None,interface/countryproductionlineview.gfx:227 GFX_deploy_port_fleet_bg,interface/countryproductionlineview.gui:4765; interface/countryproductionlineview.gui:4795; interface/countryproductionlineview.gui:4823,Legacy holder replaced with newly drawn smooth surfaces and simple borders.,False
gfx/interface/deploy_priority_equipment_meter_bg.dds,new_geometry,neutral,inherited_reference,True,108x33,RGB32,0,1,Original alpha retained,None / None,interface/countrydeploymentview.gfx:75 GFX_deploy_priority_equipment_meter_bg,interface/countrydeploymentview.gui:549; interface/countrydeploymentview.gui:643,Legacy holder replaced with newly drawn smooth surfaces and simple borders.,False
gfx/interface/deploy_priority_icon_bg.dds,new_geometry,neutral,inherited_reference,True,79x40,RGB32,0,1,Original alpha retained,{ x = 16 y = 16 } / None,interface/countrydeploymentview.gfx:57 GFX_deploy_icon_tiled_bg,interface/countrydeploymentview.gui:500; interface/countrydeploymentview.gui:595,Legacy holder replaced with newly drawn smooth surfaces and simple borders.,False
gfx/interface/deploy_priority_title_bg.dds,new_geometry,neutral,inherited_reference,True,159x26,RGB32,0,1,Original alpha retained,None / None,interface/countrydeploymentview.gfx:65 GFX_deploy_priority_title_bg,interface/countrydeploymentview.gui:527; interface/countrydeploymentview.gui:621,Legacy holder replaced with newly drawn smooth surfaces and simple borders.,False
gfx/interface/deployment_entry_progressbar_bg.dds,new_geometry,neutral,inherited_reference,True,65x12,RGB32,0,1,Original alpha retained,"None / ""gfx/FX/progress_startend.lua""; None / ""gfx/FX/progress_startend.lua""",interface/countrydeploymentview.gfx:292 GFX_deployment_entry_progressbar; interface/countrydeploymentview.gfx:302 GFX_deployment_entry_stalled_progressbar,interface/countrydeploymentview.gui:714; interface/countrydeploymentview.gui:827; interface/countrydeploymentview.gui:840,Legacy holder replaced with newly drawn smooth surfaces and simple borders.,False
gfx/interface/deployment_named_division_bg.dds,new_geometry,neutral,inherited_reference,True,346x78,RGB32,1,1,Original alpha retained,"None / ""gfx/FX/buttonstate_nodowneffect.lua""",interface/countrydeploymentview.gfx:161 GFX_deployment_named_division_bg,interface/countrydeploymentview.gui:355,Legacy holder replaced with newly drawn smooth surfaces and simple borders.,False
gfx/interface/deployment_named_division_obsolete_bg.dds,new_geometry,neutral,inherited_reference,True,348x79,RGB32,0,1,Original alpha retained,"None / ""gfx/FX/buttonstate_nodowneffect.lua""",interface/countrydeploymentview.gfx:167 GFX_deployment_named_division_obsolete_bg,interface/countrydeploymentview.gui:361,Legacy holder replaced with newly drawn smooth surfaces and simple borders.,False
gfx/interface/deployment_progressbar_bg.dds,new_geometry,neutral,inherited_reference,True,93x12,RGB32,0,1,Original alpha retained,"None / ""gfx/FX/progress_startend.lua""",interface/countrydeploymentview.gfx:312 GFX_deployment_progressbar,interface/countrydeploymentview.gui:542; interface/countrydeploymentview.gui:636,Legacy holder replaced with newly drawn smooth surfaces and simple borders.,False
gfx/interface/diplo_action_boost_party_bg.dds,new_geometry,neutral,inherited_reference,True,527x360,RGB32,0,1,Original alpha retained,"None / ""gfx/FX/buttonstate_nodowneffect.lua""",interface/countrydiplomacyview.gfx:83 GFX_diplo_action_boost_party_bg,interface/countrydiplomacyview.gui:2580,Legacy holder replaced with newly drawn smooth surfaces and simple borders.,False
gfx/interface/diplo_action_call_allies_bg.dds,new_geometry,neutral,inherited_reference,True,527x360,RGB32,0,1,Original alpha retained,"None / ""gfx/FX/buttonstate_nodowneffect.lua""",interface/countrydiplomacyview.gfx:65 GFX_diplo_action_call_allies_bg,interface/countrydiplomacyview.gui:2778,Legacy holder replaced with newly drawn smooth surfaces and simple borders.,False
gfx/interface/diplo_action_declare_war_bg.dds,new_geometry,neutral,inherited_reference,True,527x532,RGB32,0,1,Original alpha retained,"None / ""gfx/FX/buttonstate_nodowneffect.lua""",interface/countrydiplomacyview.gfx:156 GFX_diplo_action_declare_war_bg,interface/countrydiplomacyview.gui:1327,Legacy holder replaced with newly drawn smooth surfaces and simple borders.,False
gfx/interface/diplo_action_expeditionary_force_bg.dds,new_geometry,neutral,inherited_reference,True,527x612,RGB32,0,1,Original alpha retained,"None / ""gfx/FX/buttonstate_nodowneffect.lua""",interface/countrydiplomacyview.gfx:53 GFX_diplo_action_expeditionary_force_bg,interface/countrydiplomacyview.gui:3115,Legacy holder replaced with newly drawn smooth surfaces and simple borders.,False
gfx/interface/diplo_action_guarantee_independence_bg.dds,new_geometry,neutral,inherited_reference,True,527x360,RGB32,0,1,Original alpha retained,"None / ""gfx/FX/buttonstate_nodowneffect.lua""",interface/countrydiplomacyview.gfx:138 GFX_diplo_action_guarantee_independence_bg,interface/countrydiplomacyview.gui:1986,Legacy holder replaced with newly drawn smooth surfaces and simple borders.,False
gfx/interface/diplo_action_invite_to_faction_bg.dds,new_geometry,neutral,inherited_reference,True,527x410,RGB32,0,1,Original alpha retained,"None / ""gfx/FX/buttonstate_nodowneffect.lua""",interface/countrydiplomacyview.gfx:132 GFX_diplo_action_invite_to_faction_bg,interface/countrydiplomacyview.gui:1237; interface/countrydiplomacyview.gui:2658,Legacy holder replaced with newly drawn smooth surfaces and simple borders.,False
gfx/interface/diplo_action_join_allies_bg.dds,new_geometry,neutral,inherited_reference,True,527x360,RGB32,0,1,Original alpha retained,"None / ""gfx/FX/buttonstate_nodowneffect.lua""",interface/countrydiplomacyview.gfx:71 GFX_diplo_action_join_allies_bg,interface/countrydiplomacyview.gui:2883,Legacy holder replaced with newly drawn smooth surfaces and simple borders.,False
gfx/interface/diplo_action_justify_wargoals_bg.dds,new_geometry,neutral,inherited_reference,True,527x532,RGB32,0,1,Original alpha retained,"None / ""gfx/FX/buttonstate_nodowneffect.lua""",interface/countrydiplomacyview.gfx:150 GFX_diplo_action_justify_wargoals_bg,interface/countrydiplomacyview.gui:1521; interface/countrydiplomacyview.gui:1795,Legacy holder replaced with newly drawn smooth surfaces and simple borders.,False
gfx/interface/diplo_action_justify_wargoals_top_bg.dds,new_geometry,neutral,inherited_reference,True,500x150,RGB32,0,1,Original alpha retained,None / None,interface/countrydiplomacyview.gfx:286 GFX_diplo_action_justify_wargoals_top_bg,interface/countrydiplomacyview.gui:1526,Legacy holder replaced with newly drawn smooth surfaces and simple borders.,False
gfx/interface/diplo_action_lend_lease_bg.dds,new_geometry,neutral,inherited_reference,True,527x612,RGB32,0,1,Original alpha retained,"None / ""gfx/FX/buttonstate_nodowneffect.lua""",interface/countrydiplomacyview.gfx:95 GFX_diplo_action_lend_lease_bg,interface/countrydiplomacyview.gui:2187; interface/countrydiplomacyview.gui:2385,Legacy holder replaced with newly drawn smooth surfaces and simple borders.,False
gfx/interface/diplo_action_license_production_bg.dds,new_geometry,neutral,inherited_reference,True,496x664,RGB32,0,1,Original alpha retained,"None / ""gfx/FX/buttonstate_nodowneffect.lua""",interface/countrydiplomacyview.gfx:168 GFX_diplo_action_license_production_bg,interface/countrydiplomacyview.gui:3500,Legacy holder replaced with newly drawn smooth surfaces and simple borders.,False
gfx/interface/diplo_action_request_forces_bg.dds,new_geometry,neutral,inherited_reference,True,527x315,RGB32,0,1,Original alpha retained,"None / ""gfx/FX/buttonstate_nodowneffect.lua""",interface/countrydiplomacyview.gfx:47 GFX_diplo_action_request_forces_bg,interface/countrydiplomacyview.gui:3201,Legacy holder replaced with newly drawn smooth surfaces and simple borders.,False
gfx/interface/diplo_action_send_attache_bg.dds,new_geometry,neutral,inherited_reference,True,527x430,RGB32,0,1,Original alpha retained,"None / ""gfx/FX/buttonstate_nodowneffect.lua""",interface/countrydiplomacyview.gfx:113 GFX_diplo_action_send_attache_bg,interface/countrydiplomacyview.gui:2085,Legacy holder replaced with newly drawn smooth surfaces and simple borders.,False
gfx/interface/diplo_action_stage_coup_bg.dds,new_geometry,neutral,inherited_reference,True,527x532,RGB32,0,1,Original alpha retained,"None / ""gfx/FX/buttonstate_nodowneffect.lua""",interface/countrydiplomacyview.gfx:77 GFX_diplo_action_stage_coup_bg,interface/countrydiplomacyview.gui:1658; interface/countrydiplomacyview.gui:3332; interface/countrydiplomacyview.gui:3416,Legacy holder replaced with newly drawn smooth surfaces and simple borders.,False
gfx/interface/diplo_action_volunteers_bg.dds,new_geometry,neutral,inherited_reference,True,527x612,RGB32,0,1,Original alpha retained,"None / ""gfx/FX/buttonstate_nodowneffect.lua""",interface/countrydiplomacyview.gfx:89 GFX_diplo_action_volunteers_bg,interface/countrydiplomacyview.gui:2997,Legacy holder replaced with newly drawn smooth surfaces and simple borders.,False
gfx/interface/diplo_actions_bg.dds,new_geometry,neutral,inherited_reference,True,684x28,RGB32,0,3,Original alpha retained,"None / ""gfx/FX/buttonstate_onlydisable.lua""",interface/countrydiplomacyview.gfx:780 GFX_diplo_actions_bg,interface/countrydiplomacyview.gui:930; interface/countrydiplomacyview.gui:954,Legacy holder replaced with newly drawn smooth surfaces and simple borders.,False
gfx/interface/diplo_countrylist_flag_frame.dds,new_geometry,neutral,inherited_reference,True,52x38,RGB32,1,1,Original alpha retained,None / None,interface/countrydiplomacyview.gfx:339 GFX_diplo_countrylist_flag_frame,interface/countrydiplomacyview.gui:3751; interface/countrylogisticsview.gui:47; interface/countrystateview.gui:187; interface/countrystateview.gui:498; interface/nationalfocusview.gui:527,Legacy holder replaced with newly drawn smooth surfaces and simple borders.,False
gfx/interface/diplo_countrylist_flag_frame_mini.dds,new_geometry,neutral,inherited_reference,True,118x44,RGB32,1,2,Original alpha retained,None / None,interface/frontendgamesetupview.gfx:298 GFX_mini_country_selector,interface/frontendgamesetupview.gui:179,Legacy holder replaced with newly drawn smooth surfaces and simple borders.,False
gfx/interface/diplo_details_header.dds,new_geometry,neutral,inherited_reference,True,241x51,RGB32,0,1,Original alpha retained,None / None,interface/countrydiplomacyview.gfx:240 GFX_diplo_details_header,interface/countrydiplomacyview.gui:515; interface/countrydiplomacyview.gui:1081,Legacy holder replaced with newly drawn smooth surfaces and simple borders.,False
gfx/interface/diplo_filter_area_bg.dds,new_geometry,neutral,inherited_reference,True,521x136,RGB32,0,1,Original alpha retained,"None / ""gfx/FX/buttonstate_nodowneffect.lua""",interface/countrydiplomacyview.gfx:162 GFX_diplo_filter_area_bg,interface/countrydiplomacyview.gui:819,Legacy holder replaced with newly drawn smooth surfaces and simple borders.,False
gfx/interface/diplo_flag_frame.dds,preserve_custom_reference,neutral,same_path_different_image,False,134x80,RGB32,1,1,Original alpha retained,None / None,interface/countrydiplomacyview.gfx:380 GFX_diplo_flag_frame,interface/countrydiplomacyview.gui:43,"Existing modern mod outlier: retain its original surface, colors, layout and artwork.",False
gfx/interface/diplo_goal_button.dds,preserve_custom_reference,neutral,same_path_different_image,False,855x64,RGB32,1,3,Original alpha retained,"None / ""gfx/FX/buttonstate_onlydisable.lua""",interface/countrypoliticsview.gfx:340 GFX_diplo_goal_button,interface/countrydiplomacyview.gui:309,"Existing modern mod outlier: retain its original surface, colors, layout and artwork.",False
gfx/interface/diplo_leader_frame.dds,preserve_custom_reference,neutral,same_path_different_image,False,134x175,RGB32,1,1,Original alpha retained,None / None,interface/countrydiplomacyview.gfx:375 GFX_diplo_leader_frame,interface/countrydiplomacyview.gui:235,"Existing modern mod outlier: retain its original surface, colors, layout and artwork.",False
gfx/interface/diplo_nat_spirits_bg.dds,preserve_custom_reference,neutral,same_path_different_image,False,520x92,RGB32,1,1,Original alpha retained,None / None,interface/countrydiplomacyview.gfx:235 GFX_diplo_nat_spirits_bg,interface/countrydiplomacyview.gui:410,"Existing modern mod outlier: retain its original surface, colors, layout and artwork.",False
gfx/interface/diplo_opinion_bg.dds,preserve_art,neutral,inherited_reference,True,73x62,RGB32,0,1,Original alpha retained,None / None,interface/countrydiplomacyview.gfx:361 GFX_diplo_opinion_bg,interface/countrydiplomacyview.gui:103,Combined opinion arrows/icon; preserve the existing symbol resource exactly.,False
gfx/interface/diplo_relations_bg.dds,new_geometry,neutral,byte_identical_reference,False,235x44,RGB32,0,1,Original alpha retained,None / None,interface/countrydiplomacyview.gfx:385 GFX_diplo_relations_bg,interface/countrydiplomacyview.gui:999; interface/countrydiplomacyview.gui:1025,Legacy holder replaced with newly drawn smooth surfaces and simple borders.,False
gfx/interface/diplo_top_bg_diplo_tab.dds,preserve_custom_reference,neutral,same_path_different_image,False,399x167,RGB32,1,1,Original alpha retained,None / None,interface/countrydiplomacyview.gfx:370 GFX_diplo_upper_diplo_bg,interface/countrydiplomacyview.gui:241,"Existing modern mod outlier: retain its original surface, colors, layout and artwork.",False
gfx/interface/diplo_unity_bg.dds,new_geometry,neutral,inherited_reference,True,42x62,RGB32,0,1,Original alpha retained,None / None,interface/countrydiplomacyview.gfx:217 GFX_diplo_unity_bg,interface/countrydiplomacyview.gui:145; interface/countrydiplomacyview.gui:169; interface/countryintelledger.gui:167; interface/countryintelledger.gui:496; interface/countryintelledger.gui:529; interface/countryintelledger.gui:563; interface/countryintelledger.gui:596; interface/countryintelledger.gui:629; interface/countryintelledger.gui:662; interface/countryintelledger.gui:694,Legacy holder replaced with newly drawn smooth surfaces and simple borders.,False
gfx/interface/diplo_upper_win_bg.dds,new_geometry,neutral,byte_identical_reference,False,399x71,RGB32,1,1,Original alpha retained,None / None,interface/countrydiplomacyview.gfx:366 GFX_diplo_upper_win_bg,interface/countrydiplomacyview.gui:30,Legacy holder replaced with newly drawn smooth surfaces and simple borders.,False
gfx/interface/div_count_bg.dds,new_geometry,neutral,inherited_reference,True,93x35,RGB32,0,1,New rounded rectangular surface; opaque text area retained; decorative alpha silhouette removed.,None / None,interface/unitview.gfx:265 GFX_div_count_bg,interface/unitview.gui:402,Legacy holder replaced with newly drawn smooth surfaces and simple borders.,False
gfx/interface/efficiency_progressbar_frame.dds,new_geometry,neutral,inherited_reference,True,98x15,RGB32,0,1,Original alpha retained,None / None,interface/countryproductionlineview.gfx:467 GFX_efficiency_progressbar_frame,interface/countryproductionlineview.gui:1540; interface/countryproductionlineview.gui:1883,Legacy holder replaced with newly drawn smooth surfaces and simple borders.,False
gfx/interface/event_leader_frame.dds,new_geometry,slate,inherited_reference,True,172x232,RGB32,0,1,New four-pixel rectangular frame; original transparent center remains open; decorative alpha ornament removed.,None / None,interface/countrypoliticsview.gfx:561 GFX_event_leader_frame,interface/eventwindow.gui:400,Legacy holder replaced with newly drawn smooth surfaces and simple borders.,False
gfx/interface/event_news_bg.dds,preserve_custom_reference,slate,same_path_different_image,False,628x1022,RGB32,1,1,Original alpha retained,None / None,interface/eventwindow.gfx:8 GFX_event_news_bg,interface/eventwindow.gui:474,"Existing modern mod outlier: retain its original surface, colors, layout and artwork.",False
gfx/interface/event_option_entry.dds,preserve_custom_reference,slate,same_path_different_image,False,196x30,RGB32,1,1,Original alpha retained,None / None,interface/eventwindow.gfx:18 GFX_event_option_entry,interface/eventwindow.gui:562,"Existing modern mod outlier: retain its original surface, colors, layout and artwork.",False
gfx/interface/event_report_bottom_win.dds,preserve_custom_reference,slate,same_path_different_image,False,657x308,RGB32,1,1,Original alpha retained,None / None,interface/eventwindow.gfx:45 GFX_event_report_bottom_win,interface/eventwindow.gui:97,"Existing modern mod outlier: retain its original surface, colors, layout and artwork.",False
gfx/interface/event_report_bottom_win_2.dds,preserve_custom_reference,slate,same_path_different_image,False,581x59,RGB32,1,1,Original alpha retained,None / None,interface/eventwindow.gfx:51 GFX_event_report_bottom_win_end,interface/eventwindow.gui:451,"Existing modern mod outlier: retain its original surface, colors, layout and artwork.",False
gfx/interface/event_report_tileable_midsection.dds,preserve_custom_reference,slate,same_path_different_image,False,653x77,RGB32,1,1,Original alpha retained,{ x = 290 y = 16 } / None; { x = 290 y = 16 } / None,interface/eventwindow.gfx:23 GFX_event_report_tileable_midsection; interface/eventwindow.gfx:31 GFX_event_report_tileable_bottom_section,interface/eventwindow.gui:66; interface/eventwindow.gui:383; interface/eventwindow.gui:429,"Existing modern mod outlier: retain its original surface, colors, layout and artwork.",False
gfx/interface/event_report_top_win.dds,preserve_custom_reference,slate,same_path_different_image,False,682x93,RGB32,1,1,Original alpha retained,None / None,interface/eventwindow.gfx:39 GFX_event_report_top_win,interface/eventwindow.gui:33; interface/eventwindow.gui:351,"Existing modern mod outlier: retain its original surface, colors, layout and artwork.",False
gfx/interface/factory_item_bg.dds,new_geometry,neutral,inherited_reference,True,28x22,RGB32,0,1,Original alpha retained,"{ x=0 y=0 } / ""gfx/FX/buttonstate_nodowneffect.lua""",interface/countryproductionlineview.gfx:682 GFX_factory_bg,interface/countryproductionlineview.gui:4676; interface/countryproductionlineview.gui:4701; interface/countryproductionlineview.gui:4720,Legacy holder replaced with newly drawn smooth surfaces and simple borders.,False
gfx/interface/flag_small_golden_frame.dds,preserve_utility,neutral,inherited_reference,True,26x21,RGB32,0,1,Original alpha retained,None / None,interface/unitview.gfx:37 GFX_flag_small_golden_frame,interface/unitview.gui:2001,Tiny identifying-color frame with no neutral holder surface; retain it exactly.,False
gfx/interface/focusview/filter/icon_bg.dds,new_geometry,neutral,inherited_reference,True,84x42,RGB32,0,2,Original alpha retained,None / None,interface/nationalfocusview.gfx:280 GFX_FOCUS_FILTER_ICON_BG,interface/nationalfocusview.gui:982,Legacy holder replaced with newly drawn smooth surfaces and simple borders.,False
gfx/interface/focusview/titlebar/focus_can_start_bg.dds,preserve_custom_reference,neutral,same_path_different_image,False,164x50,RGB32,1,1,Original alpha retained,"None / None; None / ""gfx/FX/buttonstate_onlydisable.lua""",interface/nationalfocusview.gfx:140 GFX_focus_can_start; interface/nationalfocusview.gfx:158 GFX_focus_current,,"Existing modern mod outlier: retain its original surface, colors, layout and artwork.",False
gfx/interface/focusview/titlebar/focus_completed_bg.dds,preserve_custom_reference,neutral,same_path_different_image,False,164x50,RGB32,1,1,Original alpha retained,"None / ""gfx/FX/buttonstate_onlydisable.lua""",interface/nationalfocusview.gfx:257 GFX_focus_completed,,"Existing modern mod outlier: retain its original surface, colors, layout and artwork.",False
gfx/interface/focusview/titlebar/focus_unavailable_bg.dds,preserve_custom_reference,neutral,same_path_different_image,False,164x50,RGB32,1,1,Original alpha retained,None / None,interface/nationalfocusview.gfx:136 GFX_focus_unavailable,,"Existing modern mod outlier: retain its original surface, colors, layout and artwork.",False
gfx/interface/fullborder_tiled.dds,new_geometry,neutral,inherited_reference,True,190x190,RGB32,0,1,New four-pixel rectangular frame; original transparent center remains open; decorative alpha ornament removed.,"{ x=64 y=64 } / ""gfx/FX/buttonstate_nodowneffect.lua""",interface/countrytechnologyview.gfx:134 GFX_fullborder_tiled,interface/countrydoctrinetreeview.gui:82; interface/countrydoctrinetreeview.gui:263; interface/countrydoctrinetreeview.gui:278; interface/countrydoctrinetreeview.gui:293; interface/countrydoctrinetreeview.gui:308,Legacy holder replaced with newly drawn smooth surfaces and simple borders.,False
gfx/interface/game_settings_bg.dds,new_geometry,neutral,inherited_reference,True,484x97,RGB32,0,1,Original alpha retained,"None / ""gfx/FX/buttonstate_nodowneffect.lua""",interface/frontendgamesetupview.gfx:27 GFX_game_settings_bg,interface/frontendgamesetupview.gui:1106,Legacy holder replaced with newly drawn smooth surfaces and simple borders.,False
gfx/interface/generic_bg.dds,new_geometry,neutral,byte_identical_reference,True,271x55,RGB32,0,1,Original alpha retained,None / None,interface/general_stuff.gfx:59 GFX_generic_bg,interface/frontendgamesetupview.gui:2076,Legacy holder replaced with newly drawn smooth surfaces and simple borders.,False
gfx/interface/generic_bg2.dds,new_geometry,neutral,inherited_reference,True,356x35,RGB32,0,1,Original alpha retained,None / None,interface/countryproductionlineview.gfx:162 GFX_generic_bg2,interface/countryproductionlineview.gui:1129,Legacy holder replaced with newly drawn smooth surfaces and simple borders.,False
gfx/interface/generic_bg_307x113.dds,new_geometry,neutral,byte_identical_reference,False,307x113,RGB32,0,1,Original alpha retained,None / None,interface/general_stuff.gfx:54 GFX_generic_bg_307x113,interface/nationalfocusview.gui:700; interface/nationalfocusview.gui:867,Legacy holder replaced with newly drawn smooth surfaces and simple borders.,False
gfx/interface/generic_bg_417.dds,new_geometry,neutral,inherited_reference,True,417x29,RGB32,0,1,Original alpha retained,None / None,interface/general_stuff.gfx:13 GFX_generic_bg_417,,Legacy holder replaced with newly drawn smooth surfaces and simple borders.,False
gfx/interface/generic_box.dds,new_geometry,neutral,inherited_reference,True,102x26,RGB32,0,1,Original alpha retained,None / None,interface/general_stuff.gfx:124 GFX_generic_box,,Legacy holder replaced with newly drawn smooth surfaces and simple borders.,False
gfx/interface/generic_box_125.dds,new_geometry,neutral,inherited_reference,True,124x26,RGB32,0,1,Original alpha retained,None / None,interface/general_stuff.gfx:134 GFX_generic_box_125,,Legacy holder replaced with newly drawn smooth surfaces and simple borders.,False
gfx/interface/generic_box_80.dds,new_geometry,neutral,byte_identical_reference,True,80x26,RGB32,0,1,Original alpha retained,None / None,interface/general_stuff.gfx:138 GFX_generic_box_80,interface/countryproductionlineview.gui:715,Legacy holder replaced with newly drawn smooth surfaces and simple borders.,False
gfx/interface/generic_box_96.dds,new_geometry,neutral,byte_identical_reference,True,96x26,RGB32,0,1,Original alpha retained,None / None,interface/general_stuff.gfx:129 GFX_generic_box_96,interface/topbar.gui:135,Legacy holder replaced with newly drawn smooth surfaces and simple borders.,False
gfx/interface/generic_box_small.dds,new_geometry,neutral,inherited_reference,True,88x26,RGB32,0,1,Original alpha retained,None / None,interface/general_stuff.gfx:119 GFX_generic_box_small,,Legacy holder replaced with newly drawn smooth surfaces and simple borders.,False
gfx/interface/generic_box_smallest.dds,new_geometry,neutral,byte_identical_reference,True,70x26,RGB32,0,1,Original alpha retained,None / None,interface/general_stuff.gfx:114 GFX_generic_box_smallest,interface/ammunition.gui:10; interface/topbar.gui:110; interface/topbar.gui:160; interface/topbar.gui:185; interface/topbar.gui:334; interface/topbar.gui:361; interface/topbar.gui:396; interface/topbar.gui:431; interface/topbar.gui:504; interface/unitview.gui:1293,Legacy holder replaced with newly drawn smooth surfaces and simple borders.,False
gfx/interface/generic_diplo_action_bg.dds,new_geometry,neutral,inherited_reference,True,527x315,RGB32,0,1,Original alpha retained,"None / ""gfx/FX/buttonstate_nodowneffect.lua""",interface/countrydiplomacyview.gfx:144 GFX_generic_diplo_action_bg,interface/countrydiplomacyview.gui:1153,Legacy holder replaced with newly drawn smooth surfaces and simple borders.,False
gfx/interface/generic_mini_bg.dds,new_geometry,neutral,inherited_reference,True,69x25,RGB32,0,1,Original alpha retained,None / None,interface/unitview.gfx:294 GFX_generic_mini_bg,interface/unitview.gui:861,Legacy holder replaced with newly drawn smooth surfaces and simple borders.,False
gfx/interface/generic_popup_win.dds,new_geometry,neutral,inherited_reference,True,480x249,RGB32,0,1,Original alpha retained,None / None,interface/general_stuff.gfx:8 GFX_generic_popup_win,,Legacy holder replaced with newly drawn smooth surfaces and simple borders.,False
gfx/interface/generic_text_bg_108.dds,new_geometry,neutral,byte_identical_reference,True,108x27,RGB32,0,1,Original alpha retained,None / None,interface/general_stuff.gfx:143 GFX_generic_text_bg_108,interface/countrydiplomacyview.gui:531; interface/countrydiplomacyview.gui:554; interface/countrydiplomacyview.gui:577; interface/countrydiplomacyview.gui:600; interface/countrydiplomacyview.gui:623; interface/countrydiplomacyview.gui:646; interface/countrydiplomacyview.gui:669; interface/countrydiplomacyview.gui:692; interface/countryintelledger.gui:137; interface/countryintelledger.gui:186; interface/countryintelledger.gui:738; interface/countryintelledger.gui:786; interface/countryintelledger.gui:834; interface/countryintelledger.gui:1390; interface/countryintelledger.gui:1444; interface/countryintelledger.gui:1764; interface/countryintelledger.gui:2057,Legacy holder replaced with newly drawn smooth surfaces and simple borders.,False
gfx/interface/generic_text_bg_154.dds,new_geometry,neutral,byte_identical_reference,True,154x27,RGB32,0,1,Original alpha retained,None / None,interface/general_stuff.gfx:64 GFX_generic_text_bg_154,interface/countrydiplomacyview.gui:3629,Legacy holder replaced with newly drawn smooth surfaces and simple borders.,False
gfx/interface/generic_text_bg_203.dds,new_geometry,neutral,byte_identical_reference,True,203x27,RGB32,0,1,Original alpha retained,None / None,interface/general_stuff.gfx:74 GFX_generic_text_bg_203,interface/countrydiplomacyview.gui:760; interface/countrydiplomacyview.gui:2694; interface/countrydiplomacyview.gui:3537; interface/countrydiplomacyview.gui:3566; interface/countryproductionlineview.gui:1103; interface/countryproductionlineview.gui:1340,Legacy holder replaced with newly drawn smooth surfaces and simple borders.,False
gfx/interface/generic_text_bg_258.dds,new_geometry,neutral,inherited_reference,True,258x27,RGB32,0,1,Original alpha retained,None / None,interface/general_stuff.gfx:69 GFX_generic_text_bg_258,,Legacy holder replaced with newly drawn smooth surfaces and simple borders.,False
gfx/interface/generic_text_bg_325.dds,new_geometry,neutral,inherited_reference,True,325x27,RGB32,0,1,Original alpha retained,None / None,interface/general_stuff.gfx:84 GFX_generic_text_bg_325,,Legacy holder replaced with newly drawn smooth surfaces and simple borders.,False
gfx/interface/generic_text_bg_325_transp.dds,preserve_utility,neutral,inherited_reference,True,325x27,RGB32,0,1,Original alpha retained,None / None,interface/general_stuff.gfx:89 GFX_generic_text_bg_325_transp,,Entire source alpha channel is zero; preserve the invisible helper exactly.,False
gfx/interface/generic_text_bg_60.dds,new_geometry,neutral,byte_identical_reference,True,60x27,RGB32,0,1,Original alpha retained,None / None,interface/general_stuff.gfx:158 GFX_generic_text_bg_60,interface/countrydiplomacyview.gui:4125; interface/countrydiplomacyview.gui:4240; interface/countrydiplomacyview.gui:4348; interface/countrydiplomacyview.gui:4507; interface/countryintelledger.gui:761; interface/countryintelledger.gui:809; interface/countryintelledger.gui:857,Legacy holder replaced with newly drawn smooth surfaces and simple borders.,False
gfx/interface/generic_text_bg_88.dds,new_geometry,neutral,byte_identical_reference,True,88x27,RGB32,0,1,Original alpha retained,None / None,interface/general_stuff.gfx:148 GFX_generic_text_bg_88,interface/countrydiplomacyview.gui:4258; interface/countrydiplomacyview.gui:4525; interface/countryintelledger.gui:883; interface/countryintelledger.gui:911; interface/countryintelledger.gui:933; interface/countryintelledger.gui:957; interface/countryintelledger.gui:981; interface/countryintelledger.gui:1005; interface/countryintelledger.gui:1029; interface/countryintelledger.gui:1417; interface/countryintelledger.gui:1469; interface/countryintelledger.gui:1789,Legacy holder replaced with newly drawn smooth surfaces and simple borders.,False
gfx/interface/generic_w_box.dds,new_geometry,neutral,byte_identical_reference,True,102x27,RGB32,0,1,Original alpha retained,None / None; None / None,interface/general_stuff.gfx:104 GFX_generic_w_box; interface/general_stuff.gfx:163 GFX_generic_w_box,interface/countrydiplomacyview.gui:1370; interface/countrydiplomacyview.gui:1836; interface/countrydiplomacyview.gui:1370; interface/countrydiplomacyview.gui:1836,Legacy holder replaced with newly drawn smooth surfaces and simple borders.,False
gfx/interface/generic_w_box_125.dds,new_geometry,neutral,inherited_reference,True,125x27,RGB32,7,1,Original alpha retained,None / None,interface/general_stuff.gfx:109 GFX_generic_w_box_125,,Legacy holder replaced with newly drawn smooth surfaces and simple borders.,False
gfx/interface/generic_w_box_small.dds,new_geometry,neutral,inherited_reference,True,85x27,RGB32,0,1,Original alpha retained,None / None,interface/general_stuff.gfx:99 GFX_generic_w_box_small,,Legacy holder replaced with newly drawn smooth surfaces and simple borders.,False
gfx/interface/generic_w_box_smallest.dds,new_geometry,neutral,inherited_reference,True,71x27,RGB32,0,1,Original alpha retained,None / None,interface/general_stuff.gfx:94 GFX_generic_w_box_smallest,,Legacy holder replaced with newly drawn smooth surfaces and simple borders.,False
gfx/interface/government_button.dds,new_geometry,neutral,byte_identical_reference,True,172x35,RGB32,8,1,Original alpha retained,"None / ""gfx/FX/buttonstate.lua""",interface/core.gfx:529 GFX_government_button,interface/countrypoliticsview.gui:616; interface/countrypoliticsview.gui:637; interface/countrypoliticsview.gui:664; interface/countrytechtreeview.gui:3980,Legacy holder replaced with newly drawn smooth surfaces and simple borders.,False
gfx/interface/government_in_exile/government_in_exile_entry_bg.dds,new_geometry,neutral,inherited_reference,True,506x96,RGB32,9,1,Original alpha retained,None / None,interface/countrypoliticsview.gfx:15 GFX_government_in_exile_entry_bg,interface/countrypoliticsview.gui:1474,Legacy holder replaced with newly drawn smooth surfaces and simple borders.,False
gfx/interface/government_in_exile/government_in_exile_progressbar_bg.dds,new_geometry,neutral,inherited_reference,True,233x60,RGB32,0,1,Original alpha retained,None / None,interface/countrypoliticsview.gfx:20 GFX_government_in_exile_progressbar_bg,interface/countrypoliticsview.gui:1570,Legacy holder replaced with newly drawn smooth surfaces and simple borders.,False
gfx/interface/government_in_exile/legitimacy_progress_bar_long_bg.dds,new_geometry,neutral,inherited_reference,True,181x16,RGB32,1,1,Original alpha retained,"None / ""gfx/FX/progress.lua""",interface/countrypoliticsview.gfx:43 GFX_exile_legitimacy_progressbar_long,interface/countrypoliticsview.gui:1577,Legacy holder replaced with newly drawn smooth surfaces and simple borders.,False
gfx/interface/group_div_count_bg.dds,new_geometry,neutral,inherited_reference,True,92x39,RGB32,0,1,New rounded rectangular surface; opaque text area retained; decorative alpha silhouette removed.,None / None,interface/unitview.gfx:270 GFX_group_div_count_bg,interface/unitview.gui:409,Legacy holder replaced with newly drawn smooth surfaces and simple borders.,False
gfx/interface/group_name_bg.dds,new_geometry,neutral,inherited_reference,True,266x25,RGB32,0,1,Original alpha retained,"None / ""gfx/FX/buttonstate_nodowneffect.lua""",interface/unitleaderwindow.gfx:593 GFX_group_name_bg,interface/countryintelligenceagencyview.gui:800,Legacy holder replaced with newly drawn smooth surfaces and simple borders.,False
gfx/interface/guimore/tiled_bg_1_scrollbar.dds,new_geometry,neutral,renamed_or_moved_identical_reference,False,192x192,RGB32,0,1,Original alpha retained,,,,Legacy holder replaced with newly drawn smooth surfaces and simple borders.,False
gfx/interface/header_bg.dds,preserve_custom_reference,neutral,same_path_different_image,False,543x41,RGB32,1,1,Original alpha retained,"{ x=61 y=21} / ""gfx/FX/buttonstate_nodowneffect.lua""; None / None",interface/countrytechtreeview.gfx:316 GFX_tiled_header; interface/general_stuff.gfx:174 GFX_header_bg,interface/countryarmyview.gui:161; interface/countryconstructionsview.gui:30; interface/countrydecisionview.gui:22; interface/countrydeploymentview.gui:22; interface/countrydiplomacyview.gui:748; interface/countryintelligenceagencyview.gui:22; interface/countrylogisticsview.gui:22; interface/countryoccupationview.gui:27; interface/countryofficercorpview.gui:368; interface/countrypoliticsview.gui:22; interface/countrypoliticsview.gui:1173; interface/countrypoliticsview.gui:1358; interface/countrypoliticsview.gui:1693; interface/countryproductionlineview.gui:29; interface/countrytechnologyview.gui:65,"Existing modern mod outlier: retain its original surface, colors, layout and artwork.",False
gfx/interface/idea_entry_bg_2.dds,new_geometry,neutral,inherited_reference,True,462x74,RGB32,0,2,Original alpha retained,None / None,interface/countrypoliticsview.gfx:420 GFX_idea_entry_bg_2,interface/countryofficercorpview.gui:2373; interface/countrypoliticsview.gui:927,Legacy holder replaced with newly drawn smooth surfaces and simple borders.,False
gfx/interface/idea_entry_bg_3.dds,new_geometry,neutral,inherited_reference,True,924x75,RGB32,0,2,Original alpha retained,None / None,interface/countrypoliticsview.gfx:426 GFX_idea_entry_bg_3,interface/countrypoliticsview.gui:1009,Legacy holder replaced with newly drawn smooth surfaces and simple borders.,False
gfx/interface/idea_group_header.dds,new_geometry,neutral,inherited_reference,True,462x55,RGB32,0,1,Original alpha retained,None / None,interface/countrypoliticsview.gfx:369 GFX_idea_group_header,interface/countrypoliticsview.gui:840,Legacy holder replaced with newly drawn smooth surfaces and simple borders.,False
gfx/interface/intel_ledger/tab.dds,preserve_custom_reference,neutral,same_path_different_image,False,520x42,RGB32,1,2,Original alpha retained,None / None,interface/countryintelledger.gfx:38 GFX_tab_intel_ledger,interface/countrydiplomacyview.gui:202; interface/countrydiplomacyview.gui:210,"Existing modern mod outlier: retain its original surface, colors, layout and artwork.",False
gfx/interface/intel_ledger/tab_bg.dds,new_geometry,neutral,inherited_reference,True,520x40,RGB32,0,1,Original alpha retained,None / None,interface/countryintelledger.gfx:34 GFX_tab_diplomacy_bg,interface/countrydiplomacyview.gui:195,Legacy holder replaced with newly drawn smooth surfaces and simple borders.,False
gfx/interface/intel_tab_large.dds,new_geometry,neutral,renamed_or_moved_identical_reference,False,516x42,RGB32,0,1,Original alpha retained,,,,Legacy holder replaced with newly drawn smooth surfaces and simple borders.,False
gfx/interface/large_flag_frame.dds,new_geometry,neutral,inherited_reference,True,92x58,RGB32,0,1,Original alpha retained,None / None,interface/general_stuff.gfx:312 GFX_large_flag_frame,interface/countrypoliticsview.gui:1223; interface/countrypoliticsview.gui:1407; interface/countrypoliticsview.gui:1486; interface/countrypoliticsview.gui:1776; interface/countrytradeview.gui:345; interface/frontendgamesetupview.gui:2069,Legacy holder replaced with newly drawn smooth surfaces and simple borders.,False
gfx/interface/leader_selection_bg.dds,new_geometry,neutral,inherited_reference,True,550x607,RGB32,0,1,Original alpha retained,"None / ""gfx/FX/buttonstate_nodowneffect.lua""",interface/unitleaderwindow.gfx:567 GFX_leader_selection_bg,interface/unitleaderwindow.gui:21; interface/unitleaderwindow.gui:544; interface/unitleaderwindow.gui:1045; interface/unitleaderwindow.gui:1317; interface/unitleaderwindow.gui:1640,Legacy holder replaced with newly drawn smooth surfaces and simple borders.,False
gfx/interface/leader_selection_entry_bg.dds,new_geometry,paper,inherited_reference,True,510x98,RGB32,0,1,Original alpha retained,None / None,interface/unitleaderwindow.gfx:524 GFX_leader_selection_entry_bg,interface/unitleaderwindow.gui:217; interface/unitleaderwindow.gui:1464,Legacy holder replaced with newly drawn smooth surfaces and simple borders.,False
gfx/interface/lend_lease_equip_header.dds,new_geometry,neutral,inherited_reference,True,369x35,RGB32,0,1,Original alpha retained,None / None,interface/countrydiplomacyview.gfx:281 GFX_lend_lease_equip_header,interface/countrydiplomacyview.gui:3895; interface/countrydiplomacyview.gui:3988,Legacy holder replaced with newly drawn smooth surfaces and simple borders.,False
gfx/interface/lendlease_big_bg.dds,new_geometry,neutral,inherited_reference,True,486x71,RGB32,0,1,Original alpha retained,"None / ""gfx/FX/buttonstate.lua""",interface/countrydiplomacyview.gfx:186 GFX_lendlease_big_bg,interface/countrydiplomacyview.gui:4041; interface/countrydiplomacyview.gui:4313,Legacy holder replaced with newly drawn smooth surfaces and simple borders.,False
gfx/interface/lendlease_small_bg.dds,new_geometry,neutral,inherited_reference,True,1008x71,RGB32,0,3,Original alpha retained,None / None,interface/countrydiplomacyview.gfx:210 GFX_lendlease_small_bg,interface/countrydiplomacyview.gui:4199; interface/countrydiplomacyview.gui:4461,Legacy holder replaced with newly drawn smooth surfaces and simple borders.,False
gfx/interface/linechart_frame.dds,new_geometry,neutral,inherited_reference,True,235x162,RGB32,0,1,Original alpha retained,None / None,interface/countrylogisticsview.gfx:3 GFX_linechart_frame,interface/countrylogisticsview.gui:693; interface/countrylogisticsview.gui:949,Legacy holder replaced with newly drawn smooth surfaces and simple borders.,False
gfx/interface/lobby_lower_right_sidepanel_bg.dds,new_geometry,slate,inherited_reference,True,598x250,RGB32,0,1,Original alpha retained,"None / ""gfx/FX/buttonstate_nodowneffect.lua""",interface/frontendgamesetupview.gfx:221 GFX_lobby_lower_right_sidepanel_bg,interface/frontendgamesetupview.gui:1691,Legacy holder replaced with newly drawn smooth surfaces and simple borders.,False
gfx/interface/lobby_right_sidepanel_bg.dds,new_geometry,slate,inherited_reference,True,492x301,RGB32,0,1,Original alpha retained,None / None,interface/frontendgamesetupview.gfx:227 GFX_lobby_right_sidepanel_bg,interface/frontendgamesetupview.gui:918,Legacy holder replaced with newly drawn smooth surfaces and simple borders.,False
gfx/interface/logistics_air_equipment_entry_bg.dds,new_geometry,neutral,inherited_reference,True,510x57,RGB32,0,1,Original alpha retained,None / None,interface/countrylogisticsview.gfx:85 GFX_logistics_air_equipment_entry_bg,interface/countrylogisticsview.gui:1265,Legacy holder replaced with newly drawn smooth surfaces and simple borders.,False
gfx/interface/logistics_entry_bg.dds,new_geometry,neutral,inherited_reference,True,567x35,RGB32,10,1,Original alpha retained,None / None,interface/countrylogisticsview.gfx:95 GFX_logistics_entry_bg,interface/countrylogisticsview.gui:1366; interface/countrylogisticsview.gui:1428,Legacy holder replaced with newly drawn smooth surfaces and simple borders.,False
gfx/interface/logistics_equipment_entry_bg.dds,new_geometry,neutral,inherited_reference,True,510x57,RGB32,0,1,Original alpha retained,None / None,interface/countrylogisticsview.gfx:90 GFX_logistics_equipment_entry_bg,interface/countrylogisticsview.gui:1061,Legacy holder replaced with newly drawn smooth surfaces and simple borders.,False
gfx/interface/logistics_naval_equipment_entry_bg.dds,new_geometry,neutral,inherited_reference,True,510x57,RGB32,0,1,Original alpha retained,None / None,interface/countrylogisticsview.gfx:80 GFX_logistics_naval_equipment_entry_bg,interface/countrylogisticsview.gui:1163,Legacy holder replaced with newly drawn smooth surfaces and simple borders.,False
gfx/interface/logistics_other_entry_bg.dds,new_geometry,neutral,inherited_reference,True,511x45,RGB32,0,1,Original alpha retained,None / None,interface/countrylogisticsview.gfx:75 GFX_logistics_other_entry_bg,interface/countrylogisticsview.gui:1397,Legacy holder replaced with newly drawn smooth surfaces and simple borders.,False
gfx/interface/logistics_status_fuel_bar_bg.dds,new_geometry,neutral,inherited_reference,True,100x14,RGB32,0,1,Original alpha retained,"None / ""gfx/FX/progress_startend.lua""",interface/countrylogisticsview.gfx:65 GFX_logistics_fuelbar,interface/countrylogisticsview.gui:287; interface/countrylogisticsview.gui:353; interface/countrylogisticsview.gui:420; interface/countrylogisticsview.gui:467; interface/countrylogisticsview.gui:522; interface/countrylogisticsview.gui:561,Legacy holder replaced with newly drawn smooth surfaces and simple borders.,False
gfx/interface/logistics_status_progressbar_bg.dds,new_geometry,neutral,inherited_reference,True,87x14,RGB32,0,1,Original alpha retained,"None / ""gfx/FX/progress_startend.lua""",interface/countrylogisticsview.gfx:55 GFX_logistics_progressbar,interface/countrylogisticsview.gui:1095; interface/countrylogisticsview.gui:1196; interface/countrylogisticsview.gui:1298,Legacy holder replaced with newly drawn smooth surfaces and simple borders.,False
gfx/interface/main_lobby_button.dds,preserve_custom_reference,slate,same_path_different_image,False,864x36,RGB32,1,3,Original alpha retained,"None / ""gfx/FX/buttonstate_onlydisable.lua""; None / ""gfx/FX/buttonstate_onlydisable.lua""",interface/frontendmainview.gfx:4 GFX_main_lobby_button; interface/peaceconferencewindow.gfx:136 GFX_conference_country_bidding_header,,"Existing modern mod outlier: retain its original surface, colors, layout and artwork.",False
gfx/interface/main_lobby_divider.dds,preserve_custom_reference,slate,same_path_different_image,False,312x15,RGB32,1,1,Original alpha retained,None / None,interface/frontendmainview.gfx:31 GFX_main_lobby_divider,,"Existing modern mod outlier: retain its original surface, colors, layout and artwork.",False
gfx/interface/menu_top_bg.dds,new_geometry,neutral,inherited_reference,True,394x104,RGB32,0,1,Original alpha retained,"None / ""gfx/FX/buttonstate_nodowneffect.lua""",interface/frontendgamesetupview.gfx:259 GFX_menu_top_bg_bg,interface/frontendgamesetupview.gui:1934,Legacy holder replaced with newly drawn smooth surfaces and simple borders.,False
gfx/interface/military_deployment_add_line_bg.dds,new_geometry,neutral,inherited_reference,True,518x40,RGB32,0,1,Original alpha retained,"None / ""gfx/FX/buttonstate_nodowneffect.lua""",interface/countrydeploymentview.gfx:180 GFX_military_deployment_end_line_view_bg,interface/countrydeploymentview.gui:682,Legacy holder replaced with newly drawn smooth surfaces and simple borders.,False
gfx/interface/military_deployment_conveyor_bg.dds,new_geometry,neutral,inherited_reference,True,490x84,RGB32,0,1,Original alpha retained,"None / ""gfx/FX/buttonstate_nodowneffect.lua""",interface/countrydeploymentview.gfx:224 GFX_military_deployment_conveyor_view_bg,interface/countrydeploymentview.gui:907,Legacy holder replaced with newly drawn smooth surfaces and simple borders.,False
gfx/interface/military_deployment_line_bg.dds,new_geometry,neutral,inherited_reference,True,514x40,RGB32,0,1,Original alpha retained,"None / ""gfx/FX/buttonstate_nodowneffect.lua""",interface/countrydeploymentview.gfx:200 GFX_military_deployment_line_view_bg,interface/countrydeploymentview.gui:755,Legacy holder replaced with newly drawn smooth surfaces and simple borders.,False
gfx/interface/minor_portrait_overlay.dds,preserve_utility,neutral,same_path_different_image,False,126x166,RGB32,1,1,Original alpha retained,None / None,interface/frontendgamesetupview.gfx:11 GFX_minor_portrait_overlay,interface/frontendgamesetupview.gui:681,Entire source alpha channel is zero; preserve the invisible helper exactly.,False
gfx/interface/modifiers/MODIFIER_bg.dds,new_geometry,neutral,inherited_reference,True,74x32,RGB32,0,1,Original alpha retained,None / None,interface/countryarmyview.gfx:30 GFX_modifier_bg,interface/countryarmyview.gui:121,Legacy holder replaced with newly drawn smooth surfaces and simple borders.,False
gfx/interface/naval_leader_selection_entry_bg.dds,new_geometry,paper,inherited_reference,True,510x98,RGB32,0,1,Original alpha retained,None / None,interface/unitleaderwindow.gfx:551 GFX_naval_leader_selection_entry_bg,interface/unitleaderwindow.gui:734; interface/unitleaderwindow.gui:1158,Legacy holder replaced with newly drawn smooth surfaces and simple borders.,False
gfx/interface/naval_unit_stats_bg.dds,new_geometry,paper,inherited_reference,True,856x409,RGB32,0,1,Original alpha retained,"None / ""gfx/FX/buttonstate_nodowneffect.lua""",interface/unitview.gfx:721 GFX_naval_unit_stats_bg,interface/unitview.gui:2595,Legacy holder replaced with newly drawn smooth surfaces and simple borders.,False
gfx/interface/occupation/collaboration_bar_large_bg.dds,new_geometry,neutral,inherited_reference,True,178x31,RGB32,0,1,Original alpha retained,None / None,interface/countryoccupationview.gfx:122 GFX_collaboration_bar_large_bg,interface/countrypoliticsview.gui:1446,Legacy holder replaced with newly drawn smooth surfaces and simple borders.,False
gfx/interface/occupation/collaboration_entry_bg.dds,new_geometry,neutral,inherited_reference,True,506x65,RGB32,0,1,Original alpha retained,None / None,interface/countryoccupationview.gfx:29 GFX_collaboration_entry_bg,interface/countrypoliticsview.gui:1395,Legacy holder replaced with newly drawn smooth surfaces and simple borders.,False
gfx/interface/occupation/compliance_bar_large_bg.dds,new_geometry,neutral,inherited_reference,True,200x31,RGB32,0,1,Original alpha retained,None / None,interface/countryoccupationview.gfx:76 GFX_occupation_large_compliance_bar_bg,interface/countryoccupationview.gui:783,Legacy holder replaced with newly drawn smooth surfaces and simple borders.,False
gfx/interface/occupation/compliance_bar_state_bg.dds,new_geometry,neutral,inherited_reference,True,87x19,RGB32,0,1,Original alpha retained,None / None,interface/countryoccupationview.gfx:152 GFX_occupation_state_compliance_bar_bg,interface/countrystateview.gui:698,Legacy holder replaced with newly drawn smooth surfaces and simple borders.,False
gfx/interface/occupation/compliance_bar_tiny_bg.dds,new_geometry,neutral,inherited_reference,True,65x19,RGB32,0,1,Original alpha retained,None / None,interface/countryoccupationview.gfx:192 GFX_occupation_tiny_compliance_bar_bg,interface/countryoccupationview.gui:862,Legacy holder replaced with newly drawn smooth surfaces and simple borders.,False
gfx/interface/occupation/modifier_icon_bg.dds,new_geometry,neutral,inherited_reference,True,65x23,RGB32,7,3,Original alpha retained,None / None,interface/countryoccupationview.gfx:202 GFX_occupation_modifier_bg,interface/countryoccupationview.gui:890,Legacy holder replaced with newly drawn smooth surfaces and simple borders.,False
gfx/interface/occupation/occupation_country_entry_bg_bottom.dds,new_geometry,neutral,inherited_reference,True,519x35,RGB32,0,1,Original alpha retained,None / None,interface/countryoccupationview.gfx:45 GFX_occupation_country_entry_bg_bottom,interface/countryoccupationview.gui:362,Legacy holder replaced with newly drawn smooth surfaces and simple borders.,False
gfx/interface/occupation/occupation_country_entry_bg_mid.dds,new_geometry,neutral,inherited_reference,True,519x51,RGB32,0,1,Original alpha retained,"{ x=32 y=2 } / ""gfx/FX/buttonstate_nodowneffect.lua""",interface/countryoccupationview.gfx:19 GFX_occupation_country_entry_bg_mid,interface/countryoccupationview.gui:353,Legacy holder replaced with newly drawn smooth surfaces and simple borders.,False
gfx/interface/occupation/occupation_country_entry_bg_top.dds,new_geometry,neutral,inherited_reference,True,519x121,RGB32,0,1,Original alpha retained,None / None,interface/countryoccupationview.gfx:9 GFX_occupation_country_entry_bg_top,interface/countryoccupationview.gui:369,Legacy holder replaced with newly drawn smooth surfaces and simple borders.,False
gfx/interface/occupation/occupation_country_entry_bg_top_locked.dds,new_geometry,neutral,inherited_reference,True,519x121,RGB32,0,1,Original alpha retained,None / None,interface/countryoccupationview.gfx:14 GFX_occupation_country_entry_bg_top_locked,interface/countryoccupationview.gui:376,Legacy holder replaced with newly drawn smooth surfaces and simple borders.,False
gfx/interface/occupation/occupation_garrison_select_entry_bg.dds,new_geometry,neutral,inherited_reference,True,1512x45,DXT1,1,3,Original alpha retained,None / None,interface/countryoccupationview.gfx:161 GFX_occupation_select_garrison_entry_bg,interface/countryoccupationview.gui:996; interface/countryoccupationview.gui:1083,Legacy holder replaced with newly drawn smooth surfaces and simple borders.,False
gfx/interface/occupation/occupation_header_bg.dds,new_geometry,neutral,inherited_reference,True,521x65,RGB32,0,1,Original alpha retained,None / None,interface/countryoccupationview.gfx:4 GFX_occupation_header_bg,interface/countryoccupationview.gui:86,Legacy holder replaced with newly drawn smooth surfaces and simple borders.,False
gfx/interface/occupation/occupation_state_entry_bg.dds,new_geometry,neutral,inherited_reference,True,508x63,RGB32,0,1,Original alpha retained,None / None,interface/countryoccupationview.gfx:34 GFX_occupation_state_entry_bg,interface/countryoccupationview.gui:606,Legacy holder replaced with newly drawn smooth surfaces and simple borders.,False
gfx/interface/occupation/occupation_state_entry_bg_no_resistance.dds,new_geometry,neutral,inherited_reference,True,508x31,RGB32,0,1,Original alpha retained,None / None,interface/countryoccupationview.gfx:39 GFX_occupation_state_entry_bg_no_resistance,interface/countryoccupationview.gui:702,Legacy holder replaced with newly drawn smooth surfaces and simple borders.,False
gfx/interface/occupation/resistance_bar_large_bg.dds,new_geometry,neutral,inherited_reference,True,200x31,RGB32,0,1,Original alpha retained,None / None,interface/countryoccupationview.gfx:81 GFX_occupation_large_resistance_bar_bg,interface/countryoccupationview.gui:746,Legacy holder replaced with newly drawn smooth surfaces and simple borders.,False
gfx/interface/occupation/resistance_bar_medium_bg.dds,new_geometry,neutral,inherited_reference,True,110x19,RGB32,0,1,Original alpha retained,None / None,interface/countryoccupationview.gfx:197 GFX_occupation_medium_resistance_bar_bg,interface/countryoccupationview.gui:812,Legacy holder replaced with newly drawn smooth surfaces and simple borders.,False
gfx/interface/occupation/resistance_bar_state_bg.dds,new_geometry,neutral,inherited_reference,True,87x19,RGB32,0,1,Original alpha retained,None / None,interface/countryoccupationview.gfx:156 GFX_occupation_state_resistance_bar_bg,interface/countrystateview.gui:726,Legacy holder replaced with newly drawn smooth surfaces and simple borders.,False
gfx/interface/occupation/select_law_header_bg.dds,new_geometry,neutral,inherited_reference,True,529x40,DXT1,1,1,Original alpha retained,None / None,interface/countryoccupationview.gfx:87 GFX_occupation_select_law_header,interface/countryoccupationview.gui:920,Legacy holder replaced with newly drawn smooth surfaces and simple borders.,False
gfx/interface/officer_corp/officer_corp_bg_air.dds,new_geometry,neutral,inherited_reference,True,516x242,RGB32,0,1,Original alpha retained,"{ x=6 y=6 } / ""gfx/FX/buttonstate_nodowneffect.lua""; None / None",interface/countryofficercorpview.gfx:40 GFX_air_tiled_marble_bg; interface/countryofficercorpview.gfx:218 GFX_officer_corp_bg_air,interface/countryofficercorpview.gui:878,Legacy holder replaced with newly drawn smooth surfaces and simple borders.,False
gfx/interface/officer_corp/officer_corp_bg_army.dds,new_geometry,neutral,inherited_reference,True,516x242,RGB32,0,1,Original alpha retained,"{ x=6 y=6 } / ""gfx/FX/buttonstate_nodowneffect.lua""; None / None",interface/countryofficercorpview.gfx:22 GFX_army_tiled_marble_bg; interface/countryofficercorpview.gfx:213 GFX_officer_corp_bg_army,interface/countryofficercorpview.gui:616; interface/countryofficercorpview.gui:986,Legacy holder replaced with newly drawn smooth surfaces and simple borders.,False
gfx/interface/officer_corp/officer_corp_bg_navy.dds,new_geometry,neutral,inherited_reference,True,516x242,RGB32,0,1,Original alpha retained,"{ x=6 y=6 } / ""gfx/FX/buttonstate_nodowneffect.lua""; None / None",interface/countryofficercorpview.gfx:31 GFX_navy_tiled_marble_bg; interface/countryofficercorpview.gfx:208 GFX_officer_corp_bg_navy,interface/countryofficercorpview.gui:747,Legacy holder replaced with newly drawn smooth surfaces and simple borders.,False
gfx/interface/officer_corp/officer_corp_spirit_bg_enabled.dds,new_geometry,paper,inherited_reference,True,168x70,RGB32,0,1,Original alpha retained,None / None,interface/countryofficercorpview.gfx:267 GFX_officer_corp_spirit_bg_enabled,interface/countryofficercorpview.gui:1145; interface/countryofficercorpview.gui:1187; interface/countryofficercorpview.gui:1229; interface/countryofficercorpview.gui:1271; interface/countryofficercorpview.gui:1313; interface/countryofficercorpview.gui:1355; interface/countryofficercorpview.gui:1397; interface/countryofficercorpview.gui:1439; interface/countryofficercorpview.gui:1481,Legacy holder replaced with newly drawn smooth surfaces and simple borders.,False
gfx/interface/officer_corp/spirit_entry_bg_strip.dds,new_geometry,neutral,inherited_reference,True,965x83,RGB32,1,4,Original alpha retained,None / None,interface/countryofficercorpview.gfx:332 GFX_spirit_entry_bg_strip,interface/countryofficercorpview.gui:1639; interface/countryofficercorpview.gui:1720; interface/countryofficercorpview.gui:1801; interface/countryofficercorpview.gui:1882; interface/countryofficercorpview.gui:1963; interface/countryofficercorpview.gui:2044; interface/countryofficercorpview.gui:2125; interface/countryofficercorpview.gui:2206; interface/countryofficercorpview.gui:2287,Legacy holder replaced with newly drawn smooth surfaces and simple borders.,False
gfx/interface/operatives/agencies/agency_logo_bg.dds,new_geometry,neutral,inherited_reference,True,90x93,RGB32,0,1,Original alpha retained,None / None,interface/countryintelligenceagencyview.gfx:276 GFX_intelligence_agency_logo_bg,interface/countryintelligenceagencyview.gui:66,Legacy holder replaced with newly drawn smooth surfaces and simple borders.,False
gfx/interface/operatives/agency_header.dds,new_geometry,neutral,inherited_reference,True,530x42,RGB32,0,1,Original alpha retained,None / None,interface/countryintelligenceagencyview.gfx:116 GFX_intel_header_bg,interface/countryintelligenceagencyview.gui:255; interface/countryintelligenceagencyview.gui:310,Legacy holder replaced with newly drawn smooth surfaces and simple borders.,False
gfx/interface/operatives/agency_upgrades_popup_bg.dds,new_geometry,neutral,inherited_reference,True,1092x91,RGB32,0,1,Original alpha retained,"None / ""gfx/FX/buttonstate_nodowneffect.lua""",interface/countryintelligenceagencyview.gfx:17 GFX_agency_branch_upgrades_popup_bg,interface/countryintelligenceagencyview.gui:885,Legacy holder replaced with newly drawn smooth surfaces and simple borders.,False
gfx/interface/operatives/create agency_bg.dds,new_geometry,neutral,inherited_reference,True,508x99,RGB32,0,1,Original alpha retained,None / None,interface/countryintelligenceagencyview.gfx:130 GFX_create_agency_bg,interface/countryintelligenceagencyview.gui:181,Legacy holder replaced with newly drawn smooth surfaces and simple borders.,False
gfx/interface/operatives/operatives_bg.dds,new_geometry,neutral,inherited_reference,True,522x76,RGB32,0,1,Original alpha retained,None / None,interface/countryintelligenceagencyview.gfx:121 GFX_operatives_bg,interface/countryintelligenceagencyview.gui:324,Legacy holder replaced with newly drawn smooth surfaces and simple borders.,False
gfx/interface/operatives/upgrade_background.dds,new_geometry,paper,inherited_reference,True,99x80,RGB32,0,1,Original alpha retained,None / None,interface/countryintelligenceagencyview.gfx:7 GFX_agency_branch_upgrade_button,interface/countryintelligenceagencyview.gui:699,Legacy holder replaced with newly drawn smooth surfaces and simple borders.,False
gfx/interface/operatives/upgrade_frame_1_unavailable.dds,new_geometry,neutral,inherited_reference,True,139x74,RGB32,0,1,Original alpha retained,None / None; None / None,interface/countryintelligenceagencyview.gfx:660 GFX_upgrade_frame_1_unavailable; interface/countryintelligenceagencyview.gfx:669 GFX_upgrade_frame_1_current,interface/countryintelligenceagencyview.gui:1023,Legacy holder replaced with newly drawn smooth surfaces and simple borders.,False
gfx/interface/opinion_bg.dds,new_geometry,neutral,inherited_reference,True,36x29,RGB32,0,1,Original alpha retained,None / None,interface/countrydiplomacyview.gfx:344 GFX_opinion_bg,interface/countrydiplomacyview.gui:3768; interface/countrydiplomacyview.gui:3774,Legacy holder replaced with newly drawn smooth surfaces and simple borders.,False
gfx/interface/pol_goal_bg.dds,preserve_custom_reference,neutral,same_path_different_image,False,365x90,RGB32,1,1,Original alpha retained,"None / ""gfx/FX/buttonstate_nodowneffect.lua""",interface/countrypoliticsview.gfx:566 GFX_pol_goal_bg,interface/countrypoliticsview.gui:391,"Existing modern mod outlier: retain its original surface, colors, layout and artwork.",False
gfx/interface/pol_goal_progress_frame.dds,new_geometry,neutral,inherited_reference,True,239x8,RGB32,0,1,Original alpha retained,None / None,interface/countrypoliticsview.gfx:631 GFX_pol_goal_progress_frame,interface/countrydiplomacyview.gui:343; interface/countrypoliticsview.gui:483,Legacy holder replaced with newly drawn smooth surfaces and simple borders.,False
gfx/interface/pol_leader_frame.dds,preserve_custom_reference,neutral,same_path_different_image,False,190x270,RGB32,1,1,Original alpha retained,None / None; None / None,interface/countrypoliticsview.gfx:556 GFX_pol_leader_frame; interface/dual_leader.gfx:7 GFX_diplo_leader_frame_2,interface/countrypoliticsview.gui:541; interface/dual_leader.gui:28,"Existing modern mod outlier: retain its original surface, colors, layout and artwork.",False
gfx/interface/pol_view_bg.dds,preserve_custom_reference,neutral,same_path_different_image,False,557x463,RGB32,1,1,Original alpha retained,None / None,interface/countrypoliticsview.gfx:578 GFX_pol_view_bg,interface/countrypoliticsview.gui:41,"Existing modern mod outlier: retain its original surface, colors, layout and artwork.",False
gfx/interface/portrait_bg_blank.dds,preserve_utility,neutral,new_procedural_helper,False,156x210,RGB32,0,1,Original alpha retained,None / None,interface/dual_leader.gfx:3 GFX_portrait_bg_blank,interface/dual_leader.gui:22,Entire source alpha channel is zero; preserve the invisible helper exactly.,False
gfx/interface/prod_progress_bar2_bg.dds,new_geometry,neutral,inherited_reference,True,118x21,RGB32,0,1,Original alpha retained,"None / ""gfx/FX/progress_startend.lua""; None / ""gfx/FX/progress_startend.lua""; None / ""gfx/FX/progress_startend.lua""; None / ""gfx/FX/progress_startend.lua""",interface/countryproductionlineview.gfx:512 GFX_prod_progress_bar2_red; interface/countryproductionlineview.gfx:522 GFX_prod_progress_bar2_yellow; interface/countryproductionlineview.gfx:532 GFX_prod_progress_bar2; interface/countrytechtreeview.gfx:8 GFX_techtree_details_progress_bar,interface/countryproductionlineview.gui:1600; interface/countryproductionlineview.gui:1944; interface/countryproductionlineview.gui:2585; interface/countryproductionlineview.gui:2924; interface/countryproductionlineview.gui:3220; interface/countryproductionlineview.gui:3539; interface/countryproductionlineview.gui:3822; interface/countryproductionlineview.gui:4029; interface/countryintelligenceagencyview.gui:386; interface/countryintelligenceagencyview.gui:436,Legacy holder replaced with newly drawn smooth surfaces and simple borders.,False
gfx/interface/prod_progress_bar3_bg.dds,new_geometry,neutral,inherited_reference,True,166x21,RGB32,0,1,Original alpha retained,"None / ""gfx/FX/progress_startend.lua""",interface/countryproductionlineview.gfx:502 GFX_prod_progress_bar3,interface/countrytechtreeview.gui:4006; interface/nationalfocusview.gui:787,Legacy holder replaced with newly drawn smooth surfaces and simple borders.,False
gfx/interface/production_progressbar_frame2.dds,new_geometry,neutral,inherited_reference,True,175x30,RGB32,0,1,Original alpha retained,None / None,interface/countryproductionlineview.gfx:497 GFX_production_progressbar_frame2,interface/countrytechtreeview.gui:4012; interface/nationalfocusview.gui:793,Legacy holder replaced with newly drawn smooth surfaces and simple borders.,False
gfx/interface/request_expeditionaries_total_bg.dds,new_geometry,neutral,inherited_reference,True,388x53,RGB32,9,1,Original alpha retained,None / None,interface/unitview.gfx:58 GFX_new_expedionary_forces_total_units_bg,interface/unitview.gui:1228,Legacy holder replaced with newly drawn smooth surfaces and simple borders.,False
gfx/interface/request_lendlease_big_bg.dds,new_geometry,neutral,inherited_reference,True,486x71,RGB32,0,1,Original alpha retained,"None / ""gfx/FX/buttonstate.lua""",interface/countrydiplomacyview.gfx:174 GFX_request_lendlease_big_bg,interface/countrydiplomacyview.gui:4401,Legacy holder replaced with newly drawn smooth surfaces and simple borders.,False
gfx/interface/research_line_bg.dds,preserve_custom_reference,neutral,same_path_different_image,False,508x99,RGB32,1,1,Original alpha retained,None / None,interface/countrytechnologyview.gfx:199 GFX_research_line_bg,interface/countrytechnologyview.gui:272,"Existing modern mod outlier: retain its original surface, colors, layout and artwork.",False
gfx/interface/research_progressbar_frame.dds,new_geometry,neutral,inherited_reference,True,383x10,RGB32,0,1,Original alpha retained,None / None,interface/countrytechnologyview.gfx:184 GFX_research_progressbar_frame,interface/countryintelligenceagencyview.gui:209; interface/countrytechnologyview.gui:352,Legacy holder replaced with newly drawn smooth surfaces and simple borders.,False
gfx/interface/resource_item_bg.dds,new_geometry,neutral,inherited_reference,True,70x30,RGB32,1,1,Original alpha retained,None / None,interface/general_stuff.gfx:190 resource_item_background,interface/countrylogisticsview.gui:1459; interface/countryproductionlineview.gui:4882,Legacy holder replaced with newly drawn smooth surfaces and simple borders.,False
gfx/interface/scripted_gui_graphics/SOV_UR_ruling_party_gov_gui_background.dds,preserve_custom_reference,neutral,unresolved_origin,False,1452x966,RGB32,1,1,Original alpha retained,,,,"Existing modern mod outlier: retain its original surface, colors, layout and artwork.",False
gfx/interface/scripted_gui_graphics/government_gui_background.dds,preserve_custom_reference,neutral,unresolved_origin,False,1452x966,RGB32,1,1,Original alpha retained,None / None; None / None; None / None,interface/intro_screen.gfx:3 GFX_scripted_gui_window_background; interface/main_menu/main_menu.gfx:3 GFX_scripted_gui_window_background; interface/scripted_gui_template_graphics.gfx:3 GFX_scripted_gui_window_background,interface/intro_screen_template.gui:17; interface/scripted_gui_template.gui:17; interface/intro_screen_template.gui:17; interface/scripted_gui_template.gui:17; interface/intro_screen_template.gui:17; interface/scripted_gui_template.gui:17,"Existing modern mod outlier: retain its original surface, colors, layout and artwork.",False
gfx/interface/scripted_gui_graphics/intro_screen_background.dds,preserve_custom_reference,neutral,unresolved_origin,False,2034x2020,RGB32,1,1,Original alpha retained,None / None,interface/intro_screen.gfx:22 GFX_intro_background,interface/intro_screen_template.gui:66,"Existing modern mod outlier: retain its original surface, colors, layout and artwork.",False
gfx/interface/scripted_gui_graphics/military_gov_gui_background.dds,preserve_custom_reference,neutral,unresolved_origin,False,1452x966,RGB32,1,1,Original alpha retained,,,,"Existing modern mod outlier: retain its original surface, colors, layout and artwork.",False
gfx/interface/scripted_gui_graphics/opposition_gov_gui_background.dds,preserve_custom_reference,neutral,unresolved_origin,False,1452x966,RGB32,1,1,Original alpha retained,,,,"Existing modern mod outlier: retain its original surface, colors, layout and artwork.",False
gfx/interface/scripted_gui_graphics/scripted_gui_background.dds,new_geometry,neutral,unresolved_origin,False,800x600,RGB32,0,1,Original alpha retained,,,,Legacy holder replaced with newly drawn smooth surfaces and simple borders.,False
gfx/interface/scrollbar_horisontal_bg.dds,new_geometry,neutral,byte_identical_reference,True,156x18,RGB32,0,1,Original alpha retained,{ x=52 y=0 } / None,interface/general_stuff.gfx:38 GFX_scrollbar_horisontal_bg,interface/core.gui:372,Legacy holder replaced with newly drawn smooth surfaces and simple borders.,False
gfx/interface/scrollbar_vertical_bg.dds,new_geometry,neutral,byte_identical_reference,True,18x156,RGB32,0,1,Original alpha retained,{ x=0 y=52 } / None,interface/general_stuff.gfx:46 GFX_scrollbar_vertical_bg,interface/core.gui:258; interface/core.gui:328; interface/countryintelligenceagencyview.gui:1438; interface/unitview.gui:253; interface/unitview.gui:1099,Legacy holder replaced with newly drawn smooth surfaces and simple borders.,False
gfx/interface/select_date_bg.dds,preserve_custom_reference,neutral,same_path_different_image,False,779x712,RGB32,1,1,Original alpha retained,"None / ""gfx/FX/buttonstate_nodowneffect.lua""",interface/frontendgamesetupview.gfx:239 GFX_select_date_bg,interface/frontendgamesetupview.gui:504,"Existing modern mod outlier: retain its original surface, colors, layout and artwork.",False
gfx/interface/send_units_entry_bg.dds,new_geometry,neutral,inherited_reference,True,978x38,RGB32,1,2,Original alpha retained,None / None,interface/countrydiplomacyview.gfx:275 GFX_send_units_entry_bg,interface/countrydiplomacyview.gui:4777,Legacy holder replaced with newly drawn smooth surfaces and simple borders.,False
gfx/interface/ship_history_bg.dds,new_geometry,paper,inherited_reference,True,553x207,RGB32,0,1,Original alpha retained,None / None,interface/unitview.gfx:260 GFX_ship_history_bg,interface/unitview.gui:2751; interface/unitview.gui:2773,Legacy holder replaced with newly drawn smooth surfaces and simple borders.,False
gfx/interface/ship_name_list_item_bg.dds,new_geometry,neutral,inherited_reference,True,336x35,RGB32,9,1,Original alpha retained,None / None,interface/countryproductionlineview.gfx:217 GFX_name_list_item_bg,interface/countryproductionlineview.gui:2332; interface/countryproductionlineview.gui:2377,Legacy holder replaced with newly drawn smooth surfaces and simple borders.,False
gfx/interface/slider_bg.dds,new_geometry,neutral,inherited_reference,True,404x42,RGB32,0,1,Original alpha retained,None / None,interface/countrytradeview.gfx:45 GFX_slider_bg,interface/countrydiplomacyview.gui:3235; interface/countrytradeview.gui:472,Legacy holder replaced with newly drawn smooth surfaces and simple borders.,False
gfx/interface/small_pol_piechart_frame.dds,new_geometry,neutral,inherited_reference,True,67x68,RGB32,0,1,Original alpha retained,None / None,interface/countrypoliticsview.gfx:519 GFX_small_pol_piechart_frame,interface/frontendgamesetupview.gui:980,Legacy holder replaced with newly drawn smooth surfaces and simple borders.,False
gfx/interface/small_tiles_dialog.dds,new_geometry,slate,inherited_reference,True,26x26,RGB32,0,1,Original alpha retained,{ x=8 y=8 } / None,interface/core.gfx:374 console_background,,Legacy holder replaced with newly drawn smooth surfaces and simple borders.,False
gfx/interface/sort_button_202x29_3_frames.dds,new_geometry,neutral,inherited_reference,True,606x29,RGB32,0,3,Original alpha retained,None / None,interface/core.gfx:120 GFX_sort_button_202x29_3_frames,interface/countrydiplomacyview.gui:4643; interface/countrydiplomacyview.gui:4666,Legacy holder replaced with newly drawn smooth surfaces and simple borders.,False
gfx/interface/stateview/generic_text_bg_48.dds,new_geometry,neutral,byte_identical_reference,True,50x28,RGB32,0,1,Original alpha retained,None / None,interface/general_stuff.gfx:153 GFX_generic_text_bg_48,interface/countrystateview.gui:527; interface/countrystateview.gui:608,Legacy holder replaced with newly drawn smooth surfaces and simple borders.,False
gfx/interface/stateview/province_landmark_bg.dds,new_geometry,neutral,inherited_reference,True,50x43,RGB32,0,1,Original alpha retained,"None / ""gfx/FX/buttonstate_nodowneffect.lua""",interface/countrystateview.gfx:156 GFX_province_landmark_bg,interface/countrystateview.gui:643,Legacy holder replaced with newly drawn smooth surfaces and simple borders.,False
gfx/interface/stateview/ww_stateview_bg.dds,new_geometry,neutral,inherited_reference,True,463x653,RGB32,0,1,Original alpha retained,"None / ""gfx/FX/buttonstate_nodowneffect.lua""",interface/countrystateview.gfx:126 GFX_ww_stateview_bg,interface/countrystateview.gui:42,Legacy holder replaced with newly drawn smooth surfaces and simple borders.,False
gfx/interface/stats_entry_bg.dds,new_geometry,neutral,inherited_reference,True,224x30,RGB32,0,1,Original alpha retained,None / None,interface/countrytechtreeview.gfx:451 GFX_stats_entry_bg,interface/countrytechtreeview.gui:6167; interface/countrytechtreeview.gui:6310,Legacy holder replaced with newly drawn smooth surfaces and simple borders.,False
gfx/interface/stats_entry_long_bg.dds,new_geometry,neutral,inherited_reference,True,350x20,RGB32,0,1,Original alpha retained,None / None,interface/countrytechtreeview.gfx:456 GFX_stats_entry_long_bg,interface/countrytechtreeview.gui:6266; interface/countrytechtreeview.gui:6393,Legacy holder replaced with newly drawn smooth surfaces and simple borders.,False
gfx/interface/subtech_carrier_plane_bg.dds,new_geometry,neutral,inherited_reference,True,35x31,RGB32,0,1,Original alpha retained,None / None,interface/countrytechtreeview.gfx:387 GFX_subtech_carrier_plane_bg,interface/countrytechtreeview.gui:5036; interface/countrytechtreeview.gui:5237,Legacy holder replaced with newly drawn smooth surfaces and simple borders.,False
gfx/interface/subtechnology_unavailable_item_bg.dds,new_geometry,neutral,inherited_reference,True,40x27,RGB32,0,1,Original alpha retained,None / None; None / None,interface/countrytechtreeview.gfx:397 GFX_subtechnology_unavailable_item_bg; interface/countrytechtreeview.gfx:424 GFX_subtechnology_foreign_unavailable_item_bg,interface/countrytechtreeview.gui:4170; interface/countrytechtreeview.gui:4188; interface/countrytechtreeview.gui:4272; interface/countrytechtreeview.gui:4290; interface/countrytechtreeview.gui:4419; interface/countrytechtreeview.gui:4549; interface/countrytechtreeview.gui:4568; interface/countrytechtreeview.gui:4587; interface/countrytechtreeview.gui:4715; interface/countrytechtreeview.gui:4734; interface/countrytechtreeview.gui:4753; interface/countrytechtreeview.gui:5424; interface/countrytechtreeview.gui:5550,Legacy holder replaced with newly drawn smooth surfaces and simple borders.,False
gfx/interface/subview_header_bg_375x101.dds,new_geometry,neutral,inherited_reference,True,375x101,RGB32,1,1,Original alpha retained,None / None,interface/core.gfx:1801 GFX_subview_header_bg_375x101,interface/countrydeploymentview.gui:111,Legacy holder replaced with newly drawn smooth surfaces and simple borders.,False
gfx/interface/techtree/tech_doctrine_available_item_bg.dds,new_geometry,paper,inherited_reference,True,72x72,RGB32,0,1,Original alpha retained,None / None; None / None; None / None; None / None; None / None; None / None; None / None; None / None; None / None; None / None; None / None; None / None; None / None; None / None; None / None; None / None,interface/countrytechtreeview.gfx:504 GFX_technology_naval_doctrine_folder_available_item_bg; interface/countrytechtreeview.gfx:533 GFX_technology_air_doctrine_folder_available_item_bg; interface/countrytechtreeview.gfx:562 GFX_technology_land_doctrine_folder_available_item_bg; interface/countrytechtreeview.gfx:611 GFX_technology_special_forces_doctrine_folder_available_item_bg; interface/countrytechtreeview.gfx:635 GFX_technology_electronics_folder_available_item_bg; interface/countrytechtreeview.gfx:664 GFX_technology_industry_folder_available_item_bg; interface/countrytechtreeview.gfx:700 GFX_technology_naval_folder_small_available_item_bg; interface/countrytechtreeview.gfx:748 GFX_technology_mtgnavalfolder_small_available_item_bg; interface/countrytechtreeview.gfx:797 GFX_technology_mtgnavalsupportfolder_small_available_item_bg; interface/countrytechtreeview.gfx:846 GFX_technology_special_forces_folder_small_available_item_bg; interface/countrytechtreeview.gfx:869 GFX_technology_infantry_folder_small_available_item_bg; interface/countrytechtreeview.gfx:890 GFX_technology_support_folder_small_available_item_bg; interface/countrytechtreeview.gfx:918 GFX_technology_support_folder_small_foreign_available_item_bg; interface/countrytechtreeview.gfx:1014 GFX_technology_bba_air_techs_folder_small_available_item_bg; interface/countrytechtreeview.gfx:1071 GFX_technology_artillery_folder_small_available_item_bg; interface/countrytechtreeview.gfx:1101 GFX_technology_nsb_armour_folder_small_available_item_bg,interface/countryofficercorpview.gui:1034,Legacy holder replaced with newly drawn smooth surfaces and simple borders.,False
gfx/interface/techtree/tech_info_top_win.dds,preserve_custom_reference,neutral,same_path_different_image,False,548x220,RGB32,1,1,Original alpha retained,"None / ""gfx/FX/buttonstate_nodowneffect.lua""",interface/countrytechtreeview.gfx:468 GFX_tech_info_top_win,interface/countrytechtreeview.gui:3799; interface/countrytechtreeview.gui:3913; interface/nationalfocusview.gui:662; interface/nationalfocusview.gui:829,"Existing modern mod outlier: retain its original surface, colors, layout and artwork.",False
gfx/interface/techtree/technology_unavailable_item_bg.dds,new_geometry,neutral,inherited_reference,True,183x84,RGB32,0,1,Original alpha retained,None / None; None / None; None / None; None / None,interface/countrytechtreeview.gfx:335 GFX_technology_unavailable_item_bg; interface/countrytechtreeview.gfx:940 GFX_technology_support_folder_foreign_unavailable_item_bg; interface/countrytechtreeview.gfx:968 GFX_technology_air_techs_folder_foreign_unavailable_item_bg; interface/countrytechtreeview.gfx:1036 GFX_technology_bba_air_techs_folder_foreign_unavailable_item_bg,interface/countrydoctrinetreeview.gui:418; interface/countrytechtreeview.gui:4065; interface/countrytechtreeview.gui:4113; interface/countrytechtreeview.gui:4215; interface/countrytechtreeview.gui:4317; interface/countrytechtreeview.gui:4365; interface/countrytechtreeview.gui:4446; interface/countrytechtreeview.gui:4494; interface/countrytechtreeview.gui:4614; interface/countrytechtreeview.gui:4660; interface/countrytechtreeview.gui:4779; interface/countrytechtreeview.gui:4825; interface/countrytechtreeview.gui:4871; interface/countrytechtreeview.gui:4933; interface/countrytechtreeview.gui:4980; interface/countrytechtreeview.gui:5062; interface/countrytechtreeview.gui:5136; interface/countrytechtreeview.gui:5182; interface/countrytechtreeview.gui:5264; interface/countrytechtreeview.gui:5324; interface/countrytechtreeview.gui:5371; interface/countrytechtreeview.gui:5450; interface/countrytechtreeview.gui:5497; interface/countrytechtreeview.gui:5576; interface/countrytechtreeview.gui:5624; interface/countrytechtreeview.gui:5649; interface/nationalfocusview.gui:425; interface/nationalfocusview.gui:487,Legacy holder replaced with newly drawn smooth surfaces and simple borders.,False
gfx/interface/techtree/techtree_details_progress_bar_frame.dds,new_geometry,neutral,inherited_reference,True,223x30,RGB32,0,1,Original alpha retained,None / None,interface/countrytechtreeview.gfx:3 GFX_techtree_details_progress_bar_frame,interface/countryintelligenceagencyview.gui:392; interface/countryintelligenceagencyview.gui:442,Legacy holder replaced with newly drawn smooth surfaces and simple borders.,False
gfx/interface/templatestuff.dds,new_geometry,neutral,unresolved_origin,False,800x600,RGB32,0,1,Original alpha retained,,,,Legacy holder replaced with newly drawn smooth surfaces and simple borders.,False
gfx/interface/tiles/black_bg_tile.dds,preserve_utility,neutral,byte_identical_reference,False,10x10,RGB32,0,1,Original alpha retained,"{ x=14 y=14 } / ""gfx/FX/buttonstate_onlydisable.lua""",interface/pops_login.gfx:2 GFX_pops_login_blocker,,Black overlay operand; retain color and alpha.,False
gfx/interface/tiles/dark_area_cut_8.dds,preserve_utility,neutral,byte_identical_reference,False,24x24,RGB32,0,1,Original alpha retained,"{ x=8 y=8 } / ""gfx/FX/buttonstate_onlydisable.lua""",interface/social.gfx:36 GFX_tiles_dark_area_cut_8,,Black cutout overlay; retain color and alpha.,False
gfx/interface/tiles/green_frame_tile.dds,new_geometry,neutral,byte_identical_reference,False,40x40,RGB32,0,1,Original alpha retained,"{ x=15 y=15 } / ""gfx/FX/buttonstate_onlydisable.lua""",interface/social.gfx:29 GFX_empty_green_frame,,Legacy holder replaced with newly drawn smooth surfaces and simple borders.,False
gfx/interface/tiles/marble_tiled_bg.dds,new_geometry,paper,byte_identical_reference,False,190x190,RGB32,1,1,Original alpha retained,,,,Legacy holder replaced with newly drawn smooth surfaces and simple borders.,False
gfx/interface/tiles/marble_tiled_bg_edges.dds,new_geometry,neutral,byte_identical_reference,False,192x192,RGB32,1,1,New four-pixel rectangular frame; original transparent center remains open; decorative alpha ornament removed.,,,,Legacy holder replaced with newly drawn smooth surfaces and simple borders.,False
gfx/interface/tiles/outliner_tile.dds,new_geometry,neutral,byte_identical_reference,False,180x180,RGB32,0,1,Original alpha retained,"{ x=80 y=80 } / ""gfx/FX/buttonstate_onlydisable.lua""",interface/social.gfx:2 GFX_tile_outliner_bg,,Legacy holder replaced with newly drawn smooth surfaces and simple borders.,False
gfx/interface/tiles/raids_filter_tiled_bg.dds,new_geometry,neutral,byte_identical_reference,False,82x82,RGB32,0,1,Original alpha retained,"{ x=32 y=32 } / ""gfx/FX/buttonstate_nodowneffect.lua""",interface/military_raids/military_raids.gfx:185 GFX_raids_filter_tiled_bg,,Legacy holder replaced with newly drawn smooth surfaces and simple borders.,False
gfx/interface/tiles/tiled_army_badge_view.dds,preserve_custom_reference,neutral,unresolved_origin,False,95x95,RGB32,0,1,Original alpha retained,,,,"Existing modern mod outlier: retain its original surface, colors, layout and artwork.",False
gfx/interface/tiles/tiled_army_view.dds,preserve_custom_reference,neutral,unresolved_origin,False,190x190,RGB32,1,1,Original alpha retained,"{ x=64 y=64 } / ""gfx/FX/buttonstate_nodowneffect.lua""",interface/unitview.gfx:3 GFX_tiled_army_view,interface/unitview.gui:767,"Existing modern mod outlier: retain its original surface, colors, layout and artwork.",False
gfx/interface/tiles/tiled_bg.dds,new_geometry,neutral,byte_identical_reference,False,192x192,RGB32,0,1,Original alpha retained,"{ x=64 y=64 } / ""gfx/FX/buttonstate_nodowneffect.lua""",interface/countrytechtreeview.gfx:307 GFX_tiled_bg,interface/countryarmyview.gui:215; interface/countrydiplomacyview.gui:19; interface/countrydiplomacyview.gui:814; interface/countryintelligenceagencyview.gui:17; interface/countryoccupationview.gui:21; interface/countryoccupationview.gui:81; interface/countryoccupationview.gui:915; interface/countryofficercorpview.gui:348; interface/countrytradeview.gui:46; interface/frontendgamesetupview.gui:1884; interface/nationalfocusview.gui:131,Legacy holder replaced with newly drawn smooth surfaces and simple borders.,False
gfx/interface/tiles/tiled_bg_1_scrollbar.dds,new_geometry,neutral,byte_identical_reference,False,192x192,RGB32,0,1,Original alpha retained,"{ x=64 y=64 } / ""gfx/FX/buttonstate_nodowneffect.lua""",interface/countrytechtreeview.gfx:271 GFX_tiled_bg_1_scrollbar,interface/countrydiplomacyview.gui:3512; interface/countryproductionlineview.gui:1048; interface/countryproductionlineview.gui:1284; interface/countryproductionlineview.gui:1447; interface/countryproductionlineview.gui:2306,Legacy holder replaced with newly drawn smooth surfaces and simple borders.,False
gfx/interface/tiles/tiled_bg_noframe.dds,new_geometry,neutral,byte_identical_reference,False,26x26,RGB32,0,1,Original alpha retained,,,,Legacy holder replaced with newly drawn smooth surfaces and simple borders.,False
gfx/interface/tiles/tiled_decisions_bg_small.dds,new_geometry,neutral,byte_identical_reference,False,48x48,RGB32,0,1,Original alpha retained,"{ x=8 y=8 } / None; { x=16 y=16 } / ""gfx/FX/buttonstate_nodowneffect.lua""",interface/countryintelligenceagencyview.gfx:33 GFX_agency_upgrade_cost_background; interface/countrytechtreeview.gfx:244 GFX_tiled_decisions_bg_small,interface/countryintelligenceagencyview.gui:1003; interface/countrydecisionview.gui:142; interface/frontendgamesetupview.gui:1605,Legacy holder replaced with newly drawn smooth surfaces and simple borders.,False
gfx/interface/tiles/tiled_focus_bg.dds,new_geometry,slate,byte_identical_reference,False,998x1031,RGB32,0,1,New four-pixel rectangular frame; original transparent center remains open; decorative alpha ornament removed.,"{ x=495 y=495 } / ""gfx/FX/buttonstate_nodowneffect.lua""",interface/nationalfocusview.gfx:32 GFX_tiled_focus_bg,interface/nationalfocusview.gui:136,Legacy holder replaced with newly drawn smooth surfaces and simple borders.,False
gfx/interface/tiles/tiled_frontend_lower_bar.dds,new_geometry,slate,byte_identical_reference,False,484x128,RGB32,0,1,Original alpha retained,"{ x=70 y=70 } / ""gfx/FX/buttonstate_nodowneffect.lua""",interface/frontendgamesetupview.gfx:144 GFX_tiled_frontend_lower_bar,interface/frontendgamesetupview.gui:2115,Legacy holder replaced with newly drawn smooth surfaces and simple borders.,False
gfx/interface/tiles/tiled_frontend_upper_bar.dds,new_geometry,slate,byte_identical_reference,False,484x128,RGB32,0,1,Original alpha retained,"{ x=70 y=70 } / ""gfx/FX/buttonstate_nodowneffect.lua""",interface/frontendgamesetupview.gfx:129 GFX_tiled_frontend_upper_bar,interface/frontendgamesetupview.gui:1919,Legacy holder replaced with newly drawn smooth surfaces and simple borders.,False
gfx/interface/tiles/tiled_generic_bg_1.dds,new_geometry,neutral,byte_identical_reference,False,29x29,RGB32,0,1,Original alpha retained,"{ x=14 y=14 } / ""gfx/FX/buttonstate_nodowneffect.lua""",interface/core.gfx:277 GFX_tiled_generic_bg_1,interface/countrytradeview.gui:570; interface/countrytradeview.gui:751; interface/countrytradeview.gui:774; interface/countrytradeview.gui:796; interface/frontendgamesetupview.gui:1445; interface/frontendgamesetupview.gui:1541; interface/frontendgamesetupview.gui:1573,Legacy holder replaced with newly drawn smooth surfaces and simple borders.,False
gfx/interface/tiles/tiled_generic_overlay_bg1.dds,new_geometry,neutral,byte_identical_reference,False,549x600,RGB32,0,1,New four-pixel rectangular frame; original transparent center remains open; decorative alpha ornament removed.,"{ x=268 y=268 } / ""gfx/FX/buttonstate_nodowneffect.lua""",interface/core.gfx:50 GFX_tiled_generic_overlay_bg1,interface/countrydeploymentview.gui:67; interface/countrylogisticsview.gui:92; interface/countryofficercorpview.gui:598; interface/countryproductionlineview.gui:69; interface/countrytechnologyview.gui:122,Legacy holder replaced with newly drawn smooth surfaces and simple borders.,False
gfx/interface/tiles/tiled_generic_overlay_bg1_small.dds,new_geometry,neutral,byte_identical_reference,False,290x310,RGB32,0,1,New four-pixel rectangular frame; original transparent center remains open; decorative alpha ornament removed.,"{ x=144 y=144 } / ""gfx/FX/buttonstate_nodowneffect.lua""",interface/core.gfx:40 GFX_tiled_generic_overlay_bg1_small,interface/countryconstructionsview.gui:204; interface/countryofficercorpview.gui:1603; interface/countrypoliticsview.gui:791; interface/countrytradeview.gui:51,Legacy holder replaced with newly drawn smooth surfaces and simple borders.,False
gfx/interface/tiles/tiled_header_1.dds,new_geometry,neutral,byte_identical_reference,False,77x38,RGB32,0,1,Original alpha retained,"{ x=8 y=8 } / ""gfx/FX/buttonstate_nodowneffect.lua""",interface/core.gfx:268 GFX_tiled_header_1,interface/frontendgamesetupview.gui:1406; interface/unitview.gui:653,Legacy holder replaced with newly drawn smooth surfaces and simple borders.,False
gfx/interface/tiles/tiled_insignia_window.dds,new_geometry,neutral,byte_identical_reference,False,48x48,RGB32,0,1,Original alpha retained,"{ x=16 y=16 } / ""gfx/FX/buttonstate_nodowneffect.lua""",interface/equipmentdesignerview.gfx:51 GFX_equipment_role_selector_tiled_window,,Legacy holder replaced with newly drawn smooth surfaces and simple borders.,False
gfx/interface/tiles/tiled_main_menu.dds,preserve_custom_reference,neutral,unresolved_origin,False,192x192,RGB32,1,1,Original alpha retained,"{ x=64 y=64 } / ""gfx/FX/buttonstate_nodowneffect.lua""",interface/frontendmainviewbg.gfx:11 GFX_main_menu,interface/frontendmainview.gui:192; interface/frontendmainview.gui:294,"Existing modern mod outlier: retain its original surface, colors, layout and artwork.",False
gfx/interface/tiles/tiled_mini_dialog.dds,new_geometry,neutral,byte_identical_reference,False,26x26,RGB32,0,1,Original alpha retained,{ x=12 y=12 } / None; { x=12 y=12 } / None,interface/core.gfx:382 GFX_mini_tooltip; interface/core.gfx:402 GFX_mini_bg,interface/countrydeploymentview.gui:310; interface/countrydeploymentview.gui:882; interface/countrylogisticsview.gui:233; interface/countrylogisticsview.gui:300; interface/countrylogisticsview.gui:367; interface/countrylogisticsview.gui:433; interface/countrylogisticsview.gui:497; interface/countrylogisticsview.gui:536; interface/countrylogisticsview.gui:575; interface/nationalfocusview.gui:237; interface/topbar.gui:217; interface/topbar.gui:248; interface/topbar.gui:279; interface/topbar.gui:310; interface/unitleaderwindow.gui:1836; interface/unitview.gui:2531; interface/unitview.gui:3013; interface/unitview.gui:3101; interface/countryintelledger.gui:115; interface/countryintelledger.gui:157; interface/countryintelledger.gui:283; interface/countryintelledger.gui:389; interface/countryintelledger.gui:485; interface/countryintelledger.gui:1062; interface/countryintelledger.gui:1309; interface/countryintelledger.gui:1639; interface/countryintelledger.gui:1673; interface/countryintelledger.gui:1816; interface/countryintelledger.gui:1940; interface/countryintelledger.gui:1975; interface/countryintelledger.gui:2084; interface/countryintelledger.gui:2188; interface/countryintelledger.gui:2221; interface/countrypoliticsview.gui:300; interface/countryproductionlineview.gui:1070; interface/countryproductionlineview.gui:1307; interface/countryproductionlineview.gui:1367,Legacy holder replaced with newly drawn smooth surfaces and simple borders.,False
gfx/interface/tiles/tiled_mini_dialog_grey.dds,new_geometry,neutral,byte_identical_reference,False,26x26,RGB32,0,1,Original alpha retained,{ x=12 y=12 } / None,interface/core.gfx:410 GFX_mini_bg_grey,interface/countryintelledger.gui:465; interface/countryintelledger.gui:729; interface/countryintelledger.gui:1380; interface/countryintelledger.gui:1500; interface/countryintelledger.gui:1551; interface/countryintelledger.gui:1728; interface/countryintelledger.gui:1863; interface/countryintelledger.gui:2030; interface/countryintelledger.gui:2111,Legacy holder replaced with newly drawn smooth surfaces and simple borders.,False
gfx/interface/tiles/tiled_mini_dialog_with_header.dds,new_geometry,neutral,byte_identical_reference,False,76x56,RGB32,0,1,Original alpha retained,{ x=12 y=21 } / None,interface/core.gfx:389 GFX_construction_province_background,,Legacy holder replaced with newly drawn smooth surfaces and simple borders.,False
gfx/interface/tiles/tiled_paper_bg.dds,new_geometry,paper,byte_identical_reference,False,192x192,RGB32,0,1,Original alpha retained,"{ x=64 y=64 } / ""gfx/FX/buttonstate_nodowneffect.lua""; { x=64 y=64 } / ""gfx/FX/buttonstate_nodowneffect.lua""",interface/countrytechtreeview.gfx:74 GFX_tiled_paper_bg; interface/countrytechtreeview.gfx:83 GFX_tiled_paper_small_bg,interface/countryintelligenceagencyview.gui:501; interface/countryintelligenceagencyview.gui:569; interface/countrytechtreeview.gui:3887; interface/countrytechtreeview.gui:4051,Legacy holder replaced with newly drawn smooth surfaces and simple borders.,False
gfx/interface/tiles/tiled_paper_bg2.dds,preserve_custom_reference,paper,same_path_different_image,False,192x192,RGB32,1,1,Original alpha retained,"{ x=64 y=64 } / ""gfx/FX/buttonstate_nodowneffect.lua""",interface/countrytechtreeview.gfx:47 GFX_tiled_paper_bg2,interface/countrydiplomacyview.gui:1424; interface/countrydiplomacyview.gui:1747; interface/countrydiplomacyview.gui:2028; interface/countrydiplomacyview.gui:2612; interface/countrydiplomacyview.gui:2810; interface/countrydiplomacyview.gui:2924; interface/nationalfocusview.gui:271; interface/nationalfocusview.gui:727; interface/nationalfocusview.gui:894,"Existing modern mod outlier: retain its original surface, colors, layout and artwork.",False
gfx/interface/tiles/tiled_paper_flat_bg.dds,new_geometry,paper,byte_identical_reference,False,188x188,RGB32,0,1,Original alpha retained,"{ x=64 y=64 } / ""gfx/FX/buttonstate_nodowneffect.lua""",interface/countryintelligenceagencyview.gfx:230 GFX_tiled_paper_flat_bg,interface/countryintelligenceagencyview.gui:527,Legacy holder replaced with newly drawn smooth surfaces and simple borders.,False
gfx/interface/tiles/tiled_paper_w_frame_bg.dds,new_geometry,paper,byte_identical_reference,False,192x192,RGB32,0,1,Original alpha retained,"{ x=64 y=64 } / ""gfx/FX/buttonstate_nodowneffect.lua""",interface/countrytechtreeview.gfx:65 GFX_tiled_paper_w_frame_bg,interface/countryintelligenceagencyview.gui:824,Legacy holder replaced with newly drawn smooth surfaces and simple borders.,False
gfx/interface/tiles/tiled_paper_w_frame_one_border.dds,new_geometry,paper,byte_identical_reference,False,190x190,RGB32,0,1,Original alpha retained,"{ x=64 y=64 } / ""gfx/FX/buttonstate_nodowneffect.lua""",interface/countrytechtreeview.gfx:56 GFX_tiled_paper_w_frame_one_border,interface/countrydiplomacyview.gui:1402; interface/countrydiplomacyview.gui:1575; interface/countrydiplomacyview.gui:1599; interface/countrydiplomacyview.gui:1878; interface/countrydiplomacyview.gui:1915,Legacy holder replaced with newly drawn smooth surfaces and simple borders.,False
gfx/interface/tiles/tiled_peace_upper_bar.dds,new_geometry,neutral,byte_identical_reference,False,363x96,RGB32,0,1,Original alpha retained,"{ x=52 y=52 } / ""gfx/FX/buttonstate_nodowneffect.lua""",interface/peaceconferencewindow.gfx:77 GFX_tiled_peace_upper_bar,,Legacy holder replaced with newly drawn smooth surfaces and simple borders.,False
gfx/interface/tiles/tiled_plain_bg.dds,new_geometry,neutral,byte_identical_reference,False,190x190,RGB32,0,1,Original alpha retained,"{ x=64 y=64 } / ""gfx/FX/buttonstate_nodowneffect.lua""",interface/countrytechtreeview.gfx:217 GFX_tiled_plain_bg,interface/countrydiplomacyview.gui:482; interface/countrydiplomacyview.gui:510; interface/countrydiplomacyview.gui:3867; interface/countrydiplomacyview.gui:3960; interface/countrylogisticsview.gui:648; interface/countrylogisticsview.gui:886; interface/countryofficercorpview.gui:1517; interface/countrypoliticsview.gui:17; interface/countrypoliticsview.gui:749; interface/countrypoliticsview.gui:1140; interface/countrypoliticsview.gui:1325; interface/countryproductionlineview.gui:24; interface/countryproductionlineview.gui:689; interface/countryproductionlineview.gui:1033; interface/countryproductionlineview.gui:1269; interface/countryproductionlineview.gui:1416; interface/countryproductionlineview.gui:2275; interface/countrytechnologyview.gui:59; interface/countrytradeview.gui:118; interface/countrytradeview.gui:383,Legacy holder replaced with newly drawn smooth surfaces and simple borders.,False
gfx/interface/tiles/tiled_plain_bg2.dds,new_geometry,neutral,byte_identical_reference,False,182x186,RGB32,0,1,Original alpha retained,"{ x=64 y=64 } / ""gfx/FX/buttonstate_nodowneffect.lua""",interface/countrytechtreeview.gfx:226 GFX_tiled_plain_bg2,interface/countrytechtreeview.gui:38; interface/nationalfocusview.gui:10,Legacy holder replaced with newly drawn smooth surfaces and simple borders.,False
gfx/interface/tiles/tiled_plain_bg_small.dds,new_geometry,neutral,byte_identical_reference,False,48x48,RGB32,0,1,Original alpha retained,"{ x=16 y=16 } / ""gfx/FX/buttonstate_nodowneffect.lua""",interface/countrytechtreeview.gfx:235 GFX_tiled_plain_bg_small,interface/countrydeploymentview.gui:174,Legacy holder replaced with newly drawn smooth surfaces and simple borders.,False
gfx/interface/tiles/tiled_progress_bar.dds,new_geometry,neutral,byte_identical_reference,False,190x27,RGB32,1,1,Original alpha retained,"{ x=14 y=19 } / ""gfx/FX/buttonstate_nodowneffect.lua""",interface/countryofficercorpview.gfx:4 GFX_tiled_progress_bar,,Legacy holder replaced with newly drawn smooth surfaces and simple borders.,False
gfx/interface/tiles/tiled_progress_bar_color.dds,preserve_utility,neutral,byte_identical_reference,False,190x27,RGB32,1,1,Original alpha retained,"{ x=12 y=13 } / ""gfx/FX/buttonstate_nodowneffect.lua""",interface/countryofficercorpview.gfx:13 GFX_tiled_progress_bar_coloured,,White progress color operand; retain tint input.,False
gfx/interface/tiles/tiled_research_bg.dds,new_geometry,slate,byte_identical_reference,False,94x94,RGB32,0,1,Original alpha retained,"{ x=32 y=32 } / ""gfx/FX/buttonstate_nodowneffect.lua""; { x=32 y=32 } / ""gfx/FX/buttonstate_nodowneffect.lua""",interface/core.gfx:251 GFX_tiled_research_bg_glow; interface/countrytechtreeview.gfx:27 GFX_tiled_research_bg,interface/countrytechtreeview.gui:732; interface/countrytechtreeview.gui:744,Legacy holder replaced with newly drawn smooth surfaces and simple borders.,False
gfx/interface/tiles/tiled_selection.dds,preserve_utility,neutral,byte_identical_reference,False,46x46,RGB32,1,1,Original alpha retained,{ x=16 y=16 } / None,interface/core.gfx:1782 GFX_pink_selection_frame,,Uniform magenta selection operand; retain until 1.18 rendering is checked.,False
gfx/interface/tiles/tiled_selection_bold.dds,preserve_utility,neutral,byte_identical_reference,False,46x46,RGB32,1,1,Original alpha retained,{ x=1 y=1 } / None,interface/core.gfx:1789 GFX_pink_bold_selection_frame,,Uniform magenta selection operand; retain until 1.18 rendering is checked.,False
gfx/interface/tiles/tiled_special_cut_bg.dds,new_geometry,neutral,byte_identical_reference,False,190x192,RGB32,0,1,Original alpha retained,"{ x=64 y=64 } / ""gfx/FX/buttonstate_nodowneffect.lua""",interface/debug.gfx:3 GFX_tiled_special_cut_bg,,Legacy holder replaced with newly drawn smooth surfaces and simple borders.,False
gfx/interface/tiles/tiled_window.dds,preserve_custom_reference,neutral,same_path_different_image,False,192x192,RGB32,1,1,Original alpha retained,"{ x=64 y=64 } / ""gfx/FX/buttonstate_nodowneffect.lua""",interface/countrytechtreeview.gfx:253 GFX_tiled_window,interface/countrydeploymentview.gui:17; interface/countryproductionlineview.gui:4282,"Existing modern mod outlier: retain its original surface, colors, layout and artwork.",False
gfx/interface/tiles/tiled_window2_1b_border.dds,preserve_custom_reference,neutral,same_path_different_image,False,190x190,RGB32,1,1,Original alpha retained,"{ x=64 y=64 } / ""gfx/FX/buttonstate_nodowneffect.lua""",interface/core.gfx:212 GFX_tiled_window2_1b_border,interface/countryconstructionsview.gui:199; interface/countrydecisionview.gui:17; interface/countrydeploymentview.gui:62; interface/countrydiplomacyview.gui:2283; interface/countrydiplomacyview.gui:2481; interface/countryintelledger.gui:454; interface/countryintelledger.gui:1370; interface/countryintelledger.gui:1718; interface/countryintelledger.gui:2020; interface/countrylogisticsview.gui:87; interface/countrylogisticsview.gui:635; interface/countrylogisticsview.gui:873; interface/countryofficercorpview.gui:593; interface/countryofficercorpview.gui:1598; interface/countryofficercorpview.gui:2367; interface/countrypoliticsview.gui:786; interface/countryproductionlineview.gui:64; interface/countrytechnologyview.gui:117; interface/frontendgamesetupview.gui:1160; interface/frontendgamesetupview.gui:1304,"Existing modern mod outlier: retain its original surface, colors, layout and artwork.",False
gfx/interface/tiles/tiled_window2_2b_border.dds,preserve_custom_reference,neutral,same_path_different_image,False,190x190,RGB32,1,1,Original alpha retained,"{ x=64 y=64 } / ""gfx/FX/buttonstate_nodowneffect.lua""",interface/countrytechtreeview.gfx:280 GFX_tiled_window2_2b_border,,"Existing modern mod outlier: retain its original surface, colors, layout and artwork.",False
gfx/interface/tiles/tiled_window_1_scrollbar.dds,new_geometry,neutral,byte_identical_reference,False,192x192,RGB32,0,1,Original alpha retained,"{ x=64 y=64 } / ""gfx/FX/buttonstate_nodowneffect.lua""",interface/core.gfx:230 GFX_tiled_window_1_scrollbar,,Legacy holder replaced with newly drawn smooth surfaces and simple borders.,False
gfx/interface/tiles/tiled_window_1_scrollbar_glow.dds,new_geometry,neutral,byte_identical_reference,False,192x192,RGB32,0,1,Original alpha retained,"{ x=64 y=64 } / ""gfx/FX/buttonstate_nodowneffect.lua""",interface/core.gfx:239 GFX_tiled_window_1_scrollbar_glow,,Legacy holder replaced with newly drawn smooth surfaces and simple borders.,False
gfx/interface/tiles/tiled_window_1b_border.dds,preserve_custom_reference,neutral,same_path_different_image,False,190x190,RGB32,1,1,Original alpha retained,"{ x=64 y=64 } / ""gfx/FX/buttonstate_nodowneffect.lua""",interface/core.gfx:221 GFX_tiled_window_1b_border,interface/countryarmyview.gui:156; interface/countryarmyview.gui:371; interface/countryarmyview.gui:463; interface/countryarmyview.gui:556; interface/countrydiplomacyview.gui:1726; interface/countrydiplomacyview.gui:3052; interface/countrydiplomacyview.gui:3138; interface/countrydiplomacyview.gui:3370; interface/countrydiplomacyview.gui:3454; interface/countrydiplomacyview.gui:3879; interface/countrydiplomacyview.gui:3972; interface/countrylogisticsview.gui:17; interface/countrylogisticsview.gui:847; interface/countrylogisticsview.gui:1038; interface/countrypoliticsview.gui:570; interface/countrypoliticsview.gui:1158; interface/countrypoliticsview.gui:1343; interface/countrypoliticsview.gui:1688; interface/countrypoliticsview.gui:1733; interface/countrytradeview.gui:17; interface/unitleaderwindow.gui:1689,"Existing modern mod outlier: retain its original surface, colors, layout and artwork.",False
gfx/interface/tiles/tiled_window_1b_thin_border.dds,new_geometry,neutral,byte_identical_reference,False,190x190,RGB32,0,1,Original alpha retained,"{ x=64 y=64 } / ""gfx/FX/buttonstate_nodowneffect.lua""",interface/core.gfx:203 GFX_tiled_window_1b_thin_border,interface/countrydeploymentview.gui:106; interface/countrydeploymentview.gui:240; interface/countrydeploymentview.gui:269; interface/countrydeploymentview.gui:793; interface/countrydiplomacyview.gui:361; interface/countrydiplomacyview.gui:385; interface/countrydiplomacyview.gui:470; interface/countrydiplomacyview.gui:888; interface/countryintelligenceagencyview.gui:932; interface/countryproductionlineview.gui:819; interface/frontendgamesetupview.gui:1648; interface/unitleaderwindow.gui:1605; interface/unitview.gui:819; interface/unitview.gui:1169; interface/unitview.gui:2423; interface/unitview.gui:2497; interface/unitview.gui:3052,Legacy holder replaced with newly drawn smooth surfaces and simple borders.,False
gfx/interface/tiles/tiled_window_2_scrollbars.dds,new_geometry,neutral,byte_identical_reference,False,192x192,RGB32,0,1,Original alpha retained,"{ x=64 y=64 } / ""gfx/FX/buttonstate_nodowneffect.lua""",interface/countrytechtreeview.gfx:298 GFX_tiled_window_2_scrollbars,,Legacy holder replaced with newly drawn smooth surfaces and simple borders.,False
gfx/interface/tiles/tiled_window_2b_border.dds,new_geometry,neutral,byte_identical_reference,False,190x190,RGB32,0,1,Original alpha retained,"{ x=64 y=64 } / ""gfx/FX/buttonstate_nodowneffect.lua""",interface/countrytechtreeview.gfx:289 GFX_tiled_window_2b_border,interface/countrydoctrinetreeview.gui:31; interface/countrydoctrinetreeview.gui:100; interface/countrytechtreeview.gui:55; interface/countrytechtreeview.gui:289; interface/countrytechtreeview.gui:558; interface/countrytechtreeview.gui:788; interface/countrytechtreeview.gui:1045; interface/countrytechtreeview.gui:1407; interface/countrytechtreeview.gui:1698; interface/countrytechtreeview.gui:1927; interface/countrytechtreeview.gui:2157; interface/countrytechtreeview.gui:2534; interface/countrytechtreeview.gui:2891; interface/countrytechtreeview.gui:3216,Legacy holder replaced with newly drawn smooth surfaces and simple borders.,False
gfx/interface/tiles/tiled_window_color_picker.dds,preserve_utility,neutral,byte_identical_reference,False,30x30,RGB32,0,1,Original alpha retained,None / None,interface/core.gfx:263 GFX_tiled_window_color_picker,interface/unitview.gui:11,Color-picker operand; retain neutral tint input.,False
gfx/interface/tiles/tiled_window_pol_goal.dds,preserve_custom_reference,neutral,same_path_different_image,False,382x382,RGB32,1,1,Original alpha retained,{ x=180 y=85 } / None,interface/popupwindow.gfx:30 GFX_tiled_window_pol_goal,,"Existing modern mod outlier: retain its original surface, colors, layout and artwork.",False
gfx/interface/tiles/tiled_window_small.dds,new_geometry,neutral,byte_identical_reference,False,95x95,RGB32,0,1,Original alpha retained,"{ x=32 y=32 } / ""gfx/FX/buttonstate_nodowneffect.lua""; { x=32 y=32 } / ""gfx/FX/buttonstate_nodowneffect.lua""",interface/core.gfx:167 GFX_tiled_window_small; interface/countryintelledger.gfx:14 GFX_intel_ledger_tabbed_panel_bg,,Legacy holder replaced with newly drawn smooth surfaces and simple borders.,False
gfx/interface/tiles/tiled_window_small_selectable.dds,new_geometry,neutral,byte_identical_reference,False,190x95,RGB32,0,2,Original alpha retained,"{ x=32 y=32 } / ""gfx/FX/buttonstate_nodowneffect.lua""",interface/core.gfx:157 GFX_tiled_window_small_selectable,,Legacy holder replaced with newly drawn smooth surfaces and simple borders.,False
gfx/interface/tiles/tiled_window_small_small.dds,new_geometry,neutral,byte_identical_reference,False,48x48,DXT1,0,1,Original alpha retained,"{ x=16 y=16 } / ""gfx/FX/buttonstate_nodowneffect.lua""",interface/core.gfx:176 GFX_tiled_window_small_small,,Legacy holder replaced with newly drawn smooth surfaces and simple borders.,False
gfx/interface/tiles/tiled_window_thin_border.dds,new_geometry,neutral,byte_identical_reference,False,190x190,RGB32,0,1,Original alpha retained,"{ x=64 y=64 } / ""gfx/FX/buttonstate_nodowneffect.lua""",interface/core.gfx:194 GFX_tiled_window_thin_border,interface/countryconstructionsview.gui:18,Legacy holder replaced with newly drawn smooth surfaces and simple borders.,False
gfx/interface/tiles/tiled_window_thin_border2.dds,preserve_custom_reference,neutral,same_path_different_image,False,190x190,RGB32,1,1,Original alpha retained,"{ x=64 y=64 } / ""gfx/FX/buttonstate_nodowneffect.lua""",interface/core.gfx:185 GFX_tiled_window_thin_border2,interface/countrytechtreeview.gui:3794; interface/countrytechtreeview.gui:3908; interface/nationalfocusview.gui:203; interface/nationalfocusview.gui:657; interface/nationalfocusview.gui:824,"Existing modern mod outlier: retain its original surface, colors, layout and artwork.",False
gfx/interface/tiles/tiled_window_transparent.dds,preserve_utility,neutral,byte_identical_reference,False,95x95,RGB32,0,1,Original alpha retained,"{ x=32 y=32 } / ""gfx/FX/buttonstate_nodowneffect.lua""; { x=1 y=1 } / ""gfx/FX/buttonstate_nodowneffect.lua""",interface/core.gfx:138 GFX_tiled_window_transparent_transparent; interface/core.gfx:148 GFX_tiled_window_transparent,interface/countryproductionlineview.gui:4859; interface/countrystateview.gui:200; interface/countrytechtreeview.gui:14; interface/countrytechtreeview.gui:1583; interface/countrytechtreeview.gui:1861; interface/countrytechtreeview.gui:2075; interface/countrytechtreeview.gui:5768; interface/countrytechtreeview.gui:5931; interface/countrytechtreeview.gui:5981; interface/countrytechtreeview.gui:6031; interface/countrytechtreeview.gui:6106; interface/countrytechtreeview.gui:6146; interface/countrytechtreeview.gui:6254; interface/countrydecisionview.gui:62; interface/countrydeploymentview.gui:154; interface/countrydiplomacyview.gui:434; interface/countryintelledger.gui:1217; interface/countryintelligenceagencyview.gui:653; interface/countryoccupationview.gui:322; interface/countryoccupationview.gui:958; interface/countrypoliticsview.gui:512; interface/countrytechnologyview.gui:135; interface/countrytechtreeview.gui:3818; interface/countrytechtreeview.gui:3932; interface/countrytradeview.gui:295; interface/eventwindow.gui:21; interface/eventwindow.gui:290; interface/eventwindow.gui:314; interface/eventwindow.gui:339; interface/frontendgamesetupview.gui:1191; interface/frontendgamesetupview.gui:1341; interface/lore_screen.gui:122; interface/nationalfocusview.gui:370; interface/nationalfocusview.gui:383; interface/topbar.gui:486; interface/unitleaderwindow.gui:133; interface/unitleaderwindow.gui:658; interface/unitleaderwindow.gui:1104; interface/unitleaderwindow.gui:1410; interface/unitleaderwindow.gui:1792; interface/unitview.gui:319; interface/unitview.gui:1208; interface/unitview.gui:2272; interface/unitview.gui:2310; interface/unitview.gui:2899; interface/unitview.gui:2924,Invisible helper used with different declared sizes.,False
gfx/interface/tiles/tiled_window_w_close.dds,new_geometry,neutral,byte_identical_reference,False,192x192,RGB32,8,1,Original alpha retained,"{ x=64 y=64 } / ""gfx/FX/buttonstate_nodowneffect.lua""",interface/countrytechtreeview.gfx:262 GFX_tiled_window_w_close,,Legacy holder replaced with newly drawn smooth surfaces and simple borders.,False
gfx/interface/tiles/tiles_dialog.dds,preserve_custom_reference,slate,same_path_different_image,False,96x96,RGB32,1,1,Original alpha retained,None / None; { x=32 y=32 } / None; { x=32 y=32 } / None,interface/core.gfx:360 ToolTip; interface/core.gfx:1768 SandboxFloaterBackground; interface/nationalfocusview.gfx:117 GFX_focus_tooltip,interface/frontendgamesetupview.gui:887; interface/nationalfocusview.gui:316,"Existing modern mod outlier: retain its original surface, colors, layout and artwork.",False
gfx/interface/tiles/tiling_sort_button.dds,new_geometry,neutral,byte_identical_reference,False,60x23,RGB32,0,1,Original alpha retained,{ x=20 y=12 } / None,interface/countryarmyview.gfx:335 GFX_tiling_sort_button,interface/countryarmyview.gui:325; interface/countryarmyview.gui:333; interface/countryarmyview.gui:343; interface/countryarmyview.gui:353; interface/countryarmyview.gui:415; interface/countryarmyview.gui:425; interface/countryarmyview.gui:435; interface/countryarmyview.gui:445; interface/countryarmyview.gui:507; interface/countryarmyview.gui:517; interface/countryarmyview.gui:527; interface/countryarmyview.gui:537; interface/countrytradeview.gui:215; interface/countrytradeview.gui:225; interface/countrytradeview.gui:235; interface/countrytradeview.gui:245,Legacy holder replaced with newly drawn smooth surfaces and simple borders.,False
gfx/interface/tiles/tiling_sort_button_2frames.dds,new_geometry,neutral,byte_identical_reference,False,120x23,RGB32,0,2,Original alpha retained,{ x=20 y=12 } / None,interface/countryarmyview.gfx:343 GFX_tiling_sort_button_2frames,,Legacy holder replaced with newly drawn smooth surfaces and simple borders.,False
gfx/interface/tiles/tiling_sort_button_thin.dds,new_geometry,neutral,byte_identical_reference,False,18x21,RGB32,1,1,Original alpha retained,{ x=6 y=6 } / None,interface/countryarmyview.gfx:352 GFX_tiling_sort_button_thin,interface/unitview.gui:926; interface/unitview.gui:944; interface/unitview.gui:962; interface/unitview.gui:980; interface/unitview.gui:998; interface/unitview.gui:1016; interface/unitview.gui:1034; interface/unitview.gui:1052; interface/unitview.gui:1070,Legacy holder replaced with newly drawn smooth surfaces and simple borders.,False
gfx/interface/tooltip_tile.dds,new_geometry,slate,inherited_reference,True,132x132,RGB32,0,1,New rounded rectangular surface; opaque text area retained; decorative alpha silhouette removed.,{ x=45 y=45 } / None,interface/core.gfx:366 console_background2,,Legacy holder replaced with newly drawn smooth surfaces and simple borders.,False
gfx/interface/topbar/armyoverview_buttons_bg.dds,new_geometry,neutral,byte_identical_reference,False,403x101,RGB32,0,1,Original alpha retained,None / None,interface/topbar.gfx:132 GFX_armyoverview_buttons_bg,interface/topbar.gui:84,Legacy holder replaced with newly drawn smooth surfaces and simple borders.,False
gfx/interface/topbar/background.dds,new_geometry,neutral,byte_identical_reference,False,2346x87,RGB32,0,1,Original alpha retained,None / None,interface/topbar.gfx:282 GFX_topbar_background,,Legacy holder replaced with newly drawn smooth surfaces and simple borders.,False
gfx/interface/topbar/background_extended.dds,new_geometry,neutral,same_path_different_image,False,2346x87,RGB32,1,1,Original alpha retained,None / None,interface/topbar.gfx:288 GFX_topbar_background_extended,interface/topbar.gui:10,Legacy holder replaced with newly drawn smooth surfaces and simple borders.,False
gfx/interface/topbar/musicplayer/disabled_song.dds,preserve_utility,neutral,byte_identical_reference,False,501x21,RGB32,0,1,Original alpha retained,None / None,interface/musicplayer.gfx:29 GFX_disabled_song,,Disabled-song status overlay; preserve its identifying color pixels.,False
gfx/interface/topbar/musicplayer/music_player_entry_bg.dds,new_geometry,neutral,byte_identical_reference,False,518x30,RGB32,0,1,Original alpha retained,None / None,interface/musicplayer.gfx:4 GFX_musicplayer_entry_bg,,Legacy holder replaced with newly drawn smooth surfaces and simple borders.,False
gfx/interface/topbar/musicplayer/music_vol_progress_bg.dds,new_geometry,neutral,byte_identical_reference,False,75x16,RGB32,0,1,Original alpha retained,"None / ""gfx/FX/progress.lua""",interface/musicplayer.gfx:76 GFX_volume_track,,Legacy holder replaced with newly drawn smooth surfaces and simple borders.,False
gfx/interface/topbar/musicplayer/musicplayer_bar.dds,new_geometry,neutral,byte_identical_reference,False,565x47,RGB32,0,1,Original alpha retained,None / None,interface/musicplayer.gfx:66 GFX_musicplayer_bar,,Legacy holder replaced with newly drawn smooth surfaces and simple borders.,False
gfx/interface/topbar/musicplayer/musicplayer_bottom_bar.dds,new_geometry,neutral,byte_identical_reference,False,305x55,RGB32,0,1,Original alpha retained,None / None,interface/musicplayer.gfx:9 GFX_musicplayer_bottom_bar,,Legacy holder replaced with newly drawn smooth surfaces and simple borders.,False
gfx/interface/topbar/musicplayer/musicplayer_header_bg.dds,new_geometry,neutral,byte_identical_reference,False,594x121,RGB32,0,1,Original alpha retained,None / None,interface/musicplayer.gfx:71 GFX_musicplayer_header_bg,,Legacy holder replaced with newly drawn smooth surfaces and simple borders.,False
gfx/interface/topbar/musicplayer/musicplayer_list_bg.dds,preserve_art,neutral,byte_identical_reference,False,264x408,RGB32,0,1,Original alpha retained,None / None,interface/musicplayer.gfx:19 GFX_musicplayer_list_bg,,Combined illustrated/person or icon surface; preserve the source resource exactly.,False
gfx/interface/topbar/musicplayer/musicplayer_list_bg2.dds,preserve_art,neutral,byte_identical_reference,False,264x408,RGB32,0,1,Original alpha retained,None / None,interface/musicplayer.gfx:14 GFX_musicplayer_list_bg2,,Combined illustrated/person or icon surface; preserve the source resource exactly.,False
gfx/interface/topbar/musicplayer/playlist_bg.dds,new_geometry,neutral,byte_identical_reference,False,228x42,RGB32,0,1,Original alpha retained,None / None,interface/topbar.gfx:35 GFX_playlist_bg,interface/topbar.gui:55,Legacy holder replaced with newly drawn smooth surfaces and simple borders.,False
gfx/interface/topbar/musicplayer/selected_song.dds,preserve_utility,neutral,byte_identical_reference,False,610x21,RGB32,0,1,Original alpha retained,None / None,interface/musicplayer.gfx:24 GFX_selected_song,,Tiny identifying-color frame with no neutral holder surface; retain it exactly.,False
gfx/interface/topbar/toolbar/button_depressed.dds,new_geometry,neutral,byte_identical_reference,False,53x37,RGB32,0,1,Original alpha retained,,,,Legacy holder replaced with newly drawn smooth surfaces and simple borders.,False
gfx/interface/topbar/toolbar/button_pressed.dds,new_geometry,neutral,byte_identical_reference,False,53x37,RGB32,0,1,Original alpha retained,,,,Legacy holder replaced with newly drawn smooth surfaces and simple borders.,False
gfx/interface/topbar/topbar_date_overlay.dds,new_geometry,neutral,byte_identical_reference,False,366x93,RGB32,0,1,Original alpha retained,None / None,interface/topbar.gfx:271 GFX_topbar_date_overlay,,Legacy holder replaced with newly drawn smooth surfaces and simple borders.,False
gfx/interface/tradeview/country_trade_entry_bg_wide.dds,new_geometry,neutral,inherited_reference,True,1944x45,RGB32,1,3,Original alpha retained,None / None,interface/countrytradeview.gfx:81 GFX_country_trade_entry_bg_wide,interface/countrytradeview.gui:713,Legacy holder replaced with newly drawn smooth surfaces and simple borders.,False
gfx/interface/tradeview/diplo_trade_entry_bg.dds,new_geometry,neutral,inherited_reference,True,35x75,RGB32,0,1,Original alpha retained,None / None,interface/countrydiplomacyview.gfx:775 GFX_diplo_trade_entry_bg,interface/countrydiplomacyview.gui:1051,Legacy holder replaced with newly drawn smooth surfaces and simple borders.,False
gfx/interface/tradeview/trade_filter_bg.dds,new_geometry,neutral,inherited_reference,True,504x128,RGB32,0,1,Original alpha retained,None / None,interface/countrytradeview.gfx:55 GFX_trade_filter_bg,interface/countrylogisticsview.gui:59; interface/countrylogisticsview.gui:198,Legacy holder replaced with newly drawn smooth surfaces and simple borders.,False
gfx/interface/tradeview/trade_header.dds,new_geometry,neutral,inherited_reference,True,516x35,RGB32,0,1,Original alpha retained,None / None,interface/countrytradeview.gfx:23 GFX_trade_header,interface/countryarmyview.gui:571; interface/countryintelledger.gui:1615; interface/countryintelledger.gui:1916; interface/countryintelledger.gui:2164; interface/countryofficercorpview.gui:397,Legacy holder replaced with newly drawn smooth surfaces and simple borders.,False
gfx/interface/unit_stats_bg.dds,new_geometry,paper,inherited_reference,True,856x497,RGB32,0,1,Original alpha retained,"None / ""gfx/FX/buttonstate_nodowneffect.lua""",interface/unitview.gfx:702 GFX_unit_stats_bg,interface/unitview.gui:1848,Legacy holder replaced with newly drawn smooth surfaces and simple borders.,False
gfx/interface/unit_stats_template_tab_bg.dds,new_geometry,neutral,inherited_reference,True,548x423,RGB32,0,1,Original alpha retained,"None / ""gfx/FX/buttonstate_nodowneffect.lua""",interface/unitview.gfx:708 GFX_unit_stats_template_tab_bg,interface/unitview.gui:2038; interface/unitview.gui:2183,Legacy holder replaced with newly drawn smooth surfaces and simple borders.,False
gfx/interface/unitcontrol/army_group_bg.dds,new_geometry,neutral,inherited_reference,True,437x109,RGB32,0,1,Original alpha retained,None / None,interface/unitview.gfx:459 GFX_army_bg,interface/unitview.gui:331,Legacy holder replaced with newly drawn smooth surfaces and simple borders.,False
gfx/interface/unitcontrol/army_group_group_bg.dds,new_geometry,neutral,inherited_reference,True,436x110,RGB32,0,1,Original alpha retained,None / None,interface/unitview.gfx:464 GFX_army_group_bg,interface/unitview.gui:338,Legacy holder replaced with newly drawn smooth surfaces and simple borders.,False
gfx/interface/unitcontrol/color_picker_bg.dds,new_geometry,neutral,inherited_reference,True,355x108,RGB32,0,1,Original alpha retained,None / None,interface/unitview.gfx:205 GFX_color_picker_bg,interface/unitview.gui:42,Legacy holder replaced with newly drawn smooth surfaces and simple borders.,False
gfx/interface/unitcontrol/expeditionary_force_button_bg.dds,new_geometry,neutral,inherited_reference,True,264x32,RGB32,0,1,Original alpha retained,None / None,interface/unitview.gfx:907 GFX_expeditionary_button_bg,interface/unitview.gui:300,Legacy holder replaced with newly drawn smooth surfaces and simple borders.,False
gfx/interface/unitcontrol/expeditionary_force_country_bg.dds,new_geometry,neutral,inherited_reference,True,387x40,RGB32,0,1,Original alpha retained,None / None,interface/unitview.gfx:902 GFX_expeditionary_country_bg,interface/unitview.gui:1262,Legacy holder replaced with newly drawn smooth surfaces and simple borders.,False
gfx/interface/unitcontrol/expeditionary_force_request_header_bg.dds,new_geometry,neutral,inherited_reference,True,414x37,RGB32,0,1,Original alpha retained,None / None,interface/unitview.gfx:912 GFX_expeditionary_header,interface/unitview.gui:1174,Legacy holder replaced with newly drawn smooth surfaces and simple borders.,False
gfx/interface/unitcontrol/focus_reward_header.dds,preserve_custom_reference,neutral,unresolved_origin,False,552x35,RGB32,1,1,Original alpha retained,None / None,interface/nationalfocusview.gfx:471 GFX_focus_reward_header,interface/nationalfocusview.gui:747,"Existing modern mod outlier: retain its original surface, colors, layout and artwork.",False
gfx/interface/unitcontrol/unit_entry_bg.dds,preserve_custom_reference,neutral,same_path_different_image,False,780x33,RGB32,1,2,Original alpha retained,None / None,interface/unitview.gfx:609 GFX_UV_unit_entry_bg,interface/unitview.gui:1377,"Existing modern mod outlier: retain its original surface, colors, layout and artwork.",False
gfx/interface/unitcontrol/unit_leader_portrait_frame_badge.dds,new_geometry,neutral,inherited_reference,True,59x79,RGB32,0,1,Original alpha retained,None / None,interface/unitview.gfx:434 GFX_unit_leader_portrait_frame_badge,interface/unitview.gui:478,Legacy holder replaced with newly drawn smooth surfaces and simple borders.,False
gfx/interface/unitcontrol/unit_list_header.dds,preserve_custom_reference,neutral,same_path_different_image,False,392x35,RGB32,1,1,Original alpha retained,None / None,interface/unitview.gfx:480 GFX_unit_list_header,interface/countrylogisticsview.gui:699; interface/countrylogisticsview.gui:790; interface/countrylogisticsview.gui:955; interface/nationalfocusview.gui:914; interface/unitview.gui:779,"Existing modern mod outlier: retain its original surface, colors, layout and artwork.",False
gfx/interface/unitcontrol/unitlist_unassigned_bg.dds,preserve_custom_reference,neutral,unresolved_origin,False,396x54,RGB32,1,1,Original alpha retained,"None / ""gfx/FX/buttonstate_nodowneffect.lua""",interface/unitview.gfx:469 GFX_unitlist_unassigned_bg,interface/unitview.gui:1133,"Existing modern mod outlier: retain its original surface, colors, layout and artwork.",False
gfx/interface/victorypoint_stateview_bg.dds,new_geometry,neutral,inherited_reference,True,44x26,RGB32,0,1,Original alpha retained,None / None,interface/countrystateview.gfx:31 GFX_victorypoint_stateview_bg,interface/countrystateview.gui:81; interface/countrystateview.gui:114,Legacy holder replaced with newly drawn smooth surfaces and simple borders.,False
gfx/interface/win_header_short.dds,new_geometry,neutral,inherited_reference,True,233x112,RGB32,0,1,Original alpha retained,None / None,interface/countrydiplomacyview.gfx:797 GFX_win_header_short,interface/countrydiplomacyview.gui:391,Legacy holder replaced with newly drawn smooth surfaces and simple borders.,False
gfx/scripted_gui/csto/csto_cata_danger_progress_bar_background.dds,preserve_custom_reference,neutral,unresolved_origin,False,410x30,RGB32,1,1,Original alpha retained,"None / ""gfx/FX/progress.lua""",interface/csto_scripted_gui.gfx:13 GFX_csto_cata_danger_progress_bar,interface/csto_scripted_gui.gui:145,"Existing modern mod outlier: retain its original surface, colors, layout and artwork.",False
gfx/scripted_gui/csto/csto_cata_threat_progress_bar_background.dds,preserve_custom_reference,neutral,unresolved_origin,False,410x30,RGB32,1,1,Original alpha retained,"None / ""gfx/FX/progress.lua""",interface/csto_scripted_gui.gfx:24 GFX_csto_cata_threat_progress_bar,interface/csto_scripted_gui.gui:139,"Existing modern mod outlier: retain its original surface, colors, layout and artwork.",False
gfx/scripted_gui/lore_screen/chapter_button.dds,preserve_custom_reference,neutral,unresolved_origin,False,115x21,RGB32,1,1,Original alpha retained,None / None,interface/lore_screen.gfx:8 GFX_chapter_button,interface/lore_screen.gui:79; interface/lore_screen.gui:88; interface/lore_screen.gui:97; interface/lore_screen.gui:225; interface/lore_screen.gui:238; interface/lore_screen.gui:251; interface/lore_screen.gui:264,"Existing modern mod outlier: retain its original surface, colors, layout and artwork.",False
gfx/scripted_gui/lore_screen/chapterbutton.dds,preserve_custom_reference,neutral,unresolved_origin,False,208x34,RGB32,1,1,Original alpha retained,,,,"Existing modern mod outlier: retain its original surface, colors, layout and artwork.",False
gfx/scripted_gui/lore_screen/lore_open_button.dds,preserve_custom_reference,neutral,unresolved_origin,False,104x34,RGB32,1,1,Original alpha retained,None / None,interface/lore_screen.gfx:3 GFX_lore_open_button,interface/lore_screen.gui:286,"Existing modern mod outlier: retain its original surface, colors, layout and artwork.",False
gfx/scripted_gui/lore_screen/lore_screen_main_screen.dds,preserve_custom_reference,neutral,unresolved_origin,False,1226x956,RGB32,1,1,Original alpha retained,None / None,interface/lore_screen.gfx:13 lore_screen_bg_gfx,interface/lore_screen.gui:17,"Existing modern mod outlier: retain its original surface, colors, layout and artwork.",False
gfx/scripted_gui/sotnik/gerasimov_frame.dds,preserve_custom_reference,neutral,unresolved_origin,False,196x250,RGB32,1,1,Original alpha retained,None / None,interface/sotnik_scripted_gui.gfx:2 GFX_sotnik_gerasimov_frame,interface/sotnik_scripted_gui.gui:167,"Existing modern mod outlier: retain its original surface, colors, layout and artwork.",False
gfx/scripted_gui/sotnik/gerasimov_progress_bar_background.dds,preserve_custom_reference,neutral,unresolved_origin,False,410x30,RGB32,1,1,Original alpha retained,"None / ""gfx/FX/progress.lua""",interface/sotnik_scripted_gui.gfx:34 GFX_gerasimov_progress_bar,interface/sotnik_scripted_gui.gui:148,"Existing modern mod outlier: retain its original surface, colors, layout and artwork.",False
gfx/scripted_gui/sotnik/shoigu_frame.dds,preserve_custom_reference,neutral,unresolved_origin,False,196x250,RGB32,1,1,Original alpha retained,None / None,interface/sotnik_scripted_gui.gfx:7 GFX_sotnik_shoigu_frame,interface/sotnik_scripted_gui.gui:154,"Existing modern mod outlier: retain its original surface, colors, layout and artwork.",False
gfx/scripted_gui/sotnik/shoigu_progress_bar_background.dds,preserve_custom_reference,neutral,unresolved_origin,False,410x30,RGB32,1,1,Original alpha retained,"None / ""gfx/FX/progress.lua""",interface/sotnik_scripted_gui.gfx:23 GFX_shoigu_progress_bar,interface/sotnik_scripted_gui.gui:130,"Existing modern mod outlier: retain its original surface, colors, layout and artwork.",False
gfx/scripted_gui/sotnik/sotnik_progress_bar_background.dds,preserve_custom_reference,neutral,unresolved_origin,False,410x30,RGB32,1,1,Original alpha retained,"None / ""gfx/FX/progress.lua""",interface/sotnik_scripted_gui.gfx:12 GFX_sotnik_progress_bar,interface/sotnik_scripted_gui.gui:112,"Existing modern mod outlier: retain its original surface, colors, layout and artwork.",False
gfx/template_border.dds,preserve_custom_reference,neutral,unresolved_origin,False,295x293,RGB32,1,1,Original alpha retained,,,,"Existing modern mod outlier: retain its original surface, colors, layout and artwork.",False
