path,disposition,origin,family,kind,installed,replacement_status,width,height,frames,consumers,output_sha256
gfx/interface/2row_container_background.dds,holder,byte_identical_vanilla,neutral,panel,True,redrawn_installed,176,61,1,0,ab8cce422ff104e2eed265c18115cd5f55568e1298d4bdbf52d0343dc1337e47
gfx/interface/abilitylist/bg_begin.dds,holder,byte_identical_vanilla,neutral,panel,True,redrawn_installed,99,45,1,1,8cb0f894adb25a9cf539691e8291d0e36654a12a5dc7fe5d3dfca8f2e94dedb4
gfx/interface/abilitylist/bg_end.dds,holder,byte_identical_vanilla,neutral,panel,True,redrawn_installed,99,45,1,1,8cb0f894adb25a9cf539691e8291d0e36654a12a5dc7fe5d3dfca8f2e94dedb4
gfx/interface/abilitylist/bg_mid.dds,holder,byte_identical_vanilla,neutral,panel,True,redrawn_installed,36,45,1,1,30fcaee14a62847a7bafd46bea9a56c0afe4e3982d8ef94a1bb4e7b54822b828
gfx/interface/aces_view_bg.dds,holder,byte_identical_vanilla,neutral,panel,True,redrawn_installed,900,101,2,1,6440148ffd699778fb98c0c055a6e4c966109d3bc8aa5c71585d7ce78bed096c
gfx/interface/achievement_entry_bg.dds,holder,byte_identical_vanilla,neutral,control,True,redrawn_installed,729,96,1,1,e660737bacb463f8dbe1c9766708c58a9adb88b76ed482251ed423a250b5b60c
gfx/interface/achievements_bg.dds,holder,byte_identical_vanilla,neutral,panel,True,redrawn_installed,795,605,1,0,efd3f4df74b34d86aadfd80856c74a9cb189af300aef529be54cb97062eadd9d
gfx/interface/achievements_bottom_bar.dds,holder,byte_identical_vanilla,neutral,panel,True,redrawn_installed,765,48,1,1,a3775869dc9b1090580b484f448e434c98603ed9c5790334ec7bc504a953eacb
gfx/interface/achievements_top_bar.dds,holder,byte_identical_vanilla,neutral,panel,True,redrawn_installed,765,67,1,1,406eeaacdb548a2e43b938e7bd0943c1b90214f4feb729f70f861fbe3efd7330
gfx/interface/add_10.dds,composite,byte_identical_vanilla,neutral,panel,True,redrawn_installed,26,26,1,42,0ea1236bc48ca75943eec73a6c0edfe9bdc7558fcec07f018c54c5d1e1b0c04a
gfx/interface/add_5.dds,composite,byte_identical_vanilla,neutral,panel,True,redrawn_installed,26,26,1,42,3914710d7b76dc74edfde94c5ca120546a0e696c095aa6ad98700c0b987092d9
gfx/interface/add_goal_button.dds,holder,byte_identical_vanilla,neutral,control,True,redrawn_installed,77,77,1,0,01db860118d65964b4602ef0eb55bb357546c635e0aabf7826b7a2f8f1caf94a
gfx/interface/add_limit_bg.dds,holder,byte_identical_vanilla,neutral,panel,True,redrawn_installed,21,19,1,4,99ef122fdcc377f341f342ed557fe85bf7652b9cb93e3075b189d40147ffefe9
gfx/interface/add_one.dds,composite,byte_identical_vanilla,neutral,panel,True,redrawn_installed,26,26,1,52,e05dd19e9d9204e9d538bd937be852492365d7806fe9bdc550481872aa274991
gfx/interface/add_pol_idea_button.dds,composite,byte_identical_vanilla,paper,control,True,redrawn_installed,63,63,1,40,b1eb9b5c66ded4651f60d41564f561714aaa8b897f6fb3b7874d6f3fa65d45e2
gfx/interface/add_prod_aircraft_line.dds,composite,byte_identical_vanilla,neutral,panel,True,redrawn_installed,243,41,3,16,b2e7e57b4b570bbd3f0188331bd8367a3d37585c28df615dc91520f79bcdac97
gfx/interface/add_prod_armour_line.dds,composite,byte_identical_vanilla,neutral,panel,True,redrawn_installed,243,41,3,16,69595eb6d28cf91360fdb9670e3f9103ad2cce60cd2ef1894065b420427c0b1d
gfx/interface/add_prod_inf_art_line.dds,composite,byte_identical_vanilla,neutral,panel,True,redrawn_installed,243,41,3,16,1260c6f2d749d3b2a40589c3b435f2fb1724b300d19ca56c24b75a2f4502e281
gfx/interface/add_prod_naval_line.dds,composite,byte_identical_vanilla,neutral,panel,True,redrawn_installed,243,41,3,16,a344e9f02165355a65b2e0b5f099599ab6568ecbc92e83eb6009a7447db6ff28
gfx/interface/air_base_copy_btn.dds,composite,byte_identical_vanilla,neutral,control,True,redrawn_installed,46,46,1,0,ecd1abec899bd2372aa9e3aa9efec96cc947b090d41526b94fed8184c1947a9f
gfx/interface/air_base_create_new_btn.dds,composite,byte_identical_vanilla,neutral,control,True,redrawn_installed,31,31,1,1,dd4802625e7dfac31d8cf5a79e4354b3fc6de3aaa25b20c57dc64ed11acb28e0
gfx/interface/air_base_merge_btn.dds,composite,byte_identical_vanilla,neutral,control,True,redrawn_installed,46,46,1,0,b8d9f9f15a2582d64b5e1a8c9c7847eca8e8bfe3aad31aa8f6c4b3b4bb5b8fc2
gfx/interface/air_base_popup_top_win.dds,holder,byte_identical_vanilla,neutral,panel,True,redrawn_installed,465,98,1,0,193eb99c30098bb14ad9d825ec7fe6d9b68c9f72590ada8644ddad93a5c043a5
gfx/interface/air_base_reorganize_btn.dds,composite,byte_identical_vanilla,neutral,control,True,redrawn_installed,46,46,1,0,8edc9038470acb02bf2e500fbd5cd03a674b8c5367d23f9672a59b7e3fb48b86
gfx/interface/air_base_select_all_btn.dds,composite,byte_identical_vanilla,neutral,control,True,redrawn_installed,46,46,1,1,dda52061f8ccd643c2223549801826973ce98df35f30f9b8823382273745ab63
gfx/interface/air_base_split_btn.dds,composite,byte_identical_vanilla,neutral,control,True,redrawn_installed,46,46,1,0,8287ed86926ced9e0ae616b14a0f6c94bac9fc9ed6732b6053f3a82a27bc4207
gfx/interface/air_checkbox.dds,composite,byte_identical_vanilla,neutral,control,True,redrawn_installed,90,32,2,8,e7fd9f5992543ccca8bbc34100858296eb29839c7286ccc5b435f915e139d676
gfx/interface/air_equip_overview_bg.dds,holder,byte_identical_vanilla,neutral,panel,True,redrawn_installed,282,58,1,0,52ba831e2259e42fddfe741f5e746d097f6353e0c82607bdd3d98ed1dc3a1516
gfx/interface/air_filter_bg.dds,holder,byte_identical_vanilla,neutral,panel,True,redrawn_installed,548,120,1,0,b46ae6b7ffe05f8a2ad54e13d655ed92e668b2d9a7a6c7e9846a175d807acf43
gfx/interface/air_unit_stats_bg.dds,holder,byte_identical_vanilla,paper,panel,True,redrawn_installed,856,409,1,1,b582b3d48e70a1b62544694088693ad4037cd0a92ac9b0a0c5fadeaf16ae37da
gfx/interface/air_unit_stats_equip_entry.dds,composite,byte_identical_vanilla,paper,control,True,redrawn_installed,268,45,1,3,1c71922edc884acd8f47c21de4f74668b72c97703750d59fa9b8420191b9bf73
gfx/interface/airview/air_group.dds,holder,byte_identical_vanilla,neutral,panel,True,redrawn_installed,580,88,1,2,9f54dd0a2a16b03b408e3e3d6244e66985178ed1550afbc4c4b2864921665500
gfx/interface/airview/base_entry_bg.dds,holder,byte_identical_vanilla,neutral,control,True,redrawn_installed,548,48,1,1,f1c37cd31d5b2662d53157dbd8cdbbe0661b733cc93b5ccbdb0a39250976232b
gfx/interface/alerts/theater_alerts_strip.dds,composite,byte_identical_vanilla,neutral,panel,True,redrawn_installed,543,49,14,2,28e884210468c50210edac86e5c49eacaeded4143e00d8052dab07060f0e860d
gfx/interface/armour_checkbox.dds,composite,byte_identical_vanilla,neutral,control,True,redrawn_installed,90,32,2,8,9c9f7451fef639c5fd735232eea576be537dc521dedf2e85dd8baf6352de7066
gfx/interface/army_deploy_button.dds,holder,byte_identical_vanilla,neutral,control,True,redrawn_installed,174,36,2,2,976ec4f5e6b54edfadbc1637e7d569a465057970c6b94c79b7a7fe620a2b70a3
gfx/interface/army_group_toggle_armies_divisions_btn.dds,composite,byte_identical_vanilla,neutral,control,True,redrawn_installed,88,23,2,4,32673ad66989f2cde9647510168fa6e475b444d398089a3ae3066c0e5c08ea6c
gfx/interface/army_insignia_selection_bg.dds,holder,byte_identical_vanilla,neutral,panel,True,redrawn_installed,317,444,1,10,349fdbe507c6015d0e81a55977ab7ddb21afefbe5e952a649c59a9939613c224
gfx/interface/armyoverview_air_entry_bg.dds,holder,byte_identical_vanilla,neutral,control,True,redrawn_installed,509,35,1,4,d2ad5b9bef9691e1519fd834451559b0f7edda77c87e0ff6cc3bfb04c7dbc30e
gfx/interface/armyoverview_air_tab.dds,composite,byte_identical_vanilla,neutral,header,True,redrawn_installed,326,54,2,0,ee9cc6806c17a7b682994f47de98c35dabef8830f37cbb2a00dc99a1f9375694
gfx/interface/armyoverview_army_tab.dds,composite,byte_identical_vanilla,neutral,header,True,redrawn_installed,326,54,2,0,33ba1e1452b4dfb47011e51481f9a94c1dfb92649d82e5b800702ca120fb6ecb
gfx/interface/armyoverview_entry_bg.dds,holder,byte_identical_vanilla,neutral,control,True,redrawn_installed,509,35,1,4,d2ad5b9bef9691e1519fd834451559b0f7edda77c87e0ff6cc3bfb04c7dbc30e
gfx/interface/armyoverview_naval_entry_bg.dds,holder,byte_identical_vanilla,neutral,control,True,redrawn_installed,509,35,1,4,d2ad5b9bef9691e1519fd834451559b0f7edda77c87e0ff6cc3bfb04c7dbc30e
gfx/interface/armyoverview_naval_leader_frame.dds,holder,byte_identical_vanilla,neutral,frame,True,redrawn_installed,26,33,1,4,5c875bb3b9095da358ea1b905ccc362091cdf7b9617c3227c530dbbecb8f4228
gfx/interface/armyoverview_naval_tab.dds,composite,byte_identical_vanilla,neutral,header,True,redrawn_installed,326,54,2,0,1c2ad54ecb8e946f12258bafd2a35bcab5418f5af9ea41bd76dfdbfc61c91863
gfx/interface/arrow_down_small.dds,composite,byte_identical_vanilla,neutral,panel,True,redrawn_installed,22,28,1,28,863bdffd3219d771e2a230adaaf2a651d0146078e9298bfee195f2217371958a
gfx/interface/arrow_left_small.dds,composite,byte_identical_vanilla,neutral,panel,True,redrawn_installed,24,24,1,0,8fc90fa182419a253055cdf46ce6f81b835bbc438f89fbe567adc490b7764e6d
gfx/interface/arrow_right_small.dds,composite,byte_identical_vanilla,neutral,panel,True,redrawn_installed,24,24,1,0,75de2d1c5883186f0b79e44af0a38334c74249b50c000652ff32e3601d3a1645
gfx/interface/arrow_up_small.dds,composite,byte_identical_vanilla,neutral,panel,True,redrawn_installed,22,28,1,28,e42553b6c5e28a2f5e7caa056f9e54addd64549e33b4b539e6c295773f3bd06d
gfx/interface/attached_air_bg.dds,holder,byte_identical_vanilla,neutral,panel,True,redrawn_installed,39,45,1,4,1b5b081e3b0158290eaa5966592a62c049e3b8875e9f4eb4bc2159ee6e339c95
gfx/interface/autonomy/autonomy_level_button.dds,composite,byte_identical_vanilla,neutral,control,True,redrawn_installed,40,36,1,4,ece1bd5b9e002594cf28881fb6266b7f5f78b5cab97e17fc21d11e33d2b6ae91
gfx/interface/autonomy/subject_button.dds,composite,byte_identical_vanilla,neutral,control,True,redrawn_installed,48,48,1,0,1ce7d9a1ffa779b1de4436544035cbbd4dd42f76fa53646e6655eb6798dcb611
gfx/interface/autonomy/subject_overlay.dds,holder,byte_identical_vanilla,neutral,panel,True,redrawn_installed,373,57,1,0,dfc6cad7ed2f47a113074d6514fd8c5ade9e057c8123c7f2cbaa8b28869db434
gfx/interface/autonomy/subjects_entry_bg.dds,holder,byte_identical_vanilla,neutral,control,True,redrawn_installed,508,76,1,4,48ed9d5b4d4bea17ec17964c50a665d35d322320bead6f617ad4e7f396af47e8
gfx/interface/backbutton32.dds,composite,byte_identical_vanilla,neutral,control,True,redrawn_installed,32,33,1,2,20c08f559286e30e134f34d91afb9dc0ca504b9c5fbedd4d70c1337a282926d8
gfx/interface/battle_log_battle_button.dds,holder,byte_identical_vanilla,neutral,control,True,redrawn_installed,351,23,1,2,9d06d691ca5377e5fc3d844953e9e0c097e5cafe51778f134ce7d678bf3998a3
gfx/interface/battle_log_entry.dds,composite,byte_identical_vanilla,neutral,control,True,redrawn_installed,610,105,1,1,39ef1cfa45296f1967c4b6dca1d3f6cb62e74726e3a8ff13c320baf4c7199c6b
gfx/interface/battle_log_tab.dds,holder,byte_identical_vanilla,neutral,header,True,redrawn_installed,420,34,2,5,6c0ec5cc36f4dd20890082071735798056d6d50b570368a530419feb7fed882a
gfx/interface/battle_log_top.dds,holder,byte_identical_vanilla,neutral,panel,True,redrawn_installed,658,168,1,2,8bbf12949d4b685c645828887bbeab9f0a402af181c362921bceab25fbb6a7e9
gfx/interface/big_button_232.dds,holder,byte_identical_vanilla,neutral,control,True,redrawn_installed,241,60,1,0,531037240ed678ecce1febff57eed0f64fb10eaf67e649fe430c6c501f8cc8cb
gfx/interface/boost_building_button.dds,composite,byte_identical_vanilla,neutral,control,True,redrawn_installed,23,21,1,0,d5d26945cae24b8fd476b6af95de378ec7258c9295cb5425f315c2d0897ae259
gfx/interface/bop/bop_background.dds,holder,byte_identical_vanilla,neutral,panel,True,redrawn_installed,540,160,1,1,0e4d993aa78a9e820ad415db18956979bc3ad204bb011a93c1dc7dade86db370
gfx/interface/bop/bop_bar_bg.dds,holder,byte_identical_vanilla,neutral,header,True,redrawn_installed,360,16,1,0,c7e573a958d94ee3074b864269e26024f27eff549c8bf973e045645ee2d9cc40
gfx/interface/bop/bop_bar_frame.dds,holder,byte_identical_vanilla,neutral,frame,True,redrawn_installed,368,24,1,1,37e21cc8cfab7d49631afdfd177edc5d7ad0cc376e3e15727f4111254d776e31
gfx/interface/bop/bop_glow_effect.dds,holder,byte_identical_vanilla,neutral,panel,True,redrawn_installed,258,57,2,3,3bacd5738469348ced2311d5be1632d44ccef42d3d84a1cb1138335bcfea764d
gfx/interface/border_tiled.dds,holder,byte_identical_vanilla,neutral,panel,True,redrawn_installed,16,64,1,0,f34324685e4c5312891b11492aaea73f5859bca0fc8689176418bf82108b2f26
gfx/interface/browser_back.dds,composite,byte_identical_vanilla,neutral,panel,True,redrawn_installed,41,45,1,1,a11ea107da5e386e5f8d3bed9db20ec1022139c907f0366028a151dd00f515b9
gfx/interface/browser_bg.dds,holder,byte_identical_vanilla,neutral,panel,True,redrawn_installed,1108,720,1,1,7ec8ab6bcf4e7d1c3271870dacb7fbc4fd7e7a628e52e3d157a8f9048c03e070
gfx/interface/browser_forward.dds,composite,byte_identical_vanilla,neutral,panel,True,redrawn_installed,41,45,1,1,0720706cd63c6fb078faa7fb1db0937bd786f38a52c6579558c343370ef498c2
gfx/interface/browser_overlay.dds,holder,byte_identical_vanilla,neutral,panel,True,redrawn_installed,1060,600,1,1,074fcbe7f8e446ac69168c4eff8d96bac07fcd8462134b8533fd19976b4a444c
gfx/interface/browser_refresh.dds,composite,byte_identical_vanilla,neutral,panel,True,redrawn_installed,41,45,1,1,2235dd15a3bd0751e36eb697254fd53987066c07bcd860f9be384f425780ca45
gfx/interface/btn_x10.dds,composite,byte_identical_vanilla,neutral,panel,True,redrawn_installed,76,38,2,8,80f8d90b702a9df0580b14a130fc8fb750fb7ca81224d49ae1d60d1a783d531e
gfx/interface/btn_x5.dds,composite,byte_identical_vanilla,neutral,panel,True,redrawn_installed,76,38,2,8,7345724d459ea9da661e050387421229a0316d4d5e367f72a6342cff67ee3f8b
gfx/interface/building_repair.dds,composite,byte_identical_vanilla,neutral,panel,True,redrawn_installed,84,42,2,8,aa3058aacfa592beabc1feaab362ace345e6d554874486acfb0402dddca2fb47
gfx/interface/buildings/build_slot_bg.dds,holder,byte_identical_vanilla,neutral,control,True,redrawn_installed,56,46,1,10,8c11c581faf3a28d86ef70602e5617d231eec1c8201b0f7894a1314e812cbb45
gfx/interface/buildings/building_intel_icon.dds,composite,byte_identical_vanilla,neutral,panel,True,redrawn_installed,46,46,1,0,fdfbe6b3a4113326a58277aa038b58063f093958b37a86119fc88a2c38f4e416
gfx/interface/buildings/building_no_building.dds,composite,byte_identical_vanilla,neutral,panel,True,redrawn_installed,92,46,2,0,ad28a64939273d532bdcf3017f0de26ef31298fb13c0153f3e304e8c1993ddd7
gfx/interface/buildings/building_railway_gun.dds,composite,byte_identical_vanilla,neutral,panel,True,redrawn_installed,46,46,1,4,2f8ae18d1f0fe8def625469891cc321ea935ae0c3f0d33a5e0ca91a3f9627ed9
gfx/interface/button_123x34_alt.dds,holder,byte_identical_vanilla,neutral,control,True,redrawn_installed,123,36,1,2,57ea4387f6dfa73910796fa6f517ac6584ce497566a0e1f1c7026fafa4a98bb9
gfx/interface/button_123x34_gray.dds,holder,byte_identical_vanilla,neutral,control,True,redrawn_installed,123,36,1,3,8baa889752c60bc3e68ace5f2d8649856d46881ca87fd266798f9cd9f67d58b3
gfx/interface/button_148x34.dds,holder,byte_identical_vanilla,neutral,control,True,redrawn_installed,148,36,1,176,bf2510b0c696f5060d30e51c334669a85fa48cf83b03d040a6d2598a35a91f89
gfx/interface/button_148x34_light.dds,holder,byte_identical_vanilla,neutral,control,True,redrawn_installed,148,36,1,2,cade66450a60e70fe00c904a3a9e4e04cf3f27531dadf497a66ac9dff6f25ff0
gfx/interface/button_211x20.dds,holder,byte_identical_vanilla,neutral,control,True,redrawn_installed,211,20,1,0,b642c2f17d5b2cf55c1a9927707ed6bbb078ad8655bdeac7c29c5167178234f4
gfx/interface/button_238x38.dds,holder,byte_identical_vanilla,neutral,control,True,redrawn_installed,238,38,1,4,4e0b92995a523f28aa055d7cb09c90a5eb0d20780e7acd4d585659948d699700
gfx/interface/button_261x34.dds,holder,byte_identical_vanilla,neutral,control,True,redrawn_installed,261,34,1,44,b8b9d51dca168223fe9596fdbb2e9164888e9092b2f6257b2768136a82f74b4b
gfx/interface/button_359x34.dds,holder,byte_identical_vanilla,neutral,control,True,redrawn_installed,359,34,1,0,f1b436faf5afd14014d4c9dcab7e76b311a8cc5d4d4982424a193ca7ec61eb98
gfx/interface/button_94x31.dds,holder,byte_identical_vanilla,neutral,control,True,redrawn_installed,94,31,1,24,543db0bf5eaa5a7f212ba905d8aeeef6e175552ceda8483fdb4f19c8f3f86d6d
gfx/interface/button_left.dds,composite,byte_identical_vanilla,neutral,control,True,redrawn_installed,23,21,1,22,aef193856127cdbf300e3d589f5230d05537d137241fe992ffcdf76fe3e4677a
gfx/interface/button_reset_123x34.dds,holder,byte_identical_vanilla,neutral,control,True,redrawn_installed,123,36,1,12,76ef93a6396ef98fcec8b235dbea926372ac8e4e1a4ce87781ec5ae240536d7c
gfx/interface/button_right.dds,composite,byte_identical_vanilla,neutral,control,True,redrawn_installed,23,21,1,22,a317677f4a98ddd63bb8eac8c0aec785669f9d303d7ff5f5134fc3f989397a1e
gfx/interface/button_speeddown.dds,composite,byte_identical_vanilla,neutral,control,True,redrawn_installed,31,26,1,0,9c8f68d23dcdf5a1ba7f87457e3784fdecfa12467f1adb5dafa7e004639c63c6
gfx/interface/button_speedup.dds,composite,byte_identical_vanilla,neutral,control,True,redrawn_installed,31,26,1,0,ccadb9850a5479b841a2d5c61ca0c82d679c8b3570b80877f2205b0366e192d6
gfx/interface/button_strategic_air_sort.dds,holder,byte_identical_vanilla,neutral,control,True,redrawn_installed,246,34,2,0,6ca99eb3e1f920d908ab438d1d07a8e7fb4eaefedd7e430c49e56113fb725ab3
gfx/interface/button_type_1.dds,holder,byte_identical_vanilla,neutral,control,True,redrawn_installed,145,32,1,12,84038e41e54ba07051b6346aabc20ca56e1c4c2f5c9150c1e2c0dae5ae04acff
gfx/interface/button_type_2.dds,holder,byte_identical_vanilla,neutral,control,True,redrawn_installed,80,32,1,4,a365c7e09bc248c6bf7dbab30e91318167b6a47723d79f0f622afd1403194817
gfx/interface/button_type_4.dds,holder,byte_identical_vanilla,neutral,control,True,redrawn_installed,218,32,1,36,7ea44521fe222a8f4d40b021536cd0414fbd44864dc179d550bce3ad5fbfe2fe
gfx/interface/button_type_5.dds,holder,byte_identical_vanilla,neutral,control,True,redrawn_installed,93,24,1,0,ab3ab574bb6bd0e9343eb8d311a121870431b688593173c1db6ec593d7b57a0f
gfx/interface/button_type_6.dds,holder,byte_identical_vanilla,neutral,control,True,redrawn_installed,79,31,1,72,d9639313ba37238deb651c3bd350bd46cccb01d29e93a12aab520b85885af16e
gfx/interface/button_type_7.dds,holder,byte_identical_vanilla,neutral,control,True,redrawn_installed,145,32,1,182,84038e41e54ba07051b6346aabc20ca56e1c4c2f5c9150c1e2c0dae5ae04acff
gfx/interface/button_type_9.dds,holder,byte_identical_vanilla,neutral,control,True,redrawn_installed,105,32,1,6,bf0f5e6245cb8f6df88334c40d00f5e560bd3ebe2e3c928ed8223412849bde5d
gfx/interface/buttons/add_all_button_32x32.dds,composite,byte_identical_vanilla,neutral,control,True,redrawn_installed,64,32,2,8,3f27b643063e8808852994cdc9a921c3bc10126b9c109691959691cd168b0711
gfx/interface/buttons/edit_shortcuts_button.dds,composite,byte_identical_vanilla,neutral,control,True,redrawn_installed,32,32,1,2,8f89975393ef5a3e278dfb76cf851f2f2def4960e3b3fc5a6718e404de0119e7
gfx/interface/buttons/icon_button_32x32.dds,holder,byte_identical_vanilla,neutral,control,True,redrawn_installed,64,32,2,4,1acd590026813ddfe926eefc654dae040e9d86364e642c611378bf6e75a01a95
gfx/interface/buttons/icon_button_45x32.dds,holder,byte_identical_vanilla,neutral,control,True,redrawn_installed,90,32,2,28,09adea3ad4c5f059a1e12935410c0d9f09e631957ec4d7d46c3aeaca6c686594
gfx/interface/buttons/icon_button_46x46.dds,holder,byte_identical_vanilla,neutral,control,True,redrawn_installed,92,46,2,0,bc55c1b2d3d1ba308b42e1fca5bb564997dcc051ee386597b559e5b141be04d4
gfx/interface/buttons/quick_add_button.dds,composite,byte_identical_vanilla,neutral,control,True,redrawn_installed,32,32,1,2,92fcf04114980079f2fa974b61f740f56c677a2094efadd5c2d750729cc9ced5
gfx/interface/cancel_conversion_button.dds,composite,byte_identical_vanilla,neutral,control,True,redrawn_installed,18,18,1,4,57c144caf39816f5f89eeb4437c62c5f5c48c92a3da1235c39bff0c7a48543de
gfx/interface/cancel_conveyor_button.dds,composite,byte_identical_vanilla,neutral,control,True,redrawn_installed,29,29,1,4,b2dac125d082f20eb637e7d5222394306ec198f3f082f81d47ee3acec52795cc
gfx/interface/cancel_import_button.dds,composite,byte_identical_vanilla,neutral,control,True,redrawn_installed,31,31,1,4,1e830a6dadc4392299eae405ec0c736035725d9190b24dd96bd031a8731c07a3
gfx/interface/cancel_transfer_button.dds,composite,byte_identical_vanilla,neutral,control,True,redrawn_installed,31,31,1,0,c54f70b983f3ed71eb9ad7c4d09bed1e6c7e7d5534392132dd226a72ce4f9ef4
gfx/interface/capital_ships_checkbox.dds,composite,byte_identical_vanilla,neutral,control,True,redrawn_installed,90,32,2,4,be3ab717f5561c6bebbde95a326eeb5c77c29d539cd285a1fb0c6c20614674d0
gfx/interface/capitulation_bg.dds,holder,byte_identical_vanilla,neutral,panel,True,redrawn_installed,527,322,1,2,d1a6fbb6170549d6a701a2e287053cdb6994a1230cc97d16606117ed927f5d0a
gfx/interface/career_profile/btn_blue.dds,holder,byte_identical_vanilla,neutral,panel,True,redrawn_installed,221,36,1,2,0991ad8db4845b1ba4a93e080fb00ec1dee2370b261f4f2ae09f911f7fbe8711
gfx/interface/career_profile/btn_dropdown.dds,holder,byte_identical_vanilla,neutral,panel,True,redrawn_installed,244,48,1,4,45481b48efeb888cede7d4d18e9f5199faa484adb115a9d71b9c89b00f587433
gfx/interface/career_profile/btn_green.dds,holder,byte_identical_vanilla,neutral,panel,True,redrawn_installed,148,36,1,2,cade66450a60e70fe00c904a3a9e4e04cf3f27531dadf497a66ac9dff6f25ff0
gfx/interface/career_profile/button_medal_display_slot_empty.dds,composite,byte_identical_vanilla,neutral,control,True,redrawn_installed,228,76,3,1,a7f1871fdf64ff2688175dd5ca9bc10647d8b67b61991d9dfa9c7574a02afd9a
gfx/interface/career_profile/button_medal_display_slot_filled.dds,composite,byte_identical_vanilla,neutral,control,True,redrawn_installed,228,76,3,0,6669284030440f04b97854291bd936192fb06237ca4ff347506c0a31b01e91fe
gfx/interface/career_profile/button_medal_display_slot_locked.dds,composite,byte_identical_vanilla,neutral,control,True,redrawn_installed,76,76,1,1,6dac8e792b6343c4f2e1f1df6b80cbd1ed8cc99d92d0d87c6f187d7ff981d55a
gfx/interface/career_profile/button_medal_display_slot_selected.dds,holder,byte_identical_vanilla,neutral,control,True,redrawn_installed,228,76,3,0,646ce94777258b522be02b747777b380973cc68ed2ce9d36ca1c8255a2a18eea
gfx/interface/career_profile/button_ribbon_display_slot_empty.dds,composite,byte_identical_vanilla,neutral,control,True,redrawn_installed,540,52,3,1,3352d8e0f88007e69ec30d430c418a9d9ce02c9a7fc8c40b30a1ae300ab9f881
gfx/interface/career_profile/button_ribbon_display_slot_filled.dds,composite,byte_identical_vanilla,neutral,control,True,redrawn_installed,540,52,3,0,c160a5e938b826572e2d5b56e4093b43d8c356a597e2c0b56d9ed07b42dc637e
gfx/interface/career_profile/button_ribbon_display_slot_locked.dds,composite,byte_identical_vanilla,neutral,control,True,redrawn_installed,180,52,1,1,d16a5d31313047c99f462d1159d55288a5c0948f64b8b6a8deaff605224563d4
gfx/interface/career_profile/button_ribbon_display_slot_selected.dds,holder,byte_identical_vanilla,neutral,control,True,redrawn_installed,540,52,3,0,2cbf1ac26cd8bc9f8465af1d19ea7c351659fbe8758e0876f4596a6c42cb6ebd
gfx/interface/career_profile/button_tab.dds,composite,byte_identical_vanilla,neutral,header,True,redrawn_installed,516,50,2,7,3fde3a0dcdcde90e8e8fa2697ae2caddf54a5114b66c80dc9cc88a1f299b3eac
gfx/interface/career_profile/career_bg_flyout.dds,holder,byte_identical_vanilla,neutral,panel,True,redrawn_installed,1144,572,1,2,0fa616bea62c43e31ed766090f8952c6417a3eb0c4fd590d2a00031cce21f3ee
gfx/interface/career_profile/career_checkbox.dds,composite,byte_identical_vanilla,neutral,control,True,redrawn_installed,64,32,2,1,b1c0962584afd85ebfddccd1ce8baa727b3a2c581bc630ebf3ffd14b8f654826
gfx/interface/career_profile/career_profile_bg.dds,holder,byte_identical_vanilla,neutral,panel,True,redrawn_installed,1170,790,1,1,7dd20c955f6494ee8517d78ec742f1d867e71431e4dd297fcc91cc195ec6e665
gfx/interface/career_profile/playthrough_stats_bg.dds,holder,byte_identical_vanilla,neutral,panel,True,redrawn_installed,1170,782,1,1,1b4d32241ce0c02df2b717cd877a5e314cf271f40c8a5dfe03932fc3b29b330e
gfx/interface/career_profile/profile_background_bg_default.dds,holder,byte_identical_vanilla,neutral,panel,True,redrawn_installed,360,120,1,0,15bdd771708b213a10f3f0b74ef76c424c395ca3400525aa772fbdf08c13995c
gfx/interface/career_profile/profile_background_bg_default_locked.dds,holder,byte_identical_vanilla,neutral,panel,True,redrawn_installed,360,119,1,0,b6f9e8cbcf55fa3ceac1d6e2e4ed67a31e3f239e4b57a3392b1ff6a601725bed
gfx/interface/career_profile/profile_background_lock.dds,holder,byte_identical_vanilla,neutral,panel,True,redrawn_installed,360,120,1,0,444cb992befc2ace7fd63bb52d6da6d5f87fb62f20add4a486ce6f1d596768fe
gfx/interface/career_profile/profile_background_selected.dds,holder,byte_identical_vanilla,neutral,panel,True,redrawn_installed,360,120,1,0,927d7047c85c0e56a7e84c52555cd05205028d45b89cc1e4b08fde9a27c982ac
gfx/interface/career_profile/profile_picture_bg_default.dds,holder,byte_identical_vanilla,neutral,panel,True,redrawn_installed,126,126,1,4,4754bd53292d1d01f5a6333e404b33e1a7f6dbddb39b2ade5d4ba2ec4d75fc6c
gfx/interface/career_profile/profile_picture_bg_default_locked.dds,holder,byte_identical_vanilla,neutral,panel,True,redrawn_installed,126,126,1,0,615f39f2bd41a278832ff154b9fbb10c045484edcf56f346e035264bcbc3a0e2
gfx/interface/career_profile/profile_picture_selected.dds,holder,byte_identical_vanilla,neutral,panel,True,redrawn_installed,114,114,1,0,8e9a76eb6fd65aae36cfe1bed709aa10b99cc31fe39af954a459f2a0c33b9519
gfx/interface/career_profile/ribbon_bg.dds,holder,byte_identical_vanilla,neutral,panel,True,redrawn_installed,176,50,1,6,e09ef155526583d561d495007bff84a577e07b567951fe94d5dda9cdccd13e38
gfx/interface/career_profile/ribbon_missing.dds,holder,byte_identical_vanilla,neutral,panel,True,redrawn_installed,176,50,1,5,1545023d1ba6ec8a8a747123470995b094a37fad91ab1b58780963ef8944ba75
gfx/interface/career_profile/scroll_thumb.dds,holder,byte_identical_vanilla,neutral,panel,True,redrawn_installed,13,77,1,2,5e701835363a9ca96009ae2ec3d0836f1ca72f795fa6d9485fb70f94d03dfa7f
gfx/interface/career_profile/social_bg.dds,holder,byte_identical_vanilla,neutral,panel,True,redrawn_installed,1170,790,1,1,7dd20c955f6494ee8517d78ec742f1d867e71431e4dd297fcc91cc195ec6e665
gfx/interface/career_profile/tiled_bg.dds,holder,byte_identical_vanilla,neutral,panel,True,redrawn_installed,225,225,1,3,fa250a484f6189b842b6e1d1b8f3a8a43008a11402c917d8e98cf047374a3a74
gfx/interface/career_profile/tiled_bg_dropdown.dds,holder,byte_identical_vanilla,neutral,panel,True,redrawn_installed,362,225,1,4,e8cab1e4354039243d66136003e0bc9e8f6124bba708ff7d4ad5aa529f509e44
gfx/interface/career_profile/tiled_bg_empty_temp.dds,holder,byte_identical_vanilla,neutral,panel,True,redrawn_installed,64,64,1,0,72c4ed79776b43c44f3a2673d71fde9208ccb51e7e470e3b7c353e8ad4f2808c
gfx/interface/career_profile/tiled_bg_temp.dds,holder,byte_identical_vanilla,neutral,panel,True,redrawn_installed,64,64,1,0,72c4ed79776b43c44f3a2673d71fde9208ccb51e7e470e3b7c353e8ad4f2808c
gfx/interface/career_profile/tiled_frame_selected.dds,holder,byte_identical_vanilla,neutral,frame,True,redrawn_installed,100,100,1,6,c6fab13061b64aa666a3b531650195b0fb36c9022764a94cacea4198ace47de5
gfx/interface/career_profile/tiled_stats_bg.dds,holder,byte_identical_vanilla,neutral,panel,True,redrawn_installed,362,225,1,21,acb8e2fe0a5d11e562b887625de5b67f52d81ab298f7e41cdda672eb2dbb8bf2
gfx/interface/career_profile/tiled_stats_bg_dark.dds,holder,byte_identical_vanilla,neutral,panel,True,redrawn_installed,362,225,1,0,01660b7dbfe57556348468be9ddf7250cad8ac6d9687400fb2d8445b49db53c3
gfx/interface/career_profile/tiled_war_bg_overlay.dds,holder,byte_identical_vanilla,neutral,panel,True,redrawn_installed,256,256,1,6,0ef8c0d439d903e1cc1ea8bf745e21603c9f054808099e2ae0c80c96b5e1d5c9
gfx/interface/career_profile/widget_frame_medal.dds,holder,byte_identical_vanilla,neutral,frame,True,redrawn_installed,362,150,1,3,7b17770146aece09782d262cb3ef8661f6c6e8f03a3f9a51b20ca1b37b1ddcda
gfx/interface/career_profile/widget_frame_ribbon.dds,holder,byte_identical_vanilla,neutral,frame,True,redrawn_installed,44,44,1,5,c091b6cd0cd9ea46c3bc7e32458cc9fc36dc96f01c4baa0f2f58fd34864c0c1c
gfx/interface/carrier_airwing_comp_button.dds,composite,byte_identical_vanilla,neutral,control,True,redrawn_installed,33,33,1,4,53b549fe29602c20a764cf183583a3914bdd667bce8de8334671fcb10c28c453
gfx/interface/carrier_base_create_new_btn.dds,composite,byte_identical_vanilla,neutral,control,True,redrawn_installed,46,26,1,0,3cba5c3e3c55f69a7e0f174ff431a6b4025e6c3a7fb252435f05ab6a24bc8969
gfx/interface/change_armygroup_template.dds,composite,byte_identical_vanilla,neutral,panel,True,redrawn_installed,36,103,1,0,ad1d4deea0b8da56343cb60b01688085724d0878741453afefa26b5e7742b081
gfx/interface/change_armygroup_template_down.dds,composite,byte_identical_vanilla,neutral,panel,True,redrawn_installed,27,27,1,4,0152917ad8099d26cf136c37858980b6f3fe6f954d0ffdc5e3a67236fb9e5a9d
gfx/interface/change_armygroup_template_up.dds,composite,byte_identical_vanilla,neutral,panel,True,redrawn_installed,27,27,1,4,43f0c3a88de5fa21717637ec1d5bc1a9d228b162fca1bb99b79ebfe0679a6337
gfx/interface/change_conveyor_order_btn.dds,holder,byte_identical_vanilla,neutral,control,True,redrawn_installed,54,28,2,8,cad42011ddf971ff35fd1415a4da25c66d00f9a7cfd67b27331ac1eb1c14b538
gfx/interface/change_template_button.dds,composite,byte_identical_vanilla,neutral,control,True,redrawn_installed,31,31,1,2,c3ea8ab877874eca5857b054fdd2d8ed28399c992689107fe9ae3f9804f77ec0
gfx/interface/changed_slider_indicator.dds,composite,byte_identical_vanilla,neutral,rail,True,redrawn_installed,50,25,2,4,3dd88f7c6e39dda5d8248450a1a6c788679ce2b405511e180ea98b94bf2451a4
gfx/interface/channel_select.dds,holder,byte_identical_vanilla,neutral,panel,True,redrawn_installed,309,26,3,1,b702f0d8df0eb4219adbe8b31832e85707045549165ced2eda0b7b02537eee88
gfx/interface/chart_history_level_button.dds,holder,byte_identical_vanilla,neutral,control,True,redrawn_installed,152,31,2,42,9ff5b173240e0e3024d7ddc886e90f406c68b0c319584cf7047e7a34417e8612
gfx/interface/chart_history_type_button.dds,holder,byte_identical_vanilla,neutral,control,True,redrawn_installed,228,31,2,8,f5006f611c7dafef156d303b13de08e464246da8191b1f78a75e790cd911d0e5
gfx/interface/chat_close_background.dds,holder,byte_identical_vanilla,neutral,panel,True,redrawn_installed,103,41,1,1,d1d2f32c075677eace8a9d8390dde174f6548a85e095f316b513870ded4ac657
gfx/interface/chat_select.dds,holder,byte_identical_vanilla,neutral,panel,True,redrawn_installed,208,23,2,1,c59a845b919fdfa2162b00ac3d0d7a0ff45e02d89b95526624227c52ca454466
gfx/interface/chat_whisper_player.dds,holder,byte_identical_vanilla,neutral,panel,True,redrawn_installed,198,28,1,0,061bebaedbc71459895202e97429904af205a7973b011a7cdece64ea8a66ca57
gfx/interface/chatback.dds,holder,byte_identical_vanilla,neutral,panel,True,redrawn_installed,582,305,1,0,d73b3406a3b0dc9f81fe45c1553fc3adc24ec1eef3ac1d14aa7440fae72fa414
gfx/interface/checkbox.dds,holder,byte_identical_vanilla,neutral,control,True,redrawn_installed,128,32,4,12,1c019f85bbe992e43842352702e06e79927753ab1eb3ee3ec2685b5a9ad22c6b
gfx/interface/checkbox_button_149.dds,composite,byte_identical_vanilla,neutral,control,True,redrawn_installed,298,35,2,0,4b56c8fb5a5739680e7007acdaefffee530269c1098c34305e8f975d4dc68067
gfx/interface/checkbox_button_264.dds,composite,byte_identical_vanilla,neutral,control,True,redrawn_installed,528,35,2,0,c1f080fe4f1117c8d102855d0ea67649801a3a98b5b10c170b97e268ba91ccdf
gfx/interface/checkbox_gold_32.dds,composite,byte_identical_vanilla,neutral,control,True,redrawn_installed,64,32,2,28,a6921a28ef8ab941eae382ed4e0843ef024ab992de856fcad9da6b016969024d
gfx/interface/checkbox_small.dds,holder,byte_identical_vanilla,neutral,control,True,redrawn_installed,32,16,2,0,52a00403b049d7c4599f8bc3a30fcbe7e717ba431fe3fc4feab854b667d82e19
gfx/interface/checkbox_small_green.dds,composite,byte_identical_vanilla,neutral,control,True,redrawn_installed,62,31,2,2,6f950a940342595cd11ad24cd067bb90a5e929e1b940adb97ca4f7a335d8931e
gfx/interface/checkbox_small_red.dds,composite,byte_identical_vanilla,neutral,control,True,redrawn_installed,62,31,2,4,c9a5d4fb7621dfbaeb51c97a486d2d097be5bd88fcc88313d42277d8fb946b82
gfx/interface/checkbox_small_red_green.dds,composite,byte_identical_vanilla,neutral,control,True,redrawn_installed,62,31,2,0,ba99142c8d809fcf4cafb4825ae01db2bf4c1c22ef49fd8b9d5fafc3b9ae4a83
gfx/interface/close_button_small.dds,composite,byte_identical_vanilla,neutral,control,True,redrawn_installed,32,32,1,2,d1af18739b5ac6cbfe84607d8179eca70f200ec598a2c9963628248583e11471
gfx/interface/close_production_line.dds,composite,byte_identical_vanilla,neutral,panel,True,redrawn_installed,25,11,1,0,206c6367035e78bcc7a5b541f0dbcd0e3495437ea84d9f4f677d59cf5fdddd47
gfx/interface/closebutton.dds,composite,same_path_different_image,neutral,control,True,redrawn_installed,32,33,1,304,c855a6415699ae847effdebd0850a36b1190ccc3be45faa28987143ac5b3b6f8
gfx/interface/closebutton_16.dds,composite,byte_identical_vanilla,neutral,control,True,retained_standalone_symbol,16,16,1,2,239765a909c6ffc0c396f7b1577246f73028f12e49740eb9467a418632d22e35
gfx/interface/closebutton_small.dds,composite,byte_identical_vanilla,neutral,control,True,redrawn_installed,26,26,1,26,e284281354bb1899cd870250eef5489b9236d569679480c509b405c374c772e6
gfx/interface/closebutton_small_2.dds,composite,byte_identical_vanilla,neutral,control,True,redrawn_installed,84,28,3,20,544296ecaf16910822d49f260e8432df30081504121635f312d2e19665d1e429
gfx/interface/collapse_conveyor_btn.dds,holder,byte_identical_vanilla,neutral,control,True,redrawn_installed,48,25,2,10,299b0d7d14fcbac69d7a750369732935e7e1af67f45670d2b704ac8f6c873a08
gfx/interface/collapse_or_close_buttons.dds,composite,byte_identical_vanilla,neutral,control,True,redrawn_installed,66,22,3,4,6d4b93a0e3ffc21cc61cd70b4bc7f2a5b4a5b30a7b487915628ff70d1247d0bb
gfx/interface/combat_log_info_header.dds,holder,byte_identical_vanilla,neutral,header,True,redrawn_installed,629,30,1,4,6c17ecc66e847d7ca235316417e348ec859cfbc7fbc923f38a737683b523b679
gfx/interface/conference_action_header.dds,holder,byte_identical_vanilla,neutral,header,True,redrawn_installed,319,49,1,2,b6598406bb119c37e3075b2ef3fc79e1b6ebda2f990564fefefde03ba8231738
gfx/interface/conference_action_turn_entry.dds,holder,byte_identical_vanilla,neutral,control,True,redrawn_installed,301,29,1,1,8ce00bfed4e84e6dfba46ff7aa78c9eaeb5b06c4879636c437c3e5832f85b295
gfx/interface/conference_top_left.dds,holder,byte_identical_vanilla,neutral,panel,True,redrawn_installed,330,102,1,0,0d446a71ea3ec9ab743791feb93115330aa1031a86e00a4d5882911b0d5cccd4
gfx/interface/conference_top_right.dds,holder,byte_identical_vanilla,neutral,panel,True,redrawn_installed,330,102,1,0,4302c42f4c476ef8bffd8d033e029545d93fc62f4645c39d6dc8e37131acff72
gfx/interface/console_win_bg.dds,holder,byte_identical_vanilla,neutral,panel,True,redrawn_installed,500,412,1,0,e6da9dbdd33c700e52bc9c939c805a2ebe9a3eeae14e77612bcda8b80cf4b351
gfx/interface/consolidate.dds,composite,byte_identical_vanilla,neutral,panel,True,redrawn_installed,31,31,1,6,ca0f4595e053f4bdcc0a4ff286b3c22465bb2f071e2cb74a3583d91317f1cd3d
gfx/interface/construction_entry_bg.dds,holder,byte_identical_vanilla,neutral,control,True,redrawn_installed,402,54,1,8,0555b17a3a3dfd9ceaf5b16aa1e421b07adf16aa8623455f59d2b953ec7b47b6
gfx/interface/construction_header_bg.dds,holder,byte_identical_vanilla,neutral,header,True,redrawn_installed,689,43,1,8,3cb25f97a5756a9641ab024f4545b9e0b25cf45bfde50edc76bbb4952b44dc04
gfx/interface/construction_screen_top.dds,holder,byte_identical_vanilla,neutral,panel,True,redrawn_installed,433,98,1,4,168fd4f0dca9b5de917a414f0726d53dae07bf04302b4945527b830c62e543d2
gfx/interface/construction_special_entry_bg.dds,holder,byte_identical_vanilla,neutral,control,True,redrawn_installed,402,54,1,14,2d5370819dadff2cd5a81dbcdd5c596c35940d93e04169144fe89983661dd286
gfx/interface/construction_title_bg.dds,holder,byte_identical_vanilla,neutral,panel,True,redrawn_installed,65,21,1,0,336421c6380b6506c4fc9770f679f326c39ac6928d193984da0eb4baebab46a2
gfx/interface/constructions_bg1.dds,holder,byte_identical_vanilla,neutral,panel,True,redrawn_installed,105,186,1,2,e19019e6622c2a6c0cfa03f81fdf780fb117eb938be4f483829cde4925a70a30
gfx/interface/constructions_bg2.dds,holder,byte_identical_vanilla,neutral,panel,True,redrawn_installed,105,143,1,2,89269ab2b03053fc979d9f5d79f3a03f6d205cef30c0daa305f8e85f223cb5b0
gfx/interface/constructions_bg3.dds,holder,byte_identical_vanilla,neutral,panel,True,redrawn_installed,105,66,1,0,d9f8e7397220501d90b8ca05adf2885b098c1ea51e8e8f85d6e028cf64124ee3
gfx/interface/constructions_bg4.dds,holder,same_path_different_image,neutral,panel,True,redrawn_installed,105,280,1,6,59e6dbf7e538f63a15cb64157dd7419b46da8cab4286d62abdfb068223d2657a
gfx/interface/conversion_mapicon.dds,composite,byte_identical_vanilla,neutral,panel,True,redrawn_installed,106,26,1,1,e43b47fa6d9d0d6d5799bcb655aa7e8a6420de9cfe9d1fc92f8aff44059713bb
gfx/interface/convert_ic_button.dds,composite,byte_identical_vanilla,neutral,control,True,redrawn_installed,46,46,1,4,4bf9de017900b1e3b7caae8136bddefbb1c9ce99b18b15e3b97be1cd8b20c972
gfx/interface/convert_industrial_cap_left.dds,composite,byte_identical_vanilla,neutral,panel,True,redrawn_installed,32,15,1,0,977fec02e638122c9ec8f60e180298fd8a1e7463794269a8a785a29e6f34cd1b
gfx/interface/convert_industrial_cap_right.dds,composite,byte_identical_vanilla,neutral,panel,True,redrawn_installed,32,15,1,0,97de4fe04ac078101d0d029f5d54e1009d94abc27baf2a1a42aa2b2ccb5c6037
gfx/interface/conveyor_group_btn_frame.dds,holder,byte_identical_vanilla,neutral,frame,True,redrawn_installed,27,27,1,36,82058f09b607b3e1444cc6b692e8af43dfe3fab78ba38a1d14653528f0eaadb9
gfx/interface/country_selection_minor_entry.dds,composite,byte_identical_vanilla,neutral,control,True,redrawn_installed,276,97,2,5,4a72028bebdad5a36eb43269073bdf324ddf390890fa749846139c5434d8dfb9
gfx/interface/create_faction_button.dds,composite,byte_identical_vanilla,neutral,control,True,redrawn_installed,34,29,1,0,4bd6af165deb676e984d9329f186800ac4a0ef2d6e4e105306237dee87522407
gfx/interface/create_variants_button.dds,composite,byte_identical_vanilla,neutral,control,True,redrawn_installed,195,39,5,10,5187f4d912eacf9de45ff045cc20f66deb78e4d022b17e463abf6824446ecb38
gfx/interface/crypto/add_new.dds,composite,byte_identical_vanilla,neutral,panel,True,redrawn_installed,710,65,2,0,286642bb282e9611c4b2104bae8d218b946c00655c6f56890407e5b0292bd473
gfx/interface/crypto/country_entry_bg.dds,holder,byte_identical_vanilla,neutral,control,True,redrawn_installed,516,87,1,2,1e8f5392f13a1845a715bb13d3ac99130b07427a47812175d17177f462876e2b
gfx/interface/crypto/country_entry_selected_bg.dds,holder,byte_identical_vanilla,neutral,control,True,redrawn_installed,516,87,1,2,296b3995ea6cd378133324bb50e707fa6abbd0e7d709fa64658653ce2c688f00
gfx/interface/crypto/cracking_bg.dds,holder,byte_identical_vanilla,neutral,panel,True,redrawn_installed,127,48,1,0,d9d2eb7993f5b07b660ac32c1a20a0a9f17390462c35bde35c77a36703b8e76d
gfx/interface/crypto/decrypt_button_bg.dds,holder,byte_identical_vanilla,neutral,control,True,redrawn_installed,111,53,1,2,b47019e7ddcfd2a82839f6c019ebd371316bbf8b186d16f46dd7b69315722a65
gfx/interface/crypto/decryption_activate_button.dds,composite,byte_identical_vanilla,neutral,control,True,redrawn_installed,48,48,1,2,2d284a188316ca6e7030f39e27574b127ca738374e842017f4cff6964ffbac65
gfx/interface/crypto/decryption_start_stop_button.dds,composite,byte_identical_vanilla,neutral,control,True,redrawn_installed,72,36,2,2,f88a957294514e3151e4d000df7c74fb493430bf83295f24c5cd5e77ad94e1c5
gfx/interface/crypto/header_crypto.dds,holder,byte_identical_vanilla,neutral,header,True,redrawn_installed,522,59,1,4,0490306e81fa7b7a7e11b10ec146529581f4f60c420338d8efcdd59bdc30a607
gfx/interface/current_wars_entry.dds,composite,byte_identical_vanilla,neutral,control,True,redrawn_installed,531,41,1,2,3907c74ae9402656402ad6387969347e83241e67444320bb0e5dc1b747c7ff91
gfx/interface/custom_difficulty_slider_bg.dds,holder,byte_identical_vanilla,neutral,rail,True,redrawn_installed,299,30,1,4,d616356ea2d2ba5089b33f32d1071b040871908fba7d9137d41117e55187f9fe
gfx/interface/custom_set_button.dds,composite,byte_identical_vanilla,neutral,control,True,redrawn_installed,72,36,2,0,7ef5551b1022a1791d7c0aad865484538a945914a00a4ddaff5e1f090d4fa26b
gfx/interface/custom_set_button_2.dds,composite,byte_identical_vanilla,neutral,control,True,redrawn_installed,464,35,2,4,cc1e5847ea17cc4924907a08a799b4140ee02731bbcebf531efb5625e1b0af04
gfx/interface/cze_skoda/CZE_skoda_explanation_background.dds,holder,byte_identical_vanilla,neutral,panel,True,redrawn_installed,488,54,1,1,fa62343f1a2c29ea6a258a4679e784bdb26d99447c31d27053d3ebbd7452fe18
gfx/interface/cze_skoda/CZE_skoda_UI_square_aircraft.dds,holder,byte_identical_vanilla,neutral,panel,True,redrawn_installed,94,94,1,1,3f060099d76aa53face50fdc3890c8bf717cf72cad05afd43b4202252d89a108
gfx/interface/cze_skoda/CZE_skoda_UI_square_aircraft_selected.dds,composite,byte_identical_vanilla,neutral,panel,True,redrawn_installed,94,94,1,1,e549f60138a70337bf60a06879faed7c8f7b13074f247cab84a336f2b0f1ded9
gfx/interface/cze_skoda/CZE_skoda_UI_square_armor.dds,holder,byte_identical_vanilla,neutral,panel,True,redrawn_installed,94,94,1,1,3f060099d76aa53face50fdc3890c8bf717cf72cad05afd43b4202252d89a108
gfx/interface/cze_skoda/CZE_skoda_UI_square_armor_selected.dds,composite,byte_identical_vanilla,neutral,panel,True,redrawn_installed,94,94,1,1,88b9aa5dd36fa89eb2b82aa64ab62b79f64a26d8d69b92d875b682433e6bbbcf
gfx/interface/cze_skoda/CZE_skoda_UI_square_default.dds,holder,byte_identical_vanilla,neutral,panel,True,redrawn_installed,94,94,1,1,3f060099d76aa53face50fdc3890c8bf717cf72cad05afd43b4202252d89a108
gfx/interface/cze_skoda/CZE_skoda_UI_square_default_selected.dds,composite,byte_identical_vanilla,neutral,panel,True,redrawn_installed,94,94,1,1,abb16dd44d559662119b3b26ea7806425b3229d2277498e879c28916f37bd78f
gfx/interface/cze_skoda/CZE_skoda_UI_square_infantry.dds,holder,byte_identical_vanilla,neutral,panel,True,redrawn_installed,94,94,1,1,3f060099d76aa53face50fdc3890c8bf717cf72cad05afd43b4202252d89a108
gfx/interface/cze_skoda/CZE_skoda_UI_square_infantry_selected.dds,composite,byte_identical_vanilla,neutral,panel,True,redrawn_installed,94,94,1,1,bcd043d6d76f17d05c784b6797012b5369fee6f5b32eb2f45d1b3c18d8a15813
gfx/interface/cze_skoda/CZE_skoda_UI_square_naval_work.dds,holder,byte_identical_vanilla,neutral,panel,True,redrawn_installed,94,94,1,1,3f060099d76aa53face50fdc3890c8bf717cf72cad05afd43b4202252d89a108
gfx/interface/cze_skoda/CZE_skoda_UI_square_naval_work_disabled.dds,composite,byte_identical_vanilla,neutral,panel,True,redrawn_installed,94,94,1,1,4cd7dc775c5003c1a3880f5a16621b83d3d67d85fef8aae889a468854cc10041
gfx/interface/cze_skoda/CZE_skoda_UI_square_naval_work_selected.dds,composite,byte_identical_vanilla,neutral,panel,True,redrawn_installed,94,94,1,1,297febb1b074a683b696a78f4baac13bb4d6fc726c4371ea9ceac9fcfa98fe83
gfx/interface/cze_skoda/skoda_background_interface.dds,holder,byte_identical_vanilla,neutral,panel,True,redrawn_installed,552,516,1,1,2745f974666daa14f3f074ec49ada47182cdc6835c75d44786b087db8f9b5515
gfx/interface/date_pause_button.dds,holder,byte_identical_vanilla,neutral,control,True,redrawn_installed,412,28,2,4,ba99678d567eae438783b0f259bb5b78dd704337c01559756cb025a3ab3855b5
gfx/interface/date_pause_button_bg.dds,holder,byte_identical_vanilla,neutral,control,True,redrawn_installed,206,28,1,4,aa9294ae4b3a31c2d331bfa18304e510b7980d3c4fea33ca60d513daf2ec2609
gfx/interface/decisionview/decision_AI_item_bg.dds,holder,byte_identical_vanilla,neutral,control,True,redrawn_installed,511,40,1,0,ff15eb82626e4ad625812cb550621d63f03126c89c66c03257aa30e17e11c382
gfx/interface/decisionview/decision_description_bg.dds,holder,byte_identical_vanilla,neutral,panel,True,redrawn_installed,510,100,1,0,fa6d8617734823916735ddd1da607f1932d2da1c1335003c7876ef7a0c479100
gfx/interface/decisionview/decision_item_bg_single.dds,holder,byte_identical_vanilla,neutral,control,True,redrawn_installed,511,40,1,0,ea0138b6312d4ceddcc90a37473d8827d0096b12b8b868d55b60ffaf11124c29
gfx/interface/decisionview/decision_progress_bg.dds,holder,byte_identical_vanilla,neutral,header,True,redrawn_installed,503,40,1,26,937fbf2afe78571e12f9aab84174e113b000d7123ad13e5fac74db1def86ca23
gfx/interface/decisionview/event_item_bg.dds,holder,byte_identical_vanilla,slate,control,True,redrawn_installed,512,33,1,4,3cb01ced43a607ba454bf849dff05b7a018f2d09b7d31cd4c54743add2ea6ff3
gfx/interface/decisionview/on_map_cost_bg.dds,holder,byte_identical_vanilla,neutral,panel,True,redrawn_installed,58,30,1,1,d37f1c4b98ab75d780eb67c39fb71ba9e4b94ec285472b1178a61298534ecde1
gfx/interface/decisionview/on_map_decision_bg.dds,composite,byte_identical_vanilla,neutral,panel,True,redrawn_installed,127,39,3,1,c7c312f0e578d127c1d1e0eb3fb0334f47f1713a3fed4cdd9cdd1a62b161c215
gfx/interface/decisionview/on_map_progress_bar_bg.dds,holder,byte_identical_vanilla,neutral,header,True,redrawn_installed,43,12,1,2,01c643523890bba8b1ab2de09c2691d1b162b141d8dd6a877b8ef1d0f77da943
gfx/interface/decisionview/on_map_progress_bar_bg_old.dds,holder,byte_identical_vanilla,neutral,header,True,redrawn_installed,26,4,1,0,6f122fd2cc4bfcbd7e38f65a98003cc5a5a31a3bf15db61961eb42aa7f2ca579
gfx/interface/delete_template_button.dds,composite,byte_identical_vanilla,neutral,control,True,redrawn_installed,31,26,1,20,be21633fa78839cd70142ace58581d717bd14dba32d268ba2fbb99b74e849e3e
gfx/interface/deploy_conveyor_button.dds,composite,byte_identical_vanilla,neutral,control,True,redrawn_installed,29,29,1,4,b5e509cf47f5b87143534109ab82a879955c4758777a3f7fbd0f72516b6024c3
gfx/interface/deploy_garrisons_entry.dds,composite,byte_identical_vanilla,neutral,control,True,redrawn_installed,493,57,1,0,6ff6369bcbabfcec4c26315b3d0c117ac7a4b38d2f6983bec5a25060bf6bf894
gfx/interface/deploy_line_button.dds,composite,byte_identical_vanilla,neutral,control,True,redrawn_installed,26,26,1,4,1db1bbd50db9469a0717a45962b6e94d5df7641ab6d149cf0e8f67eda6979f3c
gfx/interface/deploy_operations_entry.dds,composite,byte_identical_vanilla,neutral,control,True,redrawn_installed,493,57,1,0,89c6db353d66a5f743e16dba89ac6d0f1cbfa3b90530e85c3c35895680b2fec8
gfx/interface/deploy_port_fleet_bg.dds,holder,byte_identical_vanilla,neutral,panel,True,redrawn_installed,335,35,1,14,92af56c1ececbf57dea5b179cae9955645111df31fbb6008b8cdfa11a6540da0
gfx/interface/deploy_priority_icon_bg.dds,holder,byte_identical_vanilla,neutral,control,True,redrawn_installed,79,40,1,8,bdc3f70bf0c688d3d25dd3cad31db161a6ab56e9a8f6aebf6624c13ae9559956
gfx/interface/deploy_priority_title_bg.dds,holder,byte_identical_vanilla,neutral,panel,True,redrawn_installed,159,26,1,8,2b2e149500d33c80bebdc9eb126ec41b9aba029ddb4f48500033384f8c42451a
gfx/interface/deploy_reinforcements_entry.dds,composite,byte_identical_vanilla,neutral,control,True,redrawn_installed,493,57,1,8,a656f75e69d067ca4870a16849577daa1e6ab30523bfbb1ebf1061833f0d1696
gfx/interface/deploy_supply_entry.dds,holder,byte_identical_vanilla,neutral,control,True,redrawn_installed,491,70,1,0,e0428077cb79846a2b0df445ce02ebdb66ded90243262fa1deaf9218f5b9a1a4
gfx/interface/deploy_upgrades_entry.dds,composite,byte_identical_vanilla,neutral,control,True,redrawn_installed,493,57,1,0,dc04bb46573bd55339ed1857123bba2e6999b3264dec71b2f3221ae963171ba0
gfx/interface/deployment_binding.dds,holder,byte_identical_vanilla,neutral,panel,True,redrawn_installed,533,35,1,22,a8829cc6f8cd79fa728c0b32686ec62e1d2f620bfab4a1679c475fbd8f636a98
gfx/interface/deployment_division_bg.dds,holder,byte_identical_vanilla,neutral,panel,True,redrawn_installed,980,78,2,0,9ae31d9a44b6cf9d2534d6857358436c8dbd285e605acc2c3cf28c5a0857162b
gfx/interface/deployment_entry_progressbar_bg.dds,holder,byte_identical_vanilla,neutral,header,True,redrawn_installed,65,12,1,15,e913a56a60b68e1f0252a36f91d8de4eb70dd56dd261cfd231803df301ef73fb
gfx/interface/deployment_item_bg.dds,holder,byte_identical_vanilla,neutral,control,True,redrawn_installed,69,84,1,0,74bbe8b5f74dae076b1b778d777dd3cca11d5603fc99ef733d2ce70366cffec2
gfx/interface/deployment_named_division_bg.dds,holder,byte_identical_vanilla,neutral,panel,True,redrawn_installed,346,78,1,4,8b8517beeeffffa1a094dfcb3915929bf64aa8f3cb9f5ec7a426de77d464c2e4
gfx/interface/deployment_named_division_obsolete_bg.dds,holder,byte_identical_vanilla,neutral,panel,True,redrawn_installed,348,79,1,4,dfc930f246455c17db8772d555013891cf09ae1994ad469c623b5e37e5798ba0
gfx/interface/deployment_progress_frames.dds,holder,byte_identical_vanilla,neutral,frame,True,redrawn_installed,103,32,1,0,7e11f47e420b08287f97641f9179226860c698c35fed3274285e472062d7be7f
gfx/interface/deployment_progressbar_bg.dds,holder,byte_identical_vanilla,neutral,header,True,redrawn_installed,93,12,1,10,05d902f99de01479ad2e31ee6ff6691d1832eb216ee91c4c55d84cc517b07d32
gfx/interface/deployment_selected_item_bg.dds,holder,byte_identical_vanilla,neutral,control,True,redrawn_installed,69,84,1,0,0651009c0c1fc876109cd4ddf62e9261352613fb375867f7bb4706300e8d6c38
gfx/interface/difficulty_button_civilian.dds,composite,byte_identical_vanilla,neutral,control,True,redrawn_installed,232,35,2,4,454bee41459fa8e65ec0aa8d5ca16f08854ab7272380c2ddcf6163503913104c
gfx/interface/difficulty_button_elite.dds,composite,byte_identical_vanilla,neutral,control,True,redrawn_installed,232,35,2,4,f4ba864a9dad51f11d1348b2cc7744aaec7257295b694d480d6b97e429a98d76
gfx/interface/difficulty_button_recruit.dds,composite,byte_identical_vanilla,neutral,control,True,redrawn_installed,232,35,2,4,29e6624470b7d4291ff3d4525451d4bb37bcd250244488a3f0b151748e7d4aad
gfx/interface/difficulty_button_regular.dds,composite,byte_identical_vanilla,neutral,control,True,redrawn_installed,232,35,2,4,be8da3624aa718ecf8933f703ce30d4424470fb5b7457b9c5bb3978460770815
gfx/interface/difficulty_button_veteran.dds,composite,byte_identical_vanilla,neutral,control,True,redrawn_installed,232,35,2,4,1a0d89767fd5e0dc6f5ad0dde57e331cee7b4a0b8a05e3c290d49a7f2be49d44
gfx/interface/diplo_action_boost_party_bg.dds,holder,byte_identical_vanilla,neutral,panel,True,redrawn_installed,527,360,1,6,5e9e25124a3a5adae55bad6cb5c482d99c12f352a68ce3148963650838a5fc53
gfx/interface/diplo_action_bottom.dds,holder,byte_identical_vanilla,neutral,panel,True,redrawn_installed,521,72,1,4,7fc5e858be681e1b30dbed51d00c3dec3e6c76e87546814bd861cc6c3665691f
gfx/interface/diplo_action_call_allies_bg.dds,holder,byte_identical_vanilla,neutral,panel,True,redrawn_installed,527,360,1,4,cd865d2e31061d90f363f6838a42df93a5cffc3229947883322477bd33a57445
gfx/interface/diplo_action_declare_war_bg.dds,holder,byte_identical_vanilla,neutral,panel,True,redrawn_installed,527,532,1,4,c3ae33574c8d8b0f72870a3106bc0470744ec11ce1d25dceca502577bbe9c386
gfx/interface/diplo_action_declarewar_top.dds,holder,byte_identical_vanilla,neutral,panel,True,redrawn_installed,521,121,1,0,67d370faf0f76e034ff34a40f0f64376ff3b3899ec2e61005e205d294fc38d6a
gfx/interface/diplo_action_dissolve_faction_bg.dds,holder,byte_identical_vanilla,neutral,panel,True,redrawn_installed,527,315,1,0,73282cb99853f7428e66f7bc16d5cc43b596c4ca152c0b9aff62899c9c583823
gfx/interface/diplo_action_embargo.dds,holder,byte_identical_vanilla,neutral,panel,True,redrawn_installed,526,313,1,0,0f06127e37bc756f55e4a23f89920524b2ed2b3262e1af396f49785a35cbd06f
gfx/interface/diplo_action_expeditionary_force_bg.dds,holder,byte_identical_vanilla,neutral,panel,True,redrawn_installed,527,612,1,4,ad96104996625820641df2fc9f4cc11ae1bf1adcffd5cdf143940c23724b2e11
gfx/interface/diplo_action_foreign_garrison_bg.dds,holder,byte_identical_vanilla,neutral,panel,True,redrawn_installed,526,313,1,0,75e38b63e566cb2dac686abc47195384b7b1ac1b576d41ebb17fd0bc5c24641e
gfx/interface/diplo_action_guarantee_independence_bg.dds,holder,byte_identical_vanilla,neutral,panel,True,redrawn_installed,527,360,1,6,c2181882c4cb4736c084e78cc88a3af7a9ba44bbf4c60713d32c6a5678045709
gfx/interface/diplo_action_imp_relations_bg.dds,holder,byte_identical_vanilla,neutral,panel,True,redrawn_installed,527,315,1,0,3730da29bc1c5ce5b08cf283a671b7d05bc0894ffb9ad1acf811861d3792f152
gfx/interface/diplo_action_invite_to_faction_bg.dds,holder,byte_identical_vanilla,neutral,panel,True,redrawn_installed,527,410,1,8,ebaa59e53f9ebad46204bb148a08d30245964316a87201494b8bdd65bd8587d4
gfx/interface/diplo_action_join_allies_bg.dds,holder,byte_identical_vanilla,neutral,panel,True,redrawn_installed,527,360,1,4,cd9f769a8b9291c5ab88dcba314cfdf5cd1afcb36346635613f3a1d77606b03b
gfx/interface/diplo_action_justify_wargoals_bg.dds,holder,byte_identical_vanilla,neutral,panel,True,redrawn_installed,527,532,1,8,d1997da421495c7059452d840d929e04fd70c49095bdfe484d5faebd34b65aaa
gfx/interface/diplo_action_justify_wargoals_top_bg.dds,holder,byte_identical_vanilla,neutral,panel,True,redrawn_installed,500,150,1,4,894d1b40e899386327c7f6e1c5499c0f02a3c6893b6ce4c7ed2ce5bdd4980531
gfx/interface/diplo_action_lend_lease_bg.dds,holder,byte_identical_vanilla,neutral,panel,True,redrawn_installed,527,612,1,12,cba599a8b78473adb94cfb780905baf53eadff87253d854453c355626c241679
gfx/interface/diplo_action_license_production_bg.dds,holder,byte_identical_vanilla,neutral,panel,True,redrawn_installed,496,664,1,4,c22fd049bc4c1b1143613f8e7385f440c6ab3492872131436450c0e2398e18d8
gfx/interface/diplo_action_mil_acess_bg.dds,holder,byte_identical_vanilla,neutral,panel,True,redrawn_installed,527,315,1,0,9c2a895d79767d34efbfffc89154d7472a4e1096a4ebe540e021bfe938584208
gfx/interface/diplo_action_offer_peace_bg.dds,holder,byte_identical_vanilla,neutral,panel,True,redrawn_installed,527,315,1,0,8e69dcc0cc6ccb2d762fb07852707c3af076f342ea4d04c6670ab7d87c3e3425
gfx/interface/diplo_action_request_forces_bg.dds,holder,byte_identical_vanilla,neutral,panel,True,redrawn_installed,527,315,1,8,8cc14738e59f2b32ed6e1157d387a49f8df4c3aba1c21046d6805a59683faee3
gfx/interface/diplo_action_send_attache_bg.dds,holder,byte_identical_vanilla,neutral,panel,True,redrawn_installed,527,430,1,4,4eb1e4755844061e3c2ff0593600fa1135cf195d093ab186a95ed2839b9acb18
gfx/interface/diplo_action_spymaster_bg.dds,holder,byte_identical_vanilla,neutral,panel,True,redrawn_installed,526,313,1,0,e0e034fa8e504c8ddd6e3548c06e55dc5ef0760d54052fe16f5953efe3d6193e
gfx/interface/diplo_action_stage_coup_bg.dds,holder,byte_identical_vanilla,neutral,panel,True,redrawn_installed,527,532,1,12,481e36e775cf641387a1f0982ef1a8c2fa38b0a26ec74b7b96dfdbf5be610257
gfx/interface/diplo_action_volunteers_bg.dds,holder,byte_identical_vanilla,neutral,panel,True,redrawn_installed,527,612,1,4,8948584771102f5419001b3b61efbb5185c208dd831ee7f792d81311de51cf4f
gfx/interface/diplo_actions_bg.dds,holder,byte_identical_vanilla,neutral,panel,True,redrawn_installed,684,28,3,8,cdbac341d9636607f073bc44e15a0a451161668788181fcb24004deea9132b12
gfx/interface/diplo_countrylist_binding.dds,holder,byte_identical_vanilla,neutral,panel,True,redrawn_installed,533,35,1,4,a8829cc6f8cd79fa728c0b32686ec62e1d2f620bfab4a1679c475fbd8f636a98
gfx/interface/diplo_countrylist_entry.dds,composite,byte_identical_vanilla,neutral,control,True,redrawn_installed,505,44,1,4,172cde4a003bb86ae43863fc1a8547b89a706c789e1805c04a10c7207c2f6740
gfx/interface/diplo_countrylist_flag_frame.dds,holder,byte_identical_vanilla,neutral,frame,True,redrawn_installed,52,38,1,64,af2db314ec2a44d6ed3411ff8484b0c13cb41e224e2a326e0e7239399fd6721a
gfx/interface/diplo_countrylist_flag_frame_mini.dds,holder,byte_identical_vanilla,neutral,frame,True,redrawn_installed,118,44,2,5,cb1361c331c9e4ecf2e65d360ec94ffac0fc2cdb2229ffd328261489c4a2a24a
gfx/interface/diplo_details_header.dds,holder,byte_identical_vanilla,neutral,header,True,redrawn_installed,241,51,1,16,211be9e8da0f0dd3b0827586812620d4dc6223ba7b8fb41c5ff45f5a6a762489
gfx/interface/diplo_filter_area_bg.dds,holder,byte_identical_vanilla,neutral,panel,True,redrawn_installed,521,136,1,4,b74d9284590704b19008ef1dc11726398c412bede488840a84a4143f1f4b2f60
gfx/interface/diplo_filter_entry.dds,holder,byte_identical_vanilla,neutral,control,True,redrawn_installed,246,34,2,76,fb116d5f5446928813be2c75d0b7759cd7cb8b7c20927dfbb2a6f0d8a905300a
gfx/interface/diplo_nonagression_pact_bg.dds,holder,byte_identical_vanilla,neutral,panel,True,redrawn_installed,527,315,1,0,1ae105dc3882f378a0a9799230dad360fad442865a09d7e980a33b9d2d4085be
gfx/interface/diplo_opinion_bg.dds,composite,byte_identical_vanilla,neutral,panel,True,redrawn_installed,73,62,1,4,904804c3b8136923d1f12c0c4f1aa34f95656807254e5e7a625e8836bc5073e9
gfx/interface/diplo_popup_bottom.dds,holder,byte_identical_vanilla,neutral,panel,True,redrawn_installed,494,72,1,15,2611d4de1d837af6d41fc988a1d10ca82ccfb7d692703286b539b8a3fefea03d
gfx/interface/diplo_popup_bottom_large.dds,holder,byte_identical_vanilla,neutral,panel,True,redrawn_installed,584,72,1,5,7e216b2680cc138008d6858db8b00778f5caf856c0a9fe57735dfe956a3cd093
gfx/interface/diplo_popup_header_bg.dds,holder,byte_identical_vanilla,neutral,header,True,redrawn_installed,494,86,1,10,c8b9f68a9085aca7c8940bb3052f35245abd52c96e839d4f9e837eccb7dbac17
gfx/interface/diplo_popup_header_bg_large.dds,holder,byte_identical_vanilla,neutral,header,True,redrawn_installed,584,87,1,5,30e4344a3fa563f4df3b580097ce34d474bb6450d6b68c5a02e6c378a680382f
gfx/interface/diplo_relations_bg.dds,holder,byte_identical_vanilla,neutral,panel,True,redrawn_installed,235,44,1,8,d07f63de5f4735e140c7296b0c98c8452c2d0bf39ec1683cb7cff6e116744968
gfx/interface/diplo_response_bg.dds,holder,byte_identical_vanilla,neutral,panel,True,redrawn_installed,449,40,1,38,18c4c4c6a3e70fe4e7d895dd2bd78cb35786b1682ef6c7e5e416ec19de31a81e
gfx/interface/diplo_unity_bg.dds,holder,byte_identical_vanilla,neutral,panel,True,redrawn_installed,42,62,1,40,397886b6d80aa777ac0d793f643aca004c559a91b1ab83bd7d6bf26d7c7c53cc
gfx/interface/diplo_upper_win_bg.dds,holder,byte_identical_vanilla,neutral,panel,True,redrawn_installed,399,71,1,4,c434424cfadc19722db2c933b78fd1845ee873cf2fc47dad68119ea207508440
gfx/interface/diplomacy_wargoal_entry.dds,composite,byte_identical_vanilla,neutral,control,True,redrawn_installed,246,34,2,0,538e5bfd9340bf7d5ec8b178c01f5b7444b2703837cf34e8324db4018b2a8bc6
gfx/interface/dismantle_faction_button.dds,composite,byte_identical_vanilla,neutral,control,True,redrawn_installed,31,31,1,6,35ffbf852fc26d7dbbb996de07f3920ee1b3c9ec4dbf8431e3be59e91dde7576
gfx/interface/div_count_bg.dds,holder,byte_identical_vanilla,neutral,panel,True,redrawn_installed,93,35,1,6,e9ec0781a475338fc3a47b92b25125c05b4ba42b79ed9005a46d33c0c1e2a44c
gfx/interface/div_designer_colonial_flag_frame.dds,holder,byte_identical_vanilla,neutral,frame,True,redrawn_installed,44,47,1,4,5fc492b6dbb4a46f2352b29547447ff741d36cb67b1386da33711acd75c977b2
gfx/interface/div_designer_colonial_flag_frame2.dds,composite,byte_identical_vanilla,neutral,frame,True,redrawn_installed,23,27,1,10,25152ced2333d5538cb596848f2c07408ede7a864a524f1a348da8029ecc8f66
gfx/interface/div_designer_exile_flag_frame2.dds,composite,byte_identical_vanilla,neutral,frame,True,redrawn_installed,22,25,1,14,0617362b3579768b6303b330901e52d7b22043aee3183a5aee31f225598be08b
gfx/interface/div_subunit_item_bg.dds,holder,byte_identical_vanilla,neutral,control,True,redrawn_installed,64,53,1,1,202c61c88c162b3fa506112cc894c7356110eedeb1bbe301cc38c826afe47080
gfx/interface/div_unit_item_bg.dds,holder,byte_identical_vanilla,neutral,control,True,redrawn_installed,76,53,1,3,d96c48137cebeab2813c797fa7e003db2a265cde86199d6ab8a737b0d4c3cba0
gfx/interface/division_3d_entry.dds,composite,byte_identical_vanilla,neutral,control,True,redrawn_installed,1020,43,2,0,761447ccf8fb3424bd401a9a4a19402ac934a55bd290425e2be6a5f7b7f89678
gfx/interface/division_3d_entry_half_width.dds,holder,byte_identical_vanilla,neutral,control,True,redrawn_installed,510,43,2,2,b9cc95e123de8f0095d144f44f1b1140a0610b7d09278ffdfaed2ea08dde7704
gfx/interface/division_designer_bg.dds,holder,byte_identical_vanilla,paper,panel,True,redrawn_installed,549,826,1,0,54a632a78b66e2687dd8fba5663078046f4e2847df0df3e567bfb0d7bfcf77f2
gfx/interface/division_designer_popup_bg.dds,holder,byte_identical_vanilla,paper,panel,True,redrawn_installed,1092,553,1,1,ab685e01372a1b74fe5aafa65f8c8e3c0f925b5f63a3679b82c478e733b8a093
gfx/interface/division_equipment/equipmeny_stats_list_entry.dds,holder,byte_identical_vanilla,neutral,control,True,redrawn_installed,460,36,1,2,d9adfbdfc85273f7a8483fc6fe7d13092912e0d9fe078af8c72eb67e09afcd05
gfx/interface/division_equipment/equipmeny_stats_list_entry_small.dds,holder,byte_identical_vanilla,neutral,control,True,redrawn_installed,441,33,1,4,67c056489956a46f9a59ec3e8a91e96116f279484f28643f315b00151de55bda
gfx/interface/division_equipment/generic_checkbox3_orange.dds,composite,byte_identical_vanilla,neutral,control,True,redrawn_installed,56,23,2,8,2c95ee81a1c9699e0d3e9df531e612cade10a0e622111d8daf74e727a2427986
gfx/interface/division_icon_bg.dds,holder,byte_identical_vanilla,neutral,control,True,redrawn_installed,96,45,1,1,8fad3baa85e67b596f934203dd44d3dbdaa4160d1171bbcf5b70fb77b5cfdf12
gfx/interface/division_priority_bg.dds,holder,byte_identical_vanilla,neutral,panel,True,redrawn_installed,127,44,1,1,f6eba062e5ee1bb6c7f322692469d4051e62d2084d1fcfcc2ad0943fcfb5556d
gfx/interface/divisiondesigner/2d_3d.dds,composite,byte_identical_vanilla,neutral,panel,True,redrawn_installed,130,27,2,4,e0ad1798dc1224c3448e38d2eac7964630b905ccb22b50836af6326839771ca0
gfx/interface/divisiondesigner/division_icon_bg_transp.dds,holder,byte_identical_vanilla,neutral,control,True,redrawn_installed,96,45,1,17,31a84b2841efd78b00f69d6386d39205491425ba44caa05c35931d2a83f1138e
gfx/interface/doctrines/UI/doctrine_mastery_background_big.dds,holder,byte_identical_vanilla,neutral,panel,True,redrawn_installed,68,32,1,1,cf23e15091f66229aa41558c4f87e437240dfab95b8813078075910ba1c9a45a
gfx/interface/doctrines/UI/doctrines_chess_piece_bg.dds,holder,byte_identical_vanilla,neutral,panel,True,redrawn_installed,600,88,6,1,7e4dc3914ae2901be610743a3c6d2c3b5844f387b661450bc6af8652b0e4d6f3
gfx/interface/doctrines/UI/grand_doctrine_frame.dds,holder,byte_identical_vanilla,neutral,frame,True,redrawn_installed,1350,130,3,1,12d3f3839647f4343905581741d1f6aad895398332ffeb969450adf6badf403c
gfx/interface/doctrines/UI/subdoctrine_button_and_text_frame.dds,holder,byte_identical_vanilla,neutral,frame,True,redrawn_installed,711,110,3,1,e8847f51696678b838a7f3a09d530f09779702fa916bee68f22f8177f631e18d
gfx/interface/doctrines/window/track_frame.dds,holder,byte_identical_vanilla,neutral,frame,True,redrawn_installed,800,704,2,1,9e3a00f652ba4257de5d655fd4845cbbe2c52790c130e60eb7bbccbf8ce2a5d7
gfx/interface/edittextbox_bg1.dds,holder,byte_identical_vanilla,neutral,panel,True,redrawn_installed,190,27,1,5,5131a27fe9a34bc458914a2945d5f0b5befd24e91dcccfc433d96810db541bb5
gfx/interface/efficiency_progressbar_frame.dds,holder,byte_identical_vanilla,neutral,frame,True,redrawn_installed,98,15,1,10,6dc48e5b975e03d8127f65cdd475d39e37f7d798d535659e28cb0badde17869d
gfx/interface/eic_scripted_gui_background.dds,holder,byte_identical_vanilla,paper,panel,True,redrawn_installed,480,247,1,1,ba0853e99b4f409848ec5c2707c0a6c4b8b3513798b0004623872da00603f097
gfx/interface/empty_button.dds,holder,byte_identical_vanilla,neutral,control,True,redrawn_installed,56,37,1,0,2b21571259befe3de112f5804cb1b8c4a2f5d5288a9705e86b4af879fd3085c8
gfx/interface/empty_small_button.dds,composite,byte_identical_vanilla,neutral,control,True,redrawn_installed,31,31,1,0,103b59831ddc46422dd264bba332795a687f6f3923a87fa0f8fc772636358cb7
gfx/interface/endgame.dds,holder,byte_identical_vanilla,neutral,panel,True,redrawn_installed,1024,703,1,0,566f788a80e85e84897c12f92d6727a8ca05f1e84827d76abb89c3565812df6c
gfx/interface/endgame_air_button.dds,composite,byte_identical_vanilla,neutral,control,True,redrawn_installed,51,52,1,5,63a081cdef1a346948d5ed1ef83648f2ae061633b6d4a884a0dfabd0ad7da0a0
gfx/interface/endgame_army_button.dds,composite,byte_identical_vanilla,neutral,control,True,redrawn_installed,51,52,1,6,781ad4fb79694238ab7d3d418f37105d19d84926939a15e7ed7c364b35fac969
gfx/interface/endgame_civ_industry_button.dds,composite,byte_identical_vanilla,neutral,control,True,redrawn_installed,51,52,1,4,5cd7851bd788a7b8e279dc72289d891fdc11340c47f459a752a4d99286403de4
gfx/interface/endgame_convoys_button.dds,composite,byte_identical_vanilla,neutral,control,True,redrawn_installed,51,52,1,2,9b408242368cfbafe59885da6f44c237def32176bc48d4b94d93c924c97413d8
gfx/interface/endgame_industry_button.dds,composite,byte_identical_vanilla,neutral,control,True,redrawn_installed,51,52,1,5,010c6997e1dda8d364cdb9bf09e76194eab98e58ac8d34548be5e250c840c646
gfx/interface/endgame_manpower_button.dds,composite,byte_identical_vanilla,neutral,control,True,redrawn_installed,51,52,1,2,a6b6e723dddca97dbf93cc0c1191e39937fde5c6d7553911558f4f4882453250
gfx/interface/endgame_naval_industry_button.dds,composite,byte_identical_vanilla,neutral,control,True,redrawn_installed,51,52,1,4,b4c0eb1220cd7f55e51ed1125406520f39a2d70d87cde0b7cd2023bd43dd9b1f
gfx/interface/endgame_navy_button.dds,composite,byte_identical_vanilla,neutral,control,True,redrawn_installed,51,52,1,7,d2106ba9e46aa9ae4b140a64d17b0c825cece895c28f0a08325b30a3cf6f3a23
gfx/interface/endgame_province_button.dds,composite,byte_identical_vanilla,neutral,control,True,redrawn_installed,51,52,1,1,56db9daafefbf026994c6d5b6abddb4922d2de2709212d051f9c9acc327767f7
gfx/interface/endgame_score_button.dds,composite,byte_identical_vanilla,neutral,control,True,redrawn_installed,51,52,1,1,224f1d5949819a33647a618c7c570a04e3812704abe98206f17be9f9779f01fd
gfx/interface/eqipment_designer_sprite_bg.dds,holder,byte_identical_vanilla,neutral,panel,True,redrawn_installed,281,56,1,0,69ad33d986056ad336e41e1cd7a28e5b16c251e7844a99def74671c6cdb941f9
gfx/interface/equip_overview_button.dds,composite,byte_identical_vanilla,neutral,control,True,redrawn_installed,37,36,1,14,680fe9b36042a7b7bc4add8ea1e99ca9aaebc52bfacd541ffa6d3204d4888b44
gfx/interface/equipment_item.dds,holder,byte_identical_vanilla,neutral,control,True,redrawn_installed,147,69,1,30,9130b3b226dee168522594679e00c8737b7916c6d6353696fb0949588c715707
gfx/interface/equipment_item_collapsed.dds,holder,byte_identical_vanilla,neutral,control,True,redrawn_installed,278,26,1,4,ca52105055f43956f9485a8be6cda2a0cd62b5df2be525d816d64d628a711373
gfx/interface/equipment_item_collapsed_wide.dds,holder,byte_identical_vanilla,neutral,control,True,redrawn_installed,352,26,1,4,2931591e9cbc7053a486cea9ea2d095219ebc55f7ec156d67a7cbbe167bb80ae
gfx/interface/equipment_item_large.dds,holder,byte_identical_vanilla,neutral,control,True,redrawn_installed,668,80,2,8,28d021ed27043e368427d8d3c2fb6394616d98efab9229485f4348c82b4b7bc3
gfx/interface/equipment_item_large_02.dds,holder,byte_identical_vanilla,neutral,control,True,redrawn_installed,916,80,2,12,ef50712cfd012a4cab2f976f53a2d778f8e39f44fc5f693a16246b4b429e7e9f
gfx/interface/equipment_naval_item.dds,holder,byte_identical_vanilla,neutral,control,True,redrawn_installed,127,67,1,10,a6300acf51eb984ef7144b9aefa84dcf2a0a3cef82a56c1c2acfa9e99b576d3f
gfx/interface/equipment_upgrade_designer_bg.dds,holder,byte_identical_vanilla,neutral,panel,True,redrawn_installed,545,416,1,2,1c03e9af1b3f87214ce2424301d475e74b297469948a0bc350003ea9c7c3f7fe
gfx/interface/equipmentdesigner/designer_action_button_strip.dds,composite,byte_identical_vanilla,neutral,control,True,redrawn_installed,192,32,6,0,26172705100aef1526df3846766ae656b4da5de247a220e1a956b2e68d22ac60
gfx/interface/equipmentdesigner/edit_notes_button.dds,holder,byte_identical_vanilla,neutral,control,True,redrawn_installed,120,30,4,1,218521394ed6718d47d2065cc9886b8164ab790b0dea1f3523bdbdf1d6f07467
gfx/interface/equipmentdesigner/equipment_designer_equipment_icon_bg.dds,holder,byte_identical_vanilla,neutral,control,True,redrawn_installed,76,47,1,2,4c44d4f70f6747c6c9f8449b18d846ca35518b353c8667e068e6b46e55deca70
gfx/interface/equipmentdesigner/equipment_module_bg.dds,holder,byte_identical_vanilla,neutral,panel,True,redrawn_installed,76,47,1,4,3f07dc9c6a1a7d817d8fd7f6e7c067a15ef3ac9b38c38be6e79b3e389e47a83a
gfx/interface/equipmentdesigner/equipment_role_bg.dds,holder,byte_identical_vanilla,neutral,panel,True,redrawn_installed,49,47,1,0,e68d24bb29c22644441548eb25eb741f04528cd62cc95afd1275cf986ebe052f
gfx/interface/equipmentdesigner/naval/role_icon_bg.dds,holder,byte_identical_vanilla,neutral,control,True,redrawn_installed,104,52,2,8,f26e0a77832a755a78eb3dd32106e3817bd921855419eb394593d5dddafde4fb
gfx/interface/equipmentdesigner/planes/plane_designer_popup_bg.dds,holder,byte_identical_vanilla,paper,panel,True,redrawn_installed,1092,553,1,1,6bd0b87152de9416b91a7581ecec6e57d75446b21ca78776bafbeb3d8d2844f0
gfx/interface/equipmentdesigner/preset_button.dds,composite,byte_identical_vanilla,neutral,control,True,redrawn_installed,120,30,4,6,7bc9997351595cddcc54bd154082e6eb7230eef070787f7665655a1113f454f4
gfx/interface/equipmentdesigner/preset_export_button.dds,composite,byte_identical_vanilla,neutral,control,True,redrawn_installed,120,30,4,8,8be3105439af648c7d7a54d920ca50f9390d1dec2d181dbca7aafddff0a89ff5
gfx/interface/equipmentdesigner/preset_import_button.dds,composite,byte_identical_vanilla,neutral,control,True,redrawn_installed,120,30,4,6,4725958ede5bda02bc5888f365b9a9691b9fb7eb674686fdf4fde95eb0624e48
gfx/interface/equipmentdesigner/save_preset_button.dds,composite,byte_identical_vanilla,neutral,control,True,redrawn_installed,120,30,4,8,fe5fe089a66d3be0ab134e5c15334dd742612b9b11c630c20f475480050751e5
gfx/interface/equipmentdesigner/ship_designer_popup_bg.dds,holder,byte_identical_vanilla,paper,panel,True,redrawn_installed,1092,553,1,1,d47cfc2c0b911cea41920ad6a4df08a2988b4ff9595fd6d1cc42da99342004c2
gfx/interface/equipmentdesigner/tanks/designer_button_auto_strip.dds,composite,byte_identical_vanilla,neutral,control,True,redrawn_installed,120,30,4,3,dd74139288c4796788a08ce28ded345871c6a2e65f304f030d33bcdbd9640084
gfx/interface/equipmentdesigner/tanks/designer_button_duplicate_strip.dds,composite,byte_identical_vanilla,neutral,control,True,redrawn_installed,120,30,4,3,0c857e18018c5a5fc0d073965c287f9d03bcd49cdb242fe4383a139a12dba2d0
gfx/interface/equipmentdesigner/tanks/designer_button_upgrade_strip.dds,composite,byte_identical_vanilla,neutral,control,True,redrawn_installed,120,30,4,6,355550559c86ee44cd8923f4d0cc4b6f5b361da3910832ca6d280526084ea99a
gfx/interface/equipmentdesigner/tanks/resources_bg.dds,holder,byte_identical_vanilla,neutral,panel,True,redrawn_installed,97,38,1,3,1ae74bc02bba746ea94b09ae7fb6f2fae2f777d5d551bceb57e14684f48f9c84
gfx/interface/equipmentdesigner/tanks/tank_designer_popup_bg.dds,holder,byte_identical_vanilla,paper,panel,True,redrawn_installed,1092,553,1,1,6bd0b87152de9416b91a7581ecec6e57d75446b21ca78776bafbeb3d8d2844f0
gfx/interface/equipmentdesigner/tanks/tank_designer_stat_card.dds,holder,byte_identical_vanilla,paper,panel,True,redrawn_installed,536,202,1,3,55e80d88ccae18d2d6a63be96119c042d7fa48b12d371c20a5eee4dc2842532b
gfx/interface/equipmentdesigner/tanks/tank_designer_stat_card_header.dds,holder,byte_identical_vanilla,neutral,header,True,redrawn_installed,540,47,1,3,bc0aeae220a3fcc1b90c8d9cee96763b9f41fe18bbaf2995ac3ae40062306923
gfx/interface/equipmentdesigner/tanks/tank_name_bg.dds,holder,byte_identical_vanilla,neutral,panel,True,redrawn_installed,279,42,1,0,52e244e0d3b139194ea30f90148278efb8566f669c4d52b96332135bc10465d9
gfx/interface/equipmentdesigner/tanks/tank_role_bg.dds,holder,byte_identical_vanilla,neutral,panel,True,redrawn_installed,279,42,1,0,74aff55eaf8888e4a50f17bd72cccfda32b32d69d1be6d81f0c8207faf83b103
gfx/interface/event_button_minimize.dds,composite,same_path_different_image,slate,control,True,redrawn_installed,32,33,1,18,753383ba74403ba22db0e14c2fb01befc7d9318dd1fe38241b3a45900a2d80d1
gfx/interface/event_leader_frame.dds,holder,byte_identical_vanilla,slate,frame,True,redrawn_installed,172,232,1,4,b0f817045186ab836ec67d1b73a8d841273ce7488d8daf999de3287d1f977cb4
gfx/interface/event_news_pic_overlay.dds,holder,byte_identical_vanilla,slate,panel,True,redrawn_installed,399,155,1,2,58725b421aa6888762710bfb6c49c91e505f93f560252e609977fd40e9391fe6
gfx/interface/events/war_escalation_level_1.dds,composite,byte_identical_vanilla,slate,panel,True,redrawn_installed,84,28,3,2,9c761194b996b54076dded80f36644931afe633426eee1dba1ebabd9a95d2e9c
gfx/interface/events/war_escalation_level_10.dds,composite,byte_identical_vanilla,slate,panel,True,redrawn_installed,84,28,3,2,9a8d603d28353f8d69809e83dc9bc870f46a686b1175af3b24d6a49370a09140
gfx/interface/events/war_escalation_level_2.dds,composite,byte_identical_vanilla,slate,panel,True,redrawn_installed,84,28,3,2,21ba26900dd0732d950817325adb7b50fc722c6c735940d0f43bfebb1921c769
gfx/interface/events/war_escalation_level_3.dds,composite,byte_identical_vanilla,slate,panel,True,redrawn_installed,84,28,3,2,036700bb7ab0323eade678117e55f4c5adb5515cec53a0d8b30fbcf15b214aab
gfx/interface/events/war_escalation_level_4.dds,composite,byte_identical_vanilla,slate,panel,True,redrawn_installed,84,28,3,2,e79f62d8b4203256ed74cf7a3e618bc95a75dc76eab28415539820e31da27cf7
gfx/interface/events/war_escalation_level_5.dds,composite,byte_identical_vanilla,slate,panel,True,redrawn_installed,84,28,3,2,802db82174d4c14038c9adc8ac3024171b9358fcb46109c8df349705533e7683
gfx/interface/events/war_escalation_level_6.dds,composite,byte_identical_vanilla,slate,panel,True,redrawn_installed,84,28,3,2,b525c34b2d9d6f0ae7027d3b4bd24e61852540a04c93538633d6536983633d88
gfx/interface/events/war_escalation_level_7.dds,composite,byte_identical_vanilla,slate,panel,True,redrawn_installed,84,28,3,2,e4f07f5570a3742e2d427d197092f565cf3e3fe9db6042453965901088f03af4
gfx/interface/events/war_escalation_level_8.dds,composite,byte_identical_vanilla,slate,panel,True,redrawn_installed,84,28,3,2,ec3dba9cb4c1838cc1420cc4f4d125f3b365d57a92e1693105f41eb7ffcfc9b6
gfx/interface/events/war_escalation_level_9.dds,composite,byte_identical_vanilla,slate,panel,True,redrawn_installed,84,28,3,2,b3313cd6769b8b965a9f6042508733da90427dce56f44699b7570783c93850e4
gfx/interface/events/war_escalation_level_green.dds,composite,byte_identical_vanilla,slate,panel,True,redrawn_installed,280,28,10,0,20bea248f7238a6dd171beccbfe8abd2b63d501557b61fc1165dec23c700d9c9
gfx/interface/events/war_escalation_level_red.dds,composite,byte_identical_vanilla,slate,panel,True,redrawn_installed,280,28,10,0,147413ba73f586e88bb5a6f52123d17689a87b978c1844ff650dd0cefc2790bd
gfx/interface/events/war_escalation_level_white.dds,composite,byte_identical_vanilla,slate,panel,True,redrawn_installed,280,28,10,0,ac6b5dd04242cd48ca58115d56f179b25edb61ef0aabf92473ac4110028a25bc
gfx/interface/execute_button_ongoing_order.dds,holder,byte_identical_vanilla,neutral,control,True,redrawn_installed,82,37,1,0,92d40898437556bffb2d6395d736e9fa986d0490e3e1ee97fab67245dcd862c6
gfx/interface/execution_strip.dds,composite,byte_identical_vanilla,neutral,panel,True,redrawn_installed,152,38,4,0,aa0668091951d93bd8b4bc697ba9fbe98c7d947cb9c1d68785cf30bc2bdb42c8
gfx/interface/exercise_anim_strip_big.dds,composite,byte_identical_vanilla,neutral,panel,True,redrawn_installed,520,26,20,1,0efe25840634dcc5edec847ae12466ebcd7287354c05189320746904c6cf05fb
gfx/interface/exercise_btn.dds,composite,byte_identical_vanilla,neutral,control,True,redrawn_installed,76,38,2,0,8582af80504ed06d2b31a9de5d2eb4e0d7c52996f85ef53174452eef63b6a608
gfx/interface/exercise_icon_bg.dds,holder,byte_identical_vanilla,neutral,control,True,redrawn_installed,40,37,1,0,f7a75e11ebd02118b84706fb546b5329eea5c4812f8a0d45842255267cb50d9c
gfx/interface/expand_all_checkbox.dds,composite,byte_identical_vanilla,neutral,control,True,redrawn_installed,164,30,2,4,3b1392c11e64bb494c34c672e1203263408de6378c01ee0b6024060d28b305c0
gfx/interface/expand_all_checkbox_new.dds,composite,byte_identical_vanilla,neutral,control,True,redrawn_installed,44,41,2,0,3cb0e742702bfd6d8be8f0fb2543a013509cac0509cd311641b97b16450bc601
gfx/interface/expand_button.dds,composite,byte_identical_vanilla,neutral,control,True,redrawn_installed,19,19,1,19,a46dca0cc8c50b43bf2295bc762030443ca5421e9d08535b03162fbf53c299a0
gfx/interface/expand_collapse_sideways.dds,composite,byte_identical_vanilla,neutral,panel,True,redrawn_installed,38,19,2,4,d8513bf405109f947463e578f7f2acda45a7476d5b44fe3751866ce4e2b71e0f
gfx/interface/expedionary_forces_army_button.dds,composite,byte_identical_vanilla,neutral,control,True,redrawn_installed,80,24,1,2,7d43a45c3fbfe2b698610a8be28393953ae90ba53603dcfbb2d90343075c0af8
gfx/interface/expedionary_forces_icon.dds,composite,byte_identical_vanilla,neutral,panel,True,redrawn_installed,80,24,1,2,7a6b382b7f98b7a460c9456e52da32eaef8c5abf1de35ade33f49d32811cb04d
gfx/interface/extended_country_button.dds,composite,byte_identical_vanilla,neutral,control,True,redrawn_installed,82,57,2,4,100db2ed5ba3a321ab9126d3be930f80c976ef5f052e98771a4543702f69c60a
gfx/interface/factions/goal_group_header.dds,holder,byte_identical_vanilla,neutral,header,True,redrawn_installed,483,44,1,2,584f06ae7480e5c880e8a774684dd6275ac01826602281353a22c3a258cb57c8
gfx/interface/factions/ui/call_to_war_rules_filter.dds,composite,byte_identical_vanilla,neutral,panel,True,redrawn_installed,90,32,2,0,6cbd4bce0335057363e787cb5c345a9223cec2323e6504192264432f6aaf1e13
gfx/interface/factions/ui/change_leader_rules_filter.dds,composite,byte_identical_vanilla,neutral,panel,True,redrawn_installed,90,32,2,0,50e157253233ff468b2169675afb91f0f3f8d470f0d46c68d15df387550198ad
gfx/interface/factions/ui/contribution_rule_filter.dds,composite,byte_identical_vanilla,neutral,panel,True,redrawn_installed,90,32,2,0,94cbc36ff0456ad4d4dfcb0836337fc0a71a3316cd08f8e6d129cb21461535e9
gfx/interface/factions/ui/create_new_faction_icon_plate_background.dds,holder,byte_identical_vanilla,neutral,panel,True,redrawn_installed,500,130,1,2,d103d15e9aa0abd55b7e7c5bfb1c7dc8cbc9eb43a2aac8578d8a64b9089333a5
gfx/interface/factions/ui/dismissal_rules_filter.dds,composite,byte_identical_vanilla,neutral,panel,True,redrawn_installed,90,32,2,0,9b1599a5cd2eb45b90fb91ab3df9fb151404f2f0285f0e2610897680898c8c43
gfx/interface/factions/ui/faction_doctrine_sharing_bg.dds,holder,byte_identical_vanilla,neutral,panel,True,redrawn_installed,530,108,1,0,134ba5078ffe5c9a5bd88fac63357617f6df3cdf1eae6605bf57ef0b689d5060
gfx/interface/factions/ui/faction_doctrine_sharing_header.dds,holder,byte_identical_vanilla,neutral,header,True,redrawn_installed,530,42,1,0,ae4063f173a47c73aa375e5bafafa8611673cebdaa85ee944b6f1ffbfede3c1a
gfx/interface/factions/ui/faction_edit_rule_button.dds,holder,byte_identical_vanilla,neutral,control,True,redrawn_installed,71,26,1,2,7cfd77fb5a6c15e2e21337c2e6da5275182f374687cd7771b579df4235ed5616
gfx/interface/factions/ui/faction_goal_slot.dds,holder,byte_identical_vanilla,neutral,control,True,redrawn_installed,486,88,3,2,d2a0df7885ed1dfdda77a801b919a76e55e6d72f39360dfbaeb2676795d2e585
gfx/interface/factions/ui/faction_goals_bg.dds,holder,byte_identical_vanilla,neutral,panel,True,redrawn_installed,512,630,1,2,4c8bf3e548be9f4ae5f08b07cadc74c1e1c579c7b337d6202ee70c48c1b974f2
gfx/interface/factions/ui/faction_goals_divider.dds,holder,byte_identical_vanilla,neutral,panel,True,redrawn_installed,16,16,1,4,1c5443b5b1c9503c884466f8caea0fb098c04cd9187ee816eb5cef4c23022583
gfx/interface/factions/ui/faction_goals_header_LONG_TERM.dds,holder,byte_identical_vanilla,neutral,header,True,redrawn_installed,483,47,1,0,698384f3152dde746cf0baa978e8fbafeefbe847557046a6fe59217081501670
gfx/interface/factions/ui/faction_goals_header_MEDIUM_TERM.dds,holder,byte_identical_vanilla,neutral,header,True,redrawn_installed,483,47,1,0,698384f3152dde746cf0baa978e8fbafeefbe847557046a6fe59217081501670
gfx/interface/factions/ui/faction_goals_header_SHORT_TERM.dds,holder,byte_identical_vanilla,neutral,header,True,redrawn_installed,483,47,1,0,698384f3152dde746cf0baa978e8fbafeefbe847557046a6fe59217081501670
gfx/interface/factions/ui/faction_header.dds,holder,byte_identical_vanilla,neutral,header,True,redrawn_installed,530,42,1,20,1e6aa9ec30bef493c02f92acef40f4336ff0133c3ac3e2374c66cd6cb554f701
gfx/interface/factions/ui/faction_identity_background_generic.dds,holder,byte_identical_vanilla,neutral,panel,True,redrawn_installed,522,108,1,4,a6a56a52d463aa2dd2bd54211e123d192a5d8954349e4e1d645c7a535884bc82
gfx/interface/factions/ui/faction_identity_background_pop_up_generic.dds,holder,byte_identical_vanilla,neutral,panel,True,redrawn_installed,612,364,3,2,2f9ba4c651a9c477c0deeccbfdf271d502409e203e88e48a20383b9bee0d581b
gfx/interface/factions/ui/faction_influence_chart_background.dds,holder,byte_identical_vanilla,neutral,panel,True,redrawn_installed,525,106,1,2,f06fc782039ded7d72b169af1f4e77626c49883d093dd4a63ade455584b6effe
gfx/interface/factions/ui/faction_influence_pie_chart_frame.dds,holder,byte_identical_vanilla,neutral,frame,True,redrawn_installed,101,89,1,2,15d37ff1aac8c8ac074ce0cbe315356f1706c6c1dd5fc209bcf24e83055d8f2b
gfx/interface/factions/ui/faction_intelligence_background.dds,holder,byte_identical_vanilla,paper,panel,True,redrawn_installed,510,100,1,2,5d3e38fa5815f45b55339e8dc94f116ebbe30a2fb3b61aec5208e95f78a28447
gfx/interface/factions/ui/faction_leader_frame.dds,holder,byte_identical_vanilla,neutral,frame,True,redrawn_installed,50,36,1,6,6b9b9e53dbf054aba6336cf8d90ebe68d2d68d216fe99bb7be7d28c4e5a265e8
gfx/interface/factions/ui/faction_manifest_progress_bar_frame.dds,holder,byte_identical_vanilla,neutral,frame,True,redrawn_installed,256,30,1,2,c415aa6ad30aa12783d69f82cb6ddd946b4a92982f7886bf70e27386633ebcad
gfx/interface/factions/ui/faction_manpower_header.dds,holder,byte_identical_vanilla,neutral,header,True,redrawn_installed,530,46,1,2,f39a8725b5ba3126190beba2e7a2b49b3f5a348fbe4466e46d7262eff2d50517
gfx/interface/factions/ui/faction_sp_background.dds,holder,byte_identical_vanilla,paper,panel,True,redrawn_installed,470,470,1,2,3857bb8fa151640b01554f7d629bdd6f510a6412d9c2f0586db87be8f69d5482
gfx/interface/factions/ui/faction_sp_background_tab.dds,holder,byte_identical_vanilla,paper,header,True,redrawn_installed,221,45,1,2,50e23499e720348f216213f4189af15717cddbfd3a178f693188ec2de329c6b6
gfx/interface/factions/ui/faction_sp_facility_card_bg.dds,holder,byte_identical_vanilla,paper,panel,True,redrawn_installed,479,147,1,2,a7f0162683a6f6329a7773263a802bfa6a50f4a557cb1d7156849280f65d617f
gfx/interface/factions/ui/faction_sp_facility_card_empty.dds,holder,byte_identical_vanilla,paper,panel,True,redrawn_installed,479,147,1,2,a7f0162683a6f6329a7773263a802bfa6a50f4a557cb1d7156849280f65d617f
gfx/interface/factions/ui/faction_special_project_open_facilityt.dds,holder,byte_identical_vanilla,paper,panel,True,redrawn_installed,382,66,1,2,e2983307077d9f47f84b088ce511cf3214e76679fdfb726509b6b7a70aa98510
gfx/interface/factions/ui/faction_supreme_commander_background.dds,holder,byte_identical_vanilla,neutral,panel,True,redrawn_installed,525,126,1,2,727e50312ce07b2fd74820bb25db829ca1fcc8ec94bb8fea4d843d4b55a7f6a7
gfx/interface/factions/ui/faction_tab_button.dds,composite,byte_identical_vanilla,neutral,header,True,redrawn_installed,212,68,2,10,6a5a7bc373b45ab5d4a54b11265808324eb54e82f6c562c0d5c7e68bd6e4909d
gfx/interface/factions/ui/faction_theater_bg.dds,holder,byte_identical_vanilla,neutral,panel,True,redrawn_installed,190,190,1,0,b17e9b3bffa1e26b5e18c200e05af41199995e295f9940a6fced4032ba163fbe
gfx/interface/factions/ui/faction_theaters_tabs.dds,holder,byte_identical_vanilla,neutral,header,True,redrawn_installed,114,38,3,4,bceee17c05f34b649be4acb4084fa3260844718e7f6cd7bccce8e6143b684295
gfx/interface/factions/ui/factions_button.dds,composite,byte_identical_vanilla,neutral,control,True,redrawn_installed,573,57,3,8,c97da9c9b04baffc5888d69f73e973b7b5a17e79e08709271ef926bf1dcacf4f
gfx/interface/factions/ui/factions_button_no_dlc.dds,composite,byte_identical_vanilla,neutral,control,True,redrawn_installed,382,57,2,0,f7b206a0cf6c03dd942ec30feb5249f7b24bcde9654074516071dc42507fb840
gfx/interface/factions/ui/joining_rules_filter.dds,composite,byte_identical_vanilla,neutral,panel,True,redrawn_installed,90,32,2,0,0a60d4e83103e7be6cf395360da7494137fed22a34bf05b3ba0c59972afd7ea5
gfx/interface/factions/ui/leader_selection_active_entry_bg_faction.dds,holder,byte_identical_vanilla,paper,control,True,redrawn_installed,510,98,1,0,8b7f6b7674153121900a2640a9ab17fec591dce9003defe38bfb0e3369772298
gfx/interface/factions/ui/leader_selection_entry_bg_faction.dds,holder,byte_identical_vanilla,paper,control,True,redrawn_installed,510,98,1,0,945827d0daa9c5610787dabdf3a167782c6686d89f239d9678895c9a2b45cc76
gfx/interface/factions/ui/member_rules_filter.dds,composite,byte_identical_vanilla,neutral,panel,True,redrawn_installed,90,32,2,0,f500d04067f33a0bcb56828fce3a302b26fca86a5af959623b313a7aabddaf52
gfx/interface/factions/ui/peace_conference_rules_filter.dds,composite,byte_identical_vanilla,neutral,panel,True,redrawn_installed,90,32,2,0,ad116f14816139e26328ca288db3d1d33b6b0f4ef6cefd276911e6bcc3182e4e
gfx/interface/factions/ui/release_rules_filter.dds,composite,byte_identical_vanilla,neutral,panel,True,redrawn_installed,90,32,2,0,8f6734b4fe6135db23eba7c48da367aa1b931296dba99bcc99a46fa440a91de8
gfx/interface/factions/ui/select_faction_goal_button.dds,composite,byte_identical_vanilla,neutral,control,True,redrawn_installed,1680,92,7,2,8182843db23f41709ac810ba7f506e212f0f42d9841bc1265137a5791cd3105e
gfx/interface/factions/ui/sort_assigned_countries.dds,composite,byte_identical_vanilla,neutral,panel,True,redrawn_installed,87,29,3,4,767883a4e91d75a5270cc46aceb53617c96a5a65d5fda5097c7669136c29ee47
gfx/interface/factions/ui/sort_mastery.dds,composite,byte_identical_vanilla,neutral,panel,True,redrawn_installed,87,29,3,4,8d4747197676694a9ff5d7132b99b480e4476cabb3fed63708d74d98c4123782
gfx/interface/factions/ui/sort_navy_supply.dds,composite,byte_identical_vanilla,neutral,panel,True,redrawn_installed,87,29,3,4,1526ed0dbfff7a62bbeee9c24193c40888544e457193eb274a7ea127376cdd02
gfx/interface/factions/ui/sort_regions.dds,composite,byte_identical_vanilla,neutral,panel,True,redrawn_installed,87,29,3,4,259a9fdc8737b74e384b95d7022b02a218fc401dd6b784e8b047de3579666c1c
gfx/interface/factions/ui/sort_supply.dds,composite,byte_identical_vanilla,neutral,panel,True,redrawn_installed,87,29,3,4,f85a584f16285a1ac78b9055175358c4605177a4c4a7b51a2f841f0867705e89
gfx/interface/factions/ui/theater_portrait_bg.dds,holder,byte_identical_vanilla,neutral,panel,True,redrawn_installed,55,82,1,0,c1c4e24e9f65934476b5f852a4b34bd20bc258f7378e52a290a611f6bd08e6eb
gfx/interface/factions/ui/tiled_faction_header.dds,holder,byte_identical_vanilla,neutral,header,True,redrawn_installed,77,38,1,0,2f41a5a6b4cb15824bfe79b73f2a868d2429b9b17c00bf22a26db2512e056acd
gfx/interface/factions/ui/topbar_faction.dds,composite,byte_identical_vanilla,neutral,panel,True,redrawn_installed,30,43,1,0,c5944c66305f33b974e897c789d9d7eb92952ebe5fb780a5932c13cfc572f8f5
gfx/interface/factions/ui/topbar_faction_empty.dds,holder,byte_identical_vanilla,neutral,panel,True,redrawn_installed,30,43,1,4,a35d67549637aa75631e6e14984d98a23ccde4b0422809e349fd35ea0ae3798d
gfx/interface/factions/ui/war_declaration_rules_filter.dds,composite,byte_identical_vanilla,neutral,panel,True,redrawn_installed,90,32,2,0,b0ac1b39f854a14fd4a54586537b207074c769b61f5f2f69dee055920d43b470
gfx/interface/filter_btn.dds,holder,byte_identical_vanilla,neutral,control,True,redrawn_installed,162,34,2,0,73cd2c4207677f419e57af2032f0c9514a215b07edcfe48d97bb1e741d7ea6bd
gfx/interface/filters_grid_bg.dds,holder,byte_identical_vanilla,neutral,panel,True,redrawn_installed,533,140,1,0,f1943a0358bb8aef12a29d3909cd492a28a7463448fffa9a68ba25dadd31e015
gfx/interface/find_editbox.dds,holder,byte_identical_vanilla,neutral,panel,True,redrawn_installed,275,58,1,1,8117edefc9cdaed016fd53eb910d972b8b5a127db6a9ecac846b236a464ebc07
gfx/interface/find_screen_bottom.dds,holder,byte_identical_vanilla,neutral,panel,True,redrawn_installed,279,40,1,1,200213ff0efc30f914f20a10b628f2a0e5c227ab0a25696d221fb88589eca803
gfx/interface/find_view_bg.dds,holder,byte_identical_vanilla,neutral,panel,True,redrawn_installed,250,300,1,0,615f3b3e0b10b8cba849cc91ef68529898c549d7007e61d72286c14afcf5bf61
gfx/interface/fleet_theatre_prio_strip.dds,composite,byte_identical_vanilla,neutral,panel,True,redrawn_installed,72,37,2,1,fc1a68e7a98ea40ac451926093009c0ae0caf37e528485a74d349b63c8e3d2f4
gfx/interface/focus_popup_bg.dds,holder,byte_identical_vanilla,neutral,panel,True,redrawn_installed,470,137,1,1,ce5992695af39c355e82bd4a7855abe9d708fdbee3946073b5c023c71334f6e7
gfx/interface/focusview/filter/clear_text_button.dds,composite,byte_identical_vanilla,neutral,control,True,redrawn_installed,18,18,1,4,0d51408eee5501ff62412a80b2567ce644fcd08c822769fded1d6ec6e3c6700d
gfx/interface/focusview/filter/find_editbox.dds,composite,byte_identical_vanilla,neutral,panel,True,redrawn_installed,200,39,1,6,06de5e3eeee2f7ffaac4fe2b70a914dbb353e8632b966054910a1384ad2cb719
gfx/interface/focusview/filter/icon_bg.dds,holder,byte_identical_vanilla,neutral,control,True,redrawn_installed,84,42,2,10,512e96b0c2bc12cb6c2e25d2983dbff73386f23e23e3cbb35c97bbb6dc2b3713
gfx/interface/focusview/filter/zoom_in.dds,composite,byte_identical_vanilla,neutral,panel,True,redrawn_installed,42,35,1,4,ebbda1408d0feec75dd06c42946408d9597629e76e5a63b0963b45eac7b3d813
gfx/interface/focusview/filter/zoom_out.dds,composite,byte_identical_vanilla,neutral,panel,True,redrawn_installed,42,35,1,4,8b2e80faf3c3393471c67084a30720aeee332a080d76e05d9e60901c632b60bb
gfx/interface/focusview/titlebar/focus_can_start_joint_AFG_bg.dds,holder,byte_identical_vanilla,neutral,header,True,redrawn_installed,164,69,1,0,bb6d232043f172372995c06f0130bcc2722e709af16751620f9754a0dac1c344
gfx/interface/focusview/titlebar/focus_can_start_joint_AFG_IRQ_PER_TUR_bg.dds,holder,byte_identical_vanilla,neutral,header,True,redrawn_installed,164,69,1,0,190ac0ea024d1472ea9625c7771c4315ad90f42b4798b975b317a7c93a47dc06
gfx/interface/focusview/titlebar/focus_can_start_joint_BEL_bg.dds,holder,byte_identical_vanilla,neutral,header,True,redrawn_installed,164,69,1,0,319a86d2dd9ee6a476e10225de0a11ac945bc4e67af44e85373e016225f62b3b
gfx/interface/focusview/titlebar/focus_can_start_joint_BEL_COG_bg.dds,holder,byte_identical_vanilla,neutral,header,True,redrawn_installed,164,69,1,0,1efc4c0f326839a366645cb0eb752e93c309b2a4fd943f9217ada603c91c64aa
gfx/interface/focusview/titlebar/focus_can_start_joint_bg.dds,holder,byte_identical_vanilla,neutral,header,True,redrawn_installed,164,50,1,0,680e9e2996369e7d18141769355468bb332be7174ac658ac310965af39a04097
gfx/interface/focusview/titlebar/focus_can_start_joint_COG_bg.dds,holder,byte_identical_vanilla,neutral,header,True,redrawn_installed,164,69,1,0,0a47e1108a3cf793870ceaa6a3b5dc1f95e95f362111f52a3997bd2efcf4a6b8
gfx/interface/focusview/titlebar/focus_can_start_joint_GDC_bg.dds,holder,byte_identical_vanilla,neutral,header,True,redrawn_installed,164,69,1,0,995fc1bde30f7685e59dcc6195195dc25dfcc5edcb64749e504ecb035953e246
gfx/interface/focusview/titlebar/focus_can_start_joint_GDC_GXC_bg.dds,holder,byte_identical_vanilla,neutral,header,True,redrawn_installed,164,69,1,0,8d7f146a129c70ee20b3823b4f68db2a72970d6a0e7514c2d0887ce51da426fd
gfx/interface/focusview/titlebar/focus_can_start_joint_GXC_bg.dds,holder,byte_identical_vanilla,neutral,header,True,redrawn_installed,164,69,1,0,b7a4f3f6b5bfcad1b5f6201606cf386d5372423a07ccb4e6b25c38dc872a9e80
gfx/interface/focusview/titlebar/focus_can_start_joint_IRQ_bg.dds,holder,byte_identical_vanilla,neutral,header,True,redrawn_installed,164,69,1,0,26c19fd7372a3952cf298dbfad400e507890dba90f207d38520e4d1fb3247e7a
gfx/interface/focusview/titlebar/focus_can_start_joint_MA_bg.dds,holder,byte_identical_vanilla,neutral,header,True,redrawn_installed,164,69,1,0,e79e0f8a9f47efab5ea13ea379cb3b8aa90daeb70719b48374a624e70f2c5b4c
gfx/interface/focusview/titlebar/focus_can_start_joint_PER_bg.dds,holder,byte_identical_vanilla,neutral,header,True,redrawn_installed,164,69,1,0,62dddd9d5be095a5ba51071fb7f1e5587d200a810aedb4d76d7d1aebb0b40cb5
gfx/interface/focusview/titlebar/focus_can_start_joint_TUR_bg.dds,holder,byte_identical_vanilla,neutral,header,True,redrawn_installed,164,69,1,0,244b83bfc3238d22e7001b95d094aa72be640b21a99a75239b72e6b26522854d
gfx/interface/focusview/titlebar/focus_completed_inner_circle_bg.dds,holder,byte_identical_vanilla,neutral,header,True,redrawn_installed,164,50,1,0,ec495d155ee8ff3848434de96c3800674f75f140244aee548bb921bb8f0f272f
gfx/interface/focusview/titlebar/focus_completed_joint_AFG_bg.dds,holder,byte_identical_vanilla,neutral,header,True,redrawn_installed,164,69,1,0,93a9a9bf8f24b7afd952c79d01d42e04621c869875bdfa69657855b4f5e35c67
gfx/interface/focusview/titlebar/focus_completed_joint_AFG_IRQ_PER_TUR_bg.dds,holder,byte_identical_vanilla,neutral,header,True,redrawn_installed,164,69,1,0,0c2d375cb098b90881e648cb5e5bbad698f872724d6f1136dab4fd0b783a429d
gfx/interface/focusview/titlebar/focus_completed_joint_BEL_bg.dds,holder,byte_identical_vanilla,neutral,header,True,redrawn_installed,164,69,1,0,64ce979e75874b35b202561fea5bd9d119383417c7be4723218938cfd3afa04e
gfx/interface/focusview/titlebar/focus_completed_joint_BEL_COG_bg.dds,holder,byte_identical_vanilla,neutral,header,True,redrawn_installed,164,69,1,0,ed59a4da342e5c858425f2b8bafff06b77c482231f0c58e00bc367a31516a276
gfx/interface/focusview/titlebar/focus_completed_joint_bg.dds,holder,byte_identical_vanilla,neutral,header,True,redrawn_installed,164,50,1,0,cc9f32228840e411483372272117296f1947dfe0663ce552976f4000089eca9c
gfx/interface/focusview/titlebar/focus_completed_joint_COG_bg.dds,holder,byte_identical_vanilla,neutral,header,True,redrawn_installed,164,69,1,0,c9412ec5ae6782160d1a9222cea7ef0f0b91f9027406eb12edfae1f425d8b287
gfx/interface/focusview/titlebar/focus_completed_joint_GDC_bg.dds,holder,byte_identical_vanilla,neutral,header,True,redrawn_installed,164,69,1,0,63ae67d7d1f01b92285430e9e507f1ab99869399f9b9b4a029354a18953787b0
gfx/interface/focusview/titlebar/focus_completed_joint_GDC_GXC_bg.dds,holder,byte_identical_vanilla,neutral,header,True,redrawn_installed,164,69,1,0,a2e7cbd5246e0b095740538f01be7fbb32f58b4d674758ad784b55086a1f1747
gfx/interface/focusview/titlebar/focus_completed_joint_GXC_bg.dds,holder,byte_identical_vanilla,neutral,header,True,redrawn_installed,164,69,1,0,bec3fb1ce570b08519e00366f31f49d3f49b1da20ce8dd75e69cdae5bbf934d9
gfx/interface/focusview/titlebar/focus_completed_joint_IRQ_bg.dds,holder,byte_identical_vanilla,neutral,header,True,redrawn_installed,164,69,1,0,5a6d1f393a8a20541cf71533c6e062504c265c8009f655b04b27dc04d02691fd
gfx/interface/focusview/titlebar/focus_completed_joint_MA_bg.dds,holder,byte_identical_vanilla,neutral,header,True,redrawn_installed,164,69,1,0,de2eca146d09cbe852dc418ab99b2d3abab850239b0c25ca5b41173a98079d05
gfx/interface/focusview/titlebar/focus_completed_joint_PER_bg.dds,holder,byte_identical_vanilla,neutral,header,True,redrawn_installed,164,69,1,0,4d101e3f96abda311312237a8737e8c8ae47341fa66459c634d6c3a1d4823677
gfx/interface/focusview/titlebar/focus_completed_joint_TUR_bg.dds,holder,byte_identical_vanilla,neutral,header,True,redrawn_installed,164,69,1,0,7c9e099bcdcd0a78b7f468640161517b0192361b27de46ec911c40b6cbe8ba64
gfx/interface/focusview/titlebar/focus_start_inner_circle_bg.dds,holder,byte_identical_vanilla,neutral,header,True,redrawn_installed,164,50,1,0,8400367e0a2abf824f4e5513e3381ccc7980851a71273b8d107ee7923ca56ae7
gfx/interface/focusview/titlebar/focus_unavailable_inner_circle_bg.dds,holder,byte_identical_vanilla,neutral,header,True,redrawn_installed,164,50,1,0,927a1991e07d250630ad5b8e1393cd0c7a77c599ae6367da07491168012e589c
gfx/interface/focusview/titlebar/focus_unavailable_joint_AFG_bg.dds,holder,byte_identical_vanilla,neutral,header,True,redrawn_installed,164,69,1,0,821b8ceefee813fbf8efcb05f1921b33b45eda631a7cafa8b608df5e68d0166d
gfx/interface/focusview/titlebar/focus_unavailable_joint_AFG_IRQ_PER_TUR_bg.dds,holder,byte_identical_vanilla,neutral,header,True,redrawn_installed,164,69,1,0,816f6a1edca988879087f416d3bc7d5d509ebd88a23a9da20ebed72f5ecdbea3
gfx/interface/focusview/titlebar/focus_unavailable_joint_BEL_bg.dds,holder,byte_identical_vanilla,neutral,header,True,redrawn_installed,164,69,1,0,b2acfa42b4ae66ec69a8a37d8108437914874724a83662f5ca50d1f52ff95a8c
gfx/interface/focusview/titlebar/focus_unavailable_joint_BEL_COG_bg.dds,holder,byte_identical_vanilla,neutral,header,True,redrawn_installed,164,69,1,0,b3213d6efd440b874dd1a10d4c84bdc5db1c4d9b3a64e976d692afcf760a0b4e
gfx/interface/focusview/titlebar/focus_unavailable_joint_bg.dds,holder,byte_identical_vanilla,neutral,header,True,redrawn_installed,164,50,1,0,229b7b6fbe1cc3f1d8ae7c15644932d4e20922a3668e3312243113b9bb69421c
gfx/interface/focusview/titlebar/focus_unavailable_joint_COG_bg.dds,holder,byte_identical_vanilla,neutral,header,True,redrawn_installed,164,69,1,0,b695e5dfb411f528c679d4edd6386a5e79a7026816702c051f700493971a421f
gfx/interface/focusview/titlebar/focus_unavailable_joint_GDC_bg.dds,holder,byte_identical_vanilla,neutral,header,True,redrawn_installed,164,69,1,0,afd07527af01dcef2fadcce834e13b84bd46d628edb7acf9976a9c4bf3e7a006
gfx/interface/focusview/titlebar/focus_unavailable_joint_GDC_GXC_bg.dds,holder,byte_identical_vanilla,neutral,header,True,redrawn_installed,164,69,1,0,bc461b199e2a11427e75daa0bcb4d405946c7492dc7d0cc1db43486e85aa22bd
gfx/interface/focusview/titlebar/focus_unavailable_joint_GXC_bg.dds,holder,byte_identical_vanilla,neutral,header,True,redrawn_installed,164,69,1,0,fc4b1996dc18b1b51bde2bfd8fbe05b267da52d96fc134de09d5bdf031ebc18c
gfx/interface/focusview/titlebar/focus_unavailable_joint_IRQ_bg.dds,holder,byte_identical_vanilla,neutral,header,True,redrawn_installed,164,69,1,0,ac7e327033372cba928b18467fd63e72fe06c5a507da661cf0776ad533e5fce5
gfx/interface/focusview/titlebar/focus_unavailable_joint_MA_bg.dds,holder,byte_identical_vanilla,neutral,header,True,redrawn_installed,164,69,1,0,62a946bbb4250e3aa27d6941d58d7ea286db5c380055c82c612ded670e7f9dc6
gfx/interface/focusview/titlebar/focus_unavailable_joint_PER_bg.dds,holder,byte_identical_vanilla,neutral,header,True,redrawn_installed,164,69,1,0,8f3c6fe84d8d979793aa5f8077ce5d26eafa0593076275e6162c778fc4356842
gfx/interface/focusview/titlebar/focus_unavailable_joint_TUR_bg.dds,holder,byte_identical_vanilla,neutral,header,True,redrawn_installed,164,69,1,0,ffc4ffee3725c1e78aae45ebf2aa5d21bed150bca75036c37b0a497138436761
gfx/interface/followup_goal_bg.dds,composite,byte_identical_vanilla,neutral,panel,True,redrawn_installed,58,17,1,0,637fbc53b1396cf6b5d145e02e7d874e7e2041407d58618c8d4acbcf25676681
gfx/interface/foreign_templates_dropdown_button.dds,composite,byte_identical_vanilla,neutral,control,True,redrawn_installed,168,56,3,4,90405ca1b43de563f64dcdbc2cc27e47a67f906b76bd05c903b1db26e81f6be7
gfx/interface/frontend_task_force_composition_editor_upper_bar.dds,holder,byte_identical_vanilla,slate,panel,True,redrawn_installed,505,101,1,2,d00e97ad39f5ead99684e9e5f0da2563f831b3d6faeda84d72cddb7a93a27cc9
gfx/interface/fullborder_tiled.dds,holder,byte_identical_vanilla,neutral,frame,True,redrawn_installed,190,190,1,20,1aab8f303dcabf841096cf06290c084723a35b8a588e00087b06bd5c58d95c13
gfx/interface/game_settings_bg.dds,holder,byte_identical_vanilla,neutral,panel,True,redrawn_installed,484,97,1,4,3bd7cd3342e186523d7e8b9f8a1b0ec1f5c269850696a8891f0df01aee4b7365
gfx/interface/garrison_log_entry.dds,composite,byte_identical_vanilla,neutral,control,True,redrawn_installed,610,85,1,1,c0d9bfc1c174d95bf9353b8f8d020c6ee4d27c7d4e4b8cc323bdd497a61544b0
gfx/interface/generic_3_state_checkbox.dds,composite,byte_identical_vanilla,neutral,control,True,redrawn_installed,84,23,3,0,0658dd0fce0136f6b0ea8211611b303cb187130d7d9072d259d049b5fc2f721d
gfx/interface/generic_bg.dds,holder,byte_identical_vanilla,neutral,panel,True,redrawn_installed,271,55,1,4,6250a2d922d2e79c0d552408f642303dcbdabba5360d77a3e3453f6ef1d16443
gfx/interface/generic_bg2.dds,holder,byte_identical_vanilla,neutral,panel,True,redrawn_installed,356,35,1,4,9e74529dc704041445cc2112818318e396751e6159d5007821725a9fe710ecd7
gfx/interface/generic_bg3.dds,holder,byte_identical_vanilla,neutral,panel,True,redrawn_installed,329,55,1,0,fa54991fcbafdc9cbbac92b853b56913296f4eea0f75d8cb00b6dc3eedc5a56b
gfx/interface/generic_bg_307x113.dds,holder,byte_identical_vanilla,neutral,panel,True,redrawn_installed,307,113,1,8,c1d0c8553c0f27008de9a4ea84fcdcc84f7d1d0669711cbdbfce5bc3a7a33285
gfx/interface/generic_bg_417.dds,holder,byte_identical_vanilla,neutral,panel,True,redrawn_installed,417,29,1,34,f353972f9303c84ce5429624b2b5e841f276f745a51f4b416d25bc8cab534ee9
gfx/interface/generic_box.dds,holder,byte_identical_vanilla,neutral,panel,True,redrawn_installed,102,26,1,34,7b278d1584dea4bf238efe540db96216dd09f79883bb5e771f8a9f8bfcecb027
gfx/interface/generic_box_125.dds,holder,byte_identical_vanilla,neutral,panel,True,redrawn_installed,124,26,1,0,4d24569e9a203bdacb418cfabba3d23d81094acbcc69e8529cd53f71ad27e182
gfx/interface/generic_box_80.dds,holder,byte_identical_vanilla,neutral,panel,True,redrawn_installed,80,26,1,6,0f16c06548e0f48c486ff143da597ad69c0ad0741aeae9751a5c132ab37b6972
gfx/interface/generic_box_96.dds,holder,byte_identical_vanilla,neutral,panel,True,redrawn_installed,96,26,1,8,cb81c5d88313df869f65f50067448ee385c88fd4e2c1dbd425bd7bd1ef75d295
gfx/interface/generic_box_small.dds,holder,byte_identical_vanilla,neutral,panel,True,redrawn_installed,88,26,1,0,2c43ffd3d45a4b75714c041aaa8b47bceb1da2ac73b24ccfed391145a7629bc6
gfx/interface/generic_box_smallest.dds,holder,byte_identical_vanilla,neutral,panel,True,redrawn_installed,70,26,1,52,aff4a5dba1f79b761e72d2ce4f0b9a3243518e4c562e71fd739c01edfd309643
gfx/interface/generic_checkbox.dds,composite,byte_identical_vanilla,neutral,control,True,redrawn_installed,68,30,2,248,45ae072855482d6cc3448d384518d25f01b13464c86afc90a5dcdce40724bd3c
gfx/interface/generic_checkbox2.dds,composite,byte_identical_vanilla,neutral,control,True,redrawn_installed,68,30,2,4,075006b93f9e9efbcad7527f1232a673fe11dbed7e359f7181faf61681610bdc
gfx/interface/generic_checkbox3.dds,composite,byte_identical_vanilla,neutral,control,True,redrawn_installed,56,23,2,32,10ee8502478ec5aab99b68b00ec2daed5b8060cdab552a25ad711d3aed8333e1
gfx/interface/generic_diplo_action_bg.dds,holder,byte_identical_vanilla,neutral,panel,True,redrawn_installed,527,315,1,6,d168015c4a9409d7fd937d3bf7dfdb24ae2c3a85811602b4d9bf1894ff46dd7f
gfx/interface/generic_entry_bg_small.dds,holder,byte_identical_vanilla,neutral,control,True,redrawn_installed,444,24,2,24,dd1864e3fa30125021b263f93f56c5ab34eaabf13f5f8160c8abfeac23b002da
gfx/interface/generic_header.dds,holder,byte_identical_vanilla,neutral,header,True,redrawn_installed,324,58,1,0,56533b4937eac82db5cbdeed93146952a5297b503b2765b57aef23e5a4a6f0d4
gfx/interface/generic_header_small.dds,holder,byte_identical_vanilla,neutral,header,True,redrawn_installed,245,58,1,0,ec9209eeb42c4ad7f921d67753fbae38b135a9c0e6b53ca306459a6c5fdcf436
gfx/interface/generic_mini_bg.dds,holder,byte_identical_vanilla,neutral,panel,True,redrawn_installed,69,25,1,16,e41df4cd0c4e6c76b93e6d6c4e0b328b66296d863a03a76d84a47242b2c7a539
gfx/interface/generic_popup_win.dds,holder,byte_identical_vanilla,neutral,panel,True,redrawn_installed,480,249,1,2,ebaa235d5e91331086d63ba23f10058836bd44a63cda1d8ee84340c778a8ef17
gfx/interface/generic_text_bg_108.dds,holder,byte_identical_vanilla,neutral,panel,True,redrawn_installed,108,27,1,68,1e19a728cefb23a1228479bc04b0fcef96870437832cedd03675da5e13894081
gfx/interface/generic_text_bg_154.dds,holder,byte_identical_vanilla,neutral,panel,True,redrawn_installed,154,27,1,10,c193007a6eade54efecee87e2f7d8404f23e6f9272261f84c07ed48720e18663
gfx/interface/generic_text_bg_203.dds,holder,byte_identical_vanilla,neutral,panel,True,redrawn_installed,203,27,1,28,92187dfab7ceaa9256b28e368e47d0754f13efa351147160524cf732e14542a4
gfx/interface/generic_text_bg_258.dds,holder,byte_identical_vanilla,neutral,panel,True,redrawn_installed,258,27,1,2,79da0686e5a95c4940ffdc2e7239543cd32d86c4c8862a222bbc815df12a92a1
gfx/interface/generic_text_bg_325.dds,holder,byte_identical_vanilla,neutral,panel,True,redrawn_installed,325,27,1,0,3692303c8e263b78e47524087a357d76fba9d195f6ab498795f727fbaf4fe747
gfx/interface/generic_text_bg_60.dds,holder,byte_identical_vanilla,neutral,panel,True,redrawn_installed,60,27,1,60,fe169da1fe3eefa3b726df555d9150b140655d0f5a2f4bc6c6799c4cab2eaea9
gfx/interface/generic_text_bg_88.dds,holder,byte_identical_vanilla,neutral,panel,True,redrawn_installed,88,27,1,50,e4fadecab5ae4be65586c509a746610ccd001fff5db3f07827d99c46a9b5caa0
gfx/interface/generic_w_box.dds,holder,byte_identical_vanilla,neutral,panel,True,redrawn_installed,102,27,1,28,e1724175bba4f7dbdad19430550b2fadfd9a44f5593c7e8a6eccf75aa9d27dd0
gfx/interface/generic_w_box_125.dds,holder,byte_identical_vanilla,neutral,panel,True,redrawn_installed,125,27,1,0,2be1edf26989390d73c8d2383ccbf49c9d5681b0dcd862e26b4616f87156170a
gfx/interface/generic_w_box_small.dds,holder,byte_identical_vanilla,neutral,panel,True,redrawn_installed,85,27,1,0,03411e0b8c9176f4ea4df6fa776add73025579998330c3996c954de668205967
gfx/interface/generic_w_box_smallest.dds,holder,byte_identical_vanilla,neutral,panel,True,redrawn_installed,71,27,1,0,67fc7b66c374eda3cd9945793451b80eee210023f8f9413d7eeb9d58592429f0
gfx/interface/genric_mini_bg1.dds,holder,byte_identical_vanilla,neutral,panel,True,redrawn_installed,56,24,1,1,751bce088c9c973307bf91ec6d0ba40933569938c27928cfb746368722086896
gfx/interface/genric_mini_bg2.dds,holder,byte_identical_vanilla,neutral,panel,True,redrawn_installed,56,24,1,1,b3d699fc056deb9c687f5a38642eb6b057dc507fd2fa7cdc5608de901d1c65b0
gfx/interface/goal_entry_bg.dds,holder,byte_identical_vanilla,neutral,control,True,redrawn_installed,336,97,1,0,ca3b52666d3e75a59821e84dcf0f6a0db424171308c33ddc9d374175001131fe
gfx/interface/goal_entry_pp_bg.dds,holder,byte_identical_vanilla,neutral,control,True,redrawn_installed,58,17,1,0,ae9ac2059a3f7f947a23c85eeac5c557af0c87af8a4a47d8491047a4581eb4b5
gfx/interface/government_button.dds,holder,byte_identical_vanilla,neutral,control,True,redrawn_installed,172,35,1,22,f2095efce3d8855b7b0410f6430a9a5e2a3306705434c1265acd842d8ec5a028
gfx/interface/government_in_exile/countryview_government_in_exile_bg.dds,holder,byte_identical_vanilla,neutral,panel,True,redrawn_installed,129,57,1,2,111ebbb77ef49078bb365ff8b7d3761796bf75671f01459c5c4b19e896b79357
gfx/interface/government_in_exile/division_designer_button.dds,holder,byte_identical_vanilla,neutral,control,True,redrawn_installed,166,33,1,4,983e5e04a6d9011b72a2c32e7c4757dc5b63ffd43b4b8d03be18b8474bc48a4f
gfx/interface/government_in_exile/government_in_exile_entry_bg.dds,holder,byte_identical_vanilla,neutral,control,True,redrawn_installed,506,96,1,4,d42996a507778a1bdc8333106eb7c454fea194bd1e2060f26bdc65581f5accb4
gfx/interface/government_in_exile/government_in_exile_progressbar_bg.dds,holder,byte_identical_vanilla,neutral,header,True,redrawn_installed,233,60,1,4,4352fd85985d2fa273280e5cbf07ffa26e2714b9d054796a938e83028996edc8
gfx/interface/government_in_exile/reinstate_button.dds,holder,byte_identical_vanilla,neutral,control,True,redrawn_installed,262,44,2,4,afabdcd76f368d0ba8a9526757aa89ccfb128495bf78407d7dc2d4a1a91fffa6
gfx/interface/group_div_count_bg.dds,holder,byte_identical_vanilla,neutral,panel,True,redrawn_installed,92,39,1,4,7b123ab0bac5ca69e11f2c965325333b26238096d158362f19af0b93daccbbfc
gfx/interface/group_name_bg.dds,holder,byte_identical_vanilla,neutral,panel,True,redrawn_installed,266,25,1,6,f2c33b677ccc384f578193b4deeb1f6337a21407978766f781b647e0beb99355
gfx/interface/guimore/tiled_bg_1_scrollbar.dds,holder,renamed_or_moved_identical_vanilla,neutral,rail,True,redrawn_installed,192,192,1,0,7bd8e6503f565dcd713acaad8f0f3725de43cf97f66538425b9b3f2d4861520b
gfx/interface/header2.dds,holder,byte_identical_vanilla,neutral,header,True,redrawn_installed,525,42,1,4,0660a16e25ec39073d5f1f4463b90b3d6489df34fec2ec017acace6d175bb382
gfx/interface/header_naval_terrain.dds,holder,byte_identical_vanilla,neutral,header,True,redrawn_installed,436,93,1,0,3f11af2261cd69cdc1bb354b3801abf63e1c4282949492c917f9957919971e4f
gfx/interface/header_wide_bg.dds,holder,byte_identical_vanilla,neutral,header,True,redrawn_installed,632,41,1,0,861e6162494e26b9bb69460a93553141b7d65e7acb8aff1afa53fdc0e309361b
gfx/interface/hold_button.dds,composite,byte_identical_vanilla,neutral,control,True,redrawn_installed,31,31,1,20,cc679c451abeeefd98577a99232039ca0f562d646f7df3cb2bf44f03f51e5e29
gfx/interface/hosting_bg.dds,holder,byte_identical_vanilla,neutral,panel,True,redrawn_installed,480,432,1,1,a15fa6e1858b26b414381c9b51e5853ce91bca6130e5e08074b9ae6f402dd63a
gfx/interface/hotjoin_player_request_bg.dds,holder,byte_identical_vanilla,neutral,panel,True,redrawn_installed,231,48,1,1,9689367bb274e4456e66033156dca37ba78662c32bbc4a40ae51d061b022d9d3
gfx/interface/hotjoinrequest_bg.dds,holder,byte_identical_vanilla,neutral,panel,True,redrawn_installed,231,48,1,1,9689367bb274e4456e66033156dca37ba78662c32bbc4a40ae51d061b022d9d3
gfx/interface/icon_bluesky.dds,composite,byte_identical_vanilla,neutral,panel,True,redrawn_installed,41,45,1,2,73fedc361c679dcf6187a364dd3438d990fe4d023d9bb0fefc8e6e13815acdc5
gfx/interface/icon_facebook.dds,composite,byte_identical_vanilla,neutral,panel,True,redrawn_installed,41,45,1,4,83908cb0e978c0048a67733cc4e601eae8f97025733986cddfbf2729dadcfe59
gfx/interface/icon_forum.dds,composite,byte_identical_vanilla,neutral,panel,True,redrawn_installed,41,45,1,6,13d28a1563ad6c5d023c29398aed0b1fd9da572deb20f8f84cfe179722d67027
gfx/interface/icon_homepage.dds,composite,byte_identical_vanilla,neutral,panel,True,redrawn_installed,41,45,1,8,08c12bc535909c432a5891f571ebf37e321bad6a365c68461f388f1f3723d1a1
gfx/interface/icon_instagram.dds,composite,byte_identical_vanilla,neutral,panel,True,redrawn_installed,41,45,1,4,f1b267336419b3f57a00c0dac1380a7e2cdb5dc71b9fda8d5f7712fab6bc79ce
gfx/interface/icon_privacy.dds,composite,byte_identical_vanilla,neutral,panel,True,redrawn_installed,41,45,1,6,07ac58122c4f9831de3b846a52e439b3c3588b87f78352970e75882c0bd7420e
gfx/interface/icon_twitter.dds,composite,byte_identical_vanilla,neutral,panel,True,redrawn_installed,41,45,1,0,2e68aa3a88507b4de9f1d1b3f5849a48a6b391b7acae633b02ecdb069fc29b17
gfx/interface/icon_x.dds,composite,byte_identical_vanilla,neutral,panel,True,redrawn_installed,41,45,1,2,789576464c2d286cddd39e18938ac16623cce95fbce9f98a0efa0c9c928e5929
gfx/interface/icon_youtube.dds,composite,byte_identical_vanilla,neutral,panel,True,redrawn_installed,41,45,1,4,4746756bd79f263ecef0f5acab81fccd34ef007b096acd2081e5d5766ea8458a
gfx/interface/idea_country_tab.dds,composite,byte_identical_vanilla,neutral,header,True,redrawn_installed,182,61,2,0,68f7a970e6921defab3a7b710c35a6323a59974a8b450899c560ce278ea7476d
gfx/interface/idea_entry_bg.dds,holder,byte_identical_vanilla,neutral,control,True,redrawn_installed,337,75,1,0,6393cb05412144cc8868fd384886349dedf014df4ab4e549410e7810861c75b5
gfx/interface/idea_entry_bg_2.dds,holder,byte_identical_vanilla,neutral,control,True,redrawn_installed,462,74,2,14,29dc3766ee193408fb191550db5de8e6c0232602cda3e4df2b9ce59cdfde072f
gfx/interface/idea_entry_bg_2_cracked.dds,holder,byte_identical_vanilla,neutral,control,True,redrawn_installed,462,75,1,0,93b111d95f34e75d7bad8a6fa403f5d3941d4a7cdd54e4781c27a0a01c56cacf
gfx/interface/idea_entry_bg_3.dds,holder,byte_identical_vanilla,neutral,control,True,redrawn_installed,924,75,2,8,92b54f156a72cb809d7976b31baf28b80090b76113f53a84f8a3e8a17376e0ce
gfx/interface/idea_entry_bg_4.dds,holder,byte_identical_vanilla,neutral,control,True,redrawn_installed,462,60,1,2,0edb94054e6037cd843cd10ac4095967a5ffdb00afa02e5c1ddfd6b02e464a28
gfx/interface/idea_espionage_tab.dds,composite,byte_identical_vanilla,neutral,header,True,redrawn_installed,178,61,2,0,1dc404e951648ce0e6b415dd23c3dec7551a9f1da4acf818aae0c4b23ff4c47f
gfx/interface/idea_group_header.dds,holder,byte_identical_vanilla,neutral,header,True,redrawn_installed,462,55,1,4,161bc3d6c93aaa2fe36ee682875187bb361295cbe0a559ee94d5dd1cab71262a
gfx/interface/idea_military_tab.dds,composite,byte_identical_vanilla,neutral,header,True,redrawn_installed,178,61,2,0,7e3facbec38b6c355af9a1b1673f064f0b45017c8f9a1c49e4e532ad0eccf271
gfx/interface/idea_political_tab.dds,composite,byte_identical_vanilla,neutral,header,True,redrawn_installed,178,61,2,0,22c6f7ead711a7e06bb77511832fbfaca62a8a25a19ac4f6435e9bfba45f1bdf
gfx/interface/idea_slot_aircraft_manufacturer.dds,composite,byte_identical_vanilla,neutral,control,True,redrawn_installed,63,63,1,2,006a65261f73a05455f701aedad7b0b33cd4f2f6a8fa9f5bd288d05f184ebfd1
gfx/interface/idea_slot_industrial_concern.dds,composite,byte_identical_vanilla,neutral,control,True,redrawn_installed,63,63,1,0,fcc3355755f0a6cb75f2b80ecc124f7455fc296389eaffc9827b241725b26083
gfx/interface/idea_slot_materiel_manufacturer.dds,composite,byte_identical_vanilla,neutral,control,True,redrawn_installed,63,63,1,2,9c2e07d325caa784c60641e32d454f8d29e6391cec1ea96ca84665c1eb280709
gfx/interface/idea_slot_naval_manufacturer.dds,composite,byte_identical_vanilla,neutral,control,True,redrawn_installed,63,63,1,2,5d2e45ba7d07d3a2fac80843430e06b68ed5ca842111653322c6a4fb75d1a798
gfx/interface/idea_slot_tank_manufacturer.dds,composite,byte_identical_vanilla,neutral,control,True,redrawn_installed,63,63,1,2,a47cb33f551dfafee4cab19c7e152ef2d7219bad44e97b27a6d23a6a1ce10bbd
gfx/interface/idea_technology_tab.dds,composite,byte_identical_vanilla,neutral,header,True,redrawn_installed,178,61,2,0,925059a835969add08650d8940491eb3f9a9d3226b8997cb09a9af7211c3ec14
gfx/interface/imperial_influence/imperial_influence_decor_bg.dds,holder,byte_identical_vanilla,neutral,panel,True,redrawn_installed,662,708,1,1,474603cde0ee1dc175f9f0cba7c6d72273f02943b5ee43469be82beadfa0f2b5
gfx/interface/imperial_influence/imperial_influence_faction_name_box.dds,holder,byte_identical_vanilla,paper,panel,True,redrawn_installed,143,33,1,4,1478cdb5ecd54475d1a2ec9b48fa56c1f1c6b8e1224082790290df6c2f81e766
gfx/interface/imperial_influence/imperial_influence_ruler_name_box.dds,holder,byte_identical_vanilla,paper,panel,True,redrawn_installed,146,52,1,1,a97fcfc9ecbddfc6c1d744d7393b18299c3503b2cd576470bdaaa350bb3ecd3b
gfx/interface/imperial_influence/support_and discredit_scroll.dds,composite,byte_identical_vanilla,paper,panel,True,redrawn_installed,150,182,1,4,a471f652981fb66682aba7438c19b85f180da5f998d2e88b9b045415bf937373
gfx/interface/inf_art_checkbox.dds,composite,byte_identical_vanilla,neutral,control,True,redrawn_installed,90,32,2,8,4ae02db6d3bd4a32dd0ac7a98cc6c79d5a46d32de6057cd90650810b68fe83ec
gfx/interface/infobox_progressbar_frame.dds,holder,byte_identical_vanilla,neutral,frame,True,redrawn_installed,126,30,1,0,07e0fe3c034f9c4531ec95bea53a13a26d0122dc99f34560248b2551f7a6a814
gfx/interface/ingameclock_bg.dds,holder,byte_identical_vanilla,neutral,panel,True,redrawn_installed,228,42,1,1,59f71828728951a10ba71b399f0373229882c082627f202fb8e91488fdc5b465
gfx/interface/inner_circle/ascended_advisor_name_box.dds,holder,byte_identical_vanilla,neutral,panel,True,redrawn_installed,146,26,1,3,47bde749d7170080e6f9fab866dde7c9aa701cdceb36ff17d179cf83f5519791
gfx/interface/inner_circle/ascended_advisor_trait_box.dds,holder,byte_identical_vanilla,neutral,panel,True,redrawn_installed,144,43,1,3,a85d60c1634731be1fa8032538b329ef3b831295bd9e59d7c4f261dbe183c2e3
gfx/interface/inner_circle/ascended_advisors_frame.dds,holder,byte_identical_vanilla,neutral,frame,True,redrawn_installed,131,139,1,0,4c4e97e8ea0dfa223bc91537d4dd7d732eba7b93b21b7106587a266503b7b009
gfx/interface/inner_circle/ascended_advisors_unappointed_frame.dds,holder,byte_identical_vanilla,neutral,frame,True,redrawn_installed,131,139,1,3,351a761cfc90347754eb3880f159040dabc026f51000bbd23c254b4d78582ecc
gfx/interface/inner_circle/circular_frame_fuhrer.dds,holder,byte_identical_vanilla,neutral,frame,True,redrawn_installed,165,165,1,1,afa036d94a078c2dbdecd6f8cd3d28d2a2273a72f2c459af4a0eb8831253f91f
gfx/interface/inner_circle/fuhrer_name_ribbon.dds,holder,byte_identical_vanilla,red,panel,True,redrawn_installed,160,36,1,1,c2fbdda8216e7240033da54fd0dcc8a1787a67ee57f65e7bba217fe0a95f8833
gfx/interface/inner_circle/inner_circle_decor_bg.dds,holder,byte_identical_vanilla,neutral,panel,True,redrawn_installed,631,583,1,1,f6b837b0b35ac0f8eca710578f1242e133d2d6fdfadf8789477a9dc96929d1df
gfx/interface/inner_circle/inner_circle_decor_bg_solid.dds,holder,byte_identical_vanilla,neutral,panel,True,redrawn_installed,586,538,1,0,61389cad5eb65f4175a6cd81f63c80764bdb4b3890fdb59f5217fc70da1a6eca
gfx/interface/inner_circle/trait_box_fuhrer.dds,holder,byte_identical_vanilla,neutral,panel,True,redrawn_installed,115,22,1,2,5cdcf07ead5fd077300855f5235c7227de72bf0abe972b236d86b253a07349ed
gfx/interface/input_long.dds,holder,byte_identical_vanilla,neutral,panel,True,redrawn_installed,457,29,1,0,4960faf951c92f892ece38c40d08a621af95519a03834330bfcdd7a855dc9f0b
gfx/interface/intel_ledger/intel_ledger_entry.dds,composite,byte_identical_vanilla,neutral,control,True,redrawn_installed,481,32,1,8,e8a6e9e531d58a03e6d3582a6d5031321f252231a78a6820f42bcd6d6d80f493
gfx/interface/intel_ledger/intel_ledger_linechart.dds,holder,byte_identical_vanilla,paper,panel,True,redrawn_installed,378,151,1,6,d56a51047e9f72e69558e6aa241db7a41debab1ee14d799de25522e6f2650ae7
gfx/interface/intel_ledger/intel_ledger_tech_icon.dds,composite,byte_identical_vanilla,neutral,panel,True,redrawn_installed,490,69,1,16,e8a8da0b44553347ff6582a9360aee24955a7cc5c2d408deaf1a47a59f3393fd
gfx/interface/intel_ledger/intel_tab_large.dds,composite,byte_identical_vanilla,neutral,header,True,redrawn_installed,516,42,2,8,2f37e3d388e8b37741381c4ae42b6f35dcc22b5a872511942a83c36a99de1165
gfx/interface/intel_ledger/tab_bg.dds,holder,byte_identical_vanilla,neutral,panel,True,redrawn_installed,520,40,1,6,df7b04510a1feb50f02748b7a423e92850f271c471e2bd5bdb73bf80444ca505
gfx/interface/intel_ledger/tab_small.dds,holder,byte_identical_vanilla,neutral,panel,True,redrawn_installed,260,60,2,16,7648f625764a2c120b7baf4c9194f3c9fe393375716fe761f309a47fb9b9d527
gfx/interface/intel_tab_large.dds,composite,renamed_or_moved_identical_vanilla,neutral,header,True,redrawn_installed,516,42,1,0,d7ddaaa832efcd3fdee363882bbe8261082ad63307dd77479c6060c89cef084a
gfx/interface/international_market/Access_&_buy_equipment.dds,holder,byte_identical_vanilla,neutral,panel,True,redrawn_installed,520,100,2,1,e91aece5cc733a44dda11761336d2341a965685fcfd7f1c1b47133e3c2ead221
gfx/interface/international_market/Add_equipment_to_markete.dds,holder,byte_identical_vanilla,neutral,panel,True,redrawn_installed,520,100,2,1,dd412ac69d542693e28280da2fc6c921dd3cf7556446449cb7612cb7c198825a
gfx/interface/international_market/land_equipment_market_entry.dds,composite,byte_identical_vanilla,neutral,control,True,redrawn_installed,1000,100,2,2,f275a0b300a465d2ad7b5858ca726f1c8fe0539af449bd78fbfeb91551656ce6
gfx/interface/international_market/naval_equipment_market_entry.dds,composite,byte_identical_vanilla,neutral,control,True,redrawn_installed,1000,100,2,0,4491391b7b28f274cf21f7f4e7f324b1a36744ce0de860fa950ad5a6862e4b76
gfx/interface/international_market/sort_amount.dds,composite,byte_identical_vanilla,neutral,panel,True,redrawn_installed,87,29,3,2,724ec6f22e24f9c13f5af5985036c7341c736932246a2ff68a0e440610bcda87
gfx/interface/international_market/sort_cost.dds,composite,byte_identical_vanilla,neutral,panel,True,redrawn_installed,87,29,3,2,2fe473df67ecc10154b8f08c3081262f17eb43d0875819ad21a9e47c9997ccc1
gfx/interface/land_battle_bg.dds,holder,byte_identical_vanilla,neutral,panel,True,redrawn_installed,567,617,1,1,8de03d7f87c9cfc14eb3fad868c33ad6747ae8d988bb854c257f3df27d9a137c
gfx/interface/land_battle_leader_frame.dds,holder,byte_identical_vanilla,neutral,frame,True,redrawn_installed,84,111,1,2,a510389e26539b2d0d498e2dbead8fa765cb66bdd5a173109ddfb5d0ef64b119
gfx/interface/land_battle_progress_frame.dds,holder,byte_identical_vanilla,neutral,frame,True,redrawn_installed,185,20,1,1,6a81408a1de10055cabec95999244ae9298d3c8227ddca9f513dbb7c0e01ca69
gfx/interface/land_battle_reserve_bg.dds,holder,byte_identical_vanilla,neutral,panel,True,redrawn_installed,119,29,1,1,13d7f47a5ef40bbf8f34a78ea327de812385db430c6a43bf3b695d2c7578c048
gfx/interface/land_battle_unit_bg.dds,holder,byte_identical_vanilla,neutral,panel,True,redrawn_installed,244,43,1,2,10dabafb407cb30af8e160146186ed93877565ad1ecdb4812ebe8fae795a907e
gfx/interface/land_unit_stat_equip_entry.dds,composite,byte_identical_vanilla,neutral,control,True,redrawn_installed,264,43,2,0,23e2e0c05b1655e1254ef08a0a031f86f1e43b861a3f8fa8e8cf1f31b9729243
gfx/interface/large_flag_frame.dds,holder,byte_identical_vanilla,neutral,frame,True,redrawn_installed,92,58,1,42,da669ef0e767842462eae2d0fc2ea70ff083c607aeacf1bc7fe813955351160c
gfx/interface/leader_frame_0_6.dds,holder,byte_identical_vanilla,neutral,frame,True,redrawn_installed,109,146,1,4,15ede71551d0c331c3a9ef3994bd4c6de3d4a15f4675b1725363ef670167fe21
gfx/interface/leader_frame_0_75.dds,holder,byte_identical_vanilla,neutral,frame,True,redrawn_installed,136,181,1,1,4f50a2abd7fa01c0c61f526131a768c0ef94169a01129dcb12cfc4f42dcf5ccb
gfx/interface/leader_selection_active_entry_bg.dds,holder,byte_identical_vanilla,paper,control,True,redrawn_installed,510,98,1,0,8fcd536b88b2aaf10ce932e236f7db0abeaa8d4223873b53e2d25c6ef0221bc2
gfx/interface/leader_selection_bg.dds,holder,byte_identical_vanilla,neutral,panel,True,redrawn_installed,550,607,1,22,2ad8d884bad2230474171908aade6142120d9f5b028bcc091e1f5ad72aecbbcb
gfx/interface/leader_selection_button.dds,composite,byte_identical_vanilla,neutral,control,True,redrawn_installed,180,31,2,26,a4b9d2211095348f75a040a4aa5279061d93d49883416c87b4a06581c26a4c57
gfx/interface/leader_selection_entry_bg.dds,holder,byte_identical_vanilla,paper,control,True,redrawn_installed,510,98,1,10,becd74a51abc3568c59488f64b6c6e5e1d51a2a4ff32f737e00ed8ff7ad5e525
gfx/interface/leader_selection_unavailable_active_entry_bg.dds,holder,byte_identical_vanilla,paper,control,True,redrawn_installed,510,98,1,0,334e329e2c4e79013ba0c62afb19e8aaf5482fe1d59c4bf1bdf18dbae79fa8ac
gfx/interface/leader_selection_unavailable_entry_bg.dds,holder,byte_identical_vanilla,paper,control,True,redrawn_installed,510,98,1,0,20be64dc671f8cc745716dd8d1c559d2ef3456add6462378561c8b98f19420d3
gfx/interface/lend_lease_equip_header.dds,holder,byte_identical_vanilla,neutral,header,True,redrawn_installed,369,35,1,12,0c191d98bc380f20bc21a713c358d3293aef220f47b5c5cdbc21536b6714f208
gfx/interface/lend_lease_top_bg.dds,holder,byte_identical_vanilla,neutral,panel,True,redrawn_installed,500,150,1,0,06427b28bb4b1fcba898f0c8d7ca7db1ebe32e646e8fb882560c9d5a75392636
gfx/interface/lendlease_big_bg.dds,holder,byte_identical_vanilla,neutral,panel,True,redrawn_installed,486,71,1,14,225f7d1aa9b95a75651b6cacfd4809d189d95744ed86252b80bcd91d95aa89dc
gfx/interface/lendlease_extended_bg.dds,holder,byte_identical_vanilla,neutral,panel,True,redrawn_installed,524,71,1,2,0ae3f59617a86be55ac136b33fdcc9e39c8b05bbe3176d96f591f9a619430cff
gfx/interface/lendlease_small_bg.dds,holder,byte_identical_vanilla,neutral,panel,True,redrawn_installed,1008,71,3,12,4ca6faae9567548e8720387877019b60274d38c30c0f6734452458f3933837e7
gfx/interface/linechart_frame.dds,holder,byte_identical_vanilla,neutral,frame,True,redrawn_installed,235,162,1,8,7d36061f2b2ba300a16d3690b3824ddbef9f609b1a5aa5985e13d0530f2e04ee
gfx/interface/list_button.dds,holder,byte_identical_vanilla,neutral,control,True,redrawn_installed,202,32,1,2,f13316dbaa134044a5e540466121a74fc81b20985c9f7b8c3316c1e89a6cf7d4
gfx/interface/load_save_bottom.dds,holder,byte_identical_vanilla,neutral,panel,True,redrawn_installed,346,64,1,4,745de3f8f04ad068098b40057a75ed4ce01d83a75a1e3b7a289c0a7958c01f2e
gfx/interface/load_save_bottom_screen.dds,holder,byte_identical_vanilla,neutral,panel,True,redrawn_installed,346,109,1,12,754e2ace43d23a1265d946a4bc410d0dcafef0af0d4b58c612a4f6e74f37096b
gfx/interface/load_save_entry.dds,holder,byte_identical_vanilla,neutral,control,True,redrawn_installed,594,54,2,0,75ac4adbc9f80e403f9544825b09ef01dc5ef44447b47712fe9ce13356a7e9e1
gfx/interface/load_save_top_screen.dds,holder,byte_identical_vanilla,neutral,panel,True,redrawn_installed,346,69,1,16,970782a666be3ab460e6ce9cfa327ad15a72e7b0b26feddb39ca1e7c2f615e74
gfx/interface/lobby_button.dds,composite,byte_identical_vanilla,slate,control,True,redrawn_installed,364,74,1,1,d84cfbb62bf1efec6bf27cefecb8fdbb294cc45a313ad7eccb5bdf3dd0dfc29a
gfx/interface/lobby_country_mapmode_button.dds,composite,byte_identical_vanilla,slate,control,True,redrawn_installed,63,63,1,0,7ea136f6ab0ebba3c282e4a33c28c7470efddb795de6fe76718701cbf3c30b97
gfx/interface/lobby_country_mapmode_button_selected.dds,composite,byte_identical_vanilla,slate,control,True,redrawn_installed,63,63,1,0,9f92b024950b8cdd4c103e004e5bbf30abe86d7deff0dc9ac3bda341aeba7eaa
gfx/interface/lobby_country_mapmode_strip.dds,composite,byte_identical_vanilla,slate,panel,True,redrawn_installed,100,50,2,8,741a30cc090a0284c6296641efd67c976acffbbae1a88011c779e989fb382d3f
gfx/interface/lobby_country_mapmode_strip_selected.dds,composite,byte_identical_vanilla,slate,panel,True,redrawn_installed,100,50,2,8,3afc82c9222e7daee99af43175c506936c130d6ff8d7f0abdb95a188b9133fd0
gfx/interface/lobby_lower_right_sidepanel_bg.dds,holder,byte_identical_vanilla,slate,panel,True,redrawn_installed,598,250,1,4,7126fd04a3be59aa251ef9dce9117391b43fc1663b7c513130c11558e2a8dd27
gfx/interface/lobby_player_mapmode_button.dds,composite,byte_identical_vanilla,slate,control,True,redrawn_installed,63,63,1,0,348c616f8ab5ca8386eedc47ce89ab0dedea30f3644f7b4f4bad0fc81d510333
gfx/interface/lobby_player_mapmode_button_selected.dds,composite,byte_identical_vanilla,slate,control,True,redrawn_installed,63,63,1,0,fd2d10d162b9521bcd279c9f34a4975574fa50f8e8d3c3ce9a14e2929f097451
gfx/interface/lobby_right_sidepanel_bg.dds,holder,byte_identical_vanilla,slate,panel,True,redrawn_installed,492,301,1,4,0154b066f4b46bf385cfb17fd85978ffadf555a608100d6ffee65eafe65530c9
gfx/interface/log_bg.dds,holder,byte_identical_vanilla,neutral,panel,True,redrawn_installed,1024,128,1,1,184fecbde8c833403c18a509b8211d835fd796df795e5682a7bc04a107b7dd4d
gfx/interface/log_max.dds,composite,byte_identical_vanilla,neutral,panel,True,redrawn_installed,27,27,1,1,59e218a799b519f17aaaed1b642e05654b40937e1fe0b10b782eb35b79b0d2d8
gfx/interface/log_min.dds,composite,byte_identical_vanilla,neutral,panel,True,redrawn_installed,27,27,1,2,5b2d577b34c947e45fa7a50007b4af2cf287bdd7abe07759df934d207ccd0da4
gfx/interface/logistics_air_equipment_entry_bg.dds,holder,byte_identical_vanilla,neutral,control,True,redrawn_installed,510,57,1,4,e016b2108bf6aebe3d35d04a7d5bd3f888ed3408dbc4eac61989dfe33e4b0000
gfx/interface/logistics_entry_bg.dds,holder,byte_identical_vanilla,neutral,control,True,redrawn_installed,567,35,1,8,e15d18143c2d81928bc65c33f2b54cf1ed39e568855515b049c7dc10897d5d88
gfx/interface/logistics_equipment_entry_bg.dds,holder,byte_identical_vanilla,neutral,control,True,redrawn_installed,510,57,1,4,e016b2108bf6aebe3d35d04a7d5bd3f888ed3408dbc4eac61989dfe33e4b0000
gfx/interface/logistics_info_equip_variant_entry.dds,composite,byte_identical_vanilla,neutral,control,True,redrawn_installed,356,40,1,4,c0ca87b3f8efdb1e2460920407d0fc089598693e397cd38cba91fe3d073fbea2
gfx/interface/logistics_naval_equipment_entry_bg.dds,holder,byte_identical_vanilla,neutral,control,True,redrawn_installed,510,57,1,4,e016b2108bf6aebe3d35d04a7d5bd3f888ed3408dbc4eac61989dfe33e4b0000
gfx/interface/logistics_other_entry_bg.dds,holder,byte_identical_vanilla,neutral,control,True,redrawn_installed,511,45,1,4,7b29726c56a15093591685c514565b37e5efc73fccbcd190953e6ffcc70588b7
gfx/interface/logistics_overview_resources_bg.dds,holder,byte_identical_vanilla,neutral,panel,True,redrawn_installed,154,65,1,0,e2481adc7bda42d7e41596a0d70c837555c804a6b0c75916e59841b57610d16a
gfx/interface/logistics_status_fuel_bar_bg.dds,holder,byte_identical_vanilla,neutral,header,True,redrawn_installed,100,14,1,24,6034107f4280d2eccf4f26c6a6a40eee8b678d0c92a45b86b14530e915158fa1
gfx/interface/logistics_status_progressbar_bg.dds,holder,byte_identical_vanilla,neutral,header,True,redrawn_installed,87,14,1,12,ae0457f5f98d299eba95930ada764dcd23b1c61f40f244f22aadc3c158b79f23
gfx/interface/logistics_win_bottom.dds,holder,byte_identical_vanilla,neutral,panel,True,redrawn_installed,548,96,1,4,2ab5d9e5b8f064ecebf8d8d907dbdcf553004a40ed1f488c49ea8b7a56f4d0f6
gfx/interface/macrobuild_header_bg.dds,holder,byte_identical_vanilla,neutral,header,True,redrawn_installed,472,41,1,0,7f9bcb786ebc92fe90e879575a5414d67212b1ab2cadaeaabcbcc747bec04c4b
gfx/interface/main_close_button.dds,composite,byte_identical_vanilla,neutral,control,True,redrawn_installed,36,36,1,2,078a226f5a89a783ca2d2b9d75a820efab4ca93b7d4c241a147de6ebba0120d8
gfx/interface/main_screens_bottom.dds,holder,byte_identical_vanilla,neutral,panel,True,redrawn_installed,545,54,1,7,eb8d5d9e21649ae49f12c4e9790722b1de4795c59340b8751e2817badd101657
gfx/interface/mapicons/generic_text_bg_40x20.dds,holder,byte_identical_vanilla,neutral,panel,True,redrawn_installed,50,28,1,0,41c81b2d6e3912e5461fa5cbf50a16e70799b72128e9f14bc39ae11894e15f2d
gfx/interface/mapicons/mapicon_air_mission_bg.dds,holder,byte_identical_vanilla,neutral,panel,True,redrawn_installed,48,50,1,2,548cba77a537035148621f0d2abc6e550fbf2ef301f6e2eb79e051c6883b8a84
gfx/interface/mapicons/mapicon_air_mission_bg_more_ground_crews.dds,holder,byte_identical_vanilla,neutral,panel,True,redrawn_installed,144,46,3,1,040458f2a37f7849e3566f68a7e1be2461f226d7e5ac261bbe166476b3bf8c1d
gfx/interface/mapicons/mapicon_faction_theatre.dds,composite,byte_identical_vanilla,neutral,panel,True,redrawn_installed,92,50,2,1,92c655700f91ba5168c9797f7832dcb8dd04cd3109480afd0239701464f80962
gfx/interface/mapicons/mapicon_frame_strip.dds,holder,byte_identical_vanilla,neutral,frame,True,redrawn_installed,81,16,3,0,ad71441a5ee0e36a7bb5a17459cba089e2c5b71ffc8420b2644378ef0fe8f878
gfx/interface/mapicons/mapicon_intel_cartouche.dds,holder,byte_identical_vanilla,neutral,panel,True,redrawn_installed,83,28,1,3,ae4db204c7a47f1562ff91c6261a4dd4377500042ead94596118499ad121945d
gfx/interface/mapicons/mapicon_land_combat_frame.dds,composite,byte_identical_vanilla,neutral,frame,True,redrawn_installed,76,37,2,1,6d2064ea22e9618a4633c998b21d0a31ea5899e79696edc3ae253f1534030a50
gfx/interface/mapicons/mapicon_naval_mission_bg.dds,holder,byte_identical_vanilla,neutral,panel,True,redrawn_installed,96,32,1,0,77bc239ca3a54dd668911eb6f0f6bc7ceb04575fa5110827f3d3ec8c8abf6825
gfx/interface/mapicons/mapicon_naval_mission_convoy_escort.dds,composite,byte_identical_vanilla,neutral,panel,True,redrawn_installed,92,50,2,0,27beb7a54f5b053b50b6b566d1b02d50defe6cdb581697fd80193809806f7ba5
gfx/interface/mapicons/mapicon_naval_mission_convoy_raid.dds,composite,byte_identical_vanilla,neutral,panel,True,redrawn_installed,92,50,2,0,799910d7547f41d5c0ee4d6aa7b8db03a4a5d081fc1d713b89169f126c537dc0
gfx/interface/mapicons/mapicon_naval_mission_efficiency_bg.dds,holder,byte_identical_vanilla,neutral,panel,True,redrawn_installed,38,16,1,1,88940ed087d66d647a2f9bbde9c75c64d9a36ccfd8b52606fb566991a6932ebe
gfx/interface/mapicons/mapicon_naval_mission_mines_planting.dds,composite,byte_identical_vanilla,neutral,panel,True,redrawn_installed,92,50,2,0,8921aee5d216e6ee3c2e945181bc1ee396087802c24c85044bdac0ff9aa87881
gfx/interface/mapicons/mapicon_naval_mission_mines_sweeping.dds,composite,byte_identical_vanilla,neutral,panel,True,redrawn_installed,92,50,2,0,e9b4fc41821f83466fe32bfbf5419ae11a4929b56a647953bd13949f2e92b207
gfx/interface/mapicons/mapicon_naval_mission_naval_invasion_support.dds,composite,byte_identical_vanilla,neutral,panel,True,redrawn_installed,92,50,2,0,3b438d032e7464f3ff00c237325b176a477b830cafc2816e6dc7a7fbbee7d88b
gfx/interface/mapicons/mapicon_naval_mission_patrol.dds,composite,byte_identical_vanilla,neutral,panel,True,redrawn_installed,92,50,2,2,cf9f6e1f1042d306adf86e5a94eb35773672e2e31aa171e084896327a55b4f48
gfx/interface/mapicons/mapicon_naval_mission_ship_entry.dds,composite,byte_identical_vanilla,neutral,control,True,redrawn_installed,610,24,2,0,91aa33131c9e7c870b2c5b52379b89e0ed9d13b1544f954195e689c3b7346b88
gfx/interface/mapicons/mapicon_naval_mission_strike_force.dds,composite,byte_identical_vanilla,neutral,panel,True,redrawn_installed,92,50,2,0,12eded37fe2da788f80df52b24509fc2a13c3a093856583f8115f14684debcb5
gfx/interface/mapicons/mapicon_naval_mission_training.dds,composite,byte_identical_vanilla,neutral,panel,True,redrawn_installed,92,50,2,0,35e9303ddd724245cb65bceb86e2ddfb835e56c5215519d174f0c6318bb8c7b7
gfx/interface/mapicons/mapicon_operation_bg.dds,holder,byte_identical_vanilla,neutral,panel,True,redrawn_installed,48,48,1,0,8dccc98230b46e9a2e86759e2bb793cca8fb1f42b4cd7cea70a33ed4f802154f
gfx/interface/mapicons/mapicon_operative_mission.dds,holder,byte_identical_vanilla,neutral,panel,True,redrawn_installed,48,48,1,5,fd58c3d86f827f25162e249a655babf43d6ee11a36d57aca6c97a16db17cfd96
gfx/interface/mapicons/mapicon_operative_mission_highlight.dds,holder,byte_identical_vanilla,neutral,panel,True,redrawn_installed,46,46,1,1,92b5082f312e5891800736bed60b0fa0cc07e7cc6bfb611ab7bfe261947e50e2
gfx/interface/mapicons/mapicon_operative_mission_highlight_warn.dds,holder,byte_identical_vanilla,neutral,panel,True,redrawn_installed,46,46,1,1,cfc2c6ad2ccea8cd71b42deb05c97cb31100de6a621b4933f91a587bd19eaafc
gfx/interface/mapicons/mapicon_supply_bg.dds,composite,byte_identical_vanilla,neutral,panel,True,redrawn_installed,159,69,3,3,48dc0409eb445d821eec3e100672b47fdd72a881e7cc35e15f4909e71aaf5522
gfx/interface/mapicons/mapicon_supply_cap_bg.dds,holder,byte_identical_vanilla,neutral,panel,True,redrawn_installed,34,21,1,2,5861cc6f1ee1ccc8f1178e616ec7fc8f642c9f2308ba7e62419a6b8e5325fe70
gfx/interface/mapicons/mapicon_supply_red_bg.dds,composite,byte_identical_vanilla,neutral,panel,True,redrawn_installed,55,69,1,1,4b17ddbf59fc1a44e980c73970f5fbbd6123bb1a5e905190a9c3c76886fd54e0
gfx/interface/mapicons/mapicon_tiny_unit_counter.dds,holder,byte_identical_vanilla,neutral,control,True,redrawn_installed,66,20,1,1,b999a739e662638b7cf48e269bb07fc41226b1144e799589a41c9b7f79c053c0
gfx/interface/mapicons/naval_mission_dominance_progress_bar.dds,holder,byte_identical_vanilla,neutral,header,True,redrawn_installed,24,66,1,0,1071a5dc2d2ac2af227ed3639bf0ec0adda0f535637f949d4853c3dca08f0c3c
gfx/interface/mapicons/naval_mission_dominance_progress_bar_frame.dds,holder,byte_identical_vanilla,neutral,frame,True,redrawn_installed,24,66,1,0,31945e4cc0294a628067860fe834873e49b16fc00e6720610e19a4084c0aad57
gfx/interface/mapicons/on_map_supply_values.dds,holder,byte_identical_vanilla,neutral,panel,True,redrawn_installed,52,32,1,0,f90c95dcb3b723f8364ae390e13f38ef45eb9c55350286e0af062a87270ef035
gfx/interface/mapicons/on_map_supply_values_bg.dds,holder,byte_identical_vanilla,neutral,panel,True,redrawn_installed,52,32,1,1,6817393d85cc6ee0936a2c733dc06e2cfa15c6e7dadb30d7c44131ba1cb8c0d8
gfx/interface/mapicons/on_map_values_bg.dds,holder,byte_identical_vanilla,neutral,panel,True,redrawn_installed,52,32,1,0,d4ba92459a59f117d39ccad4e2fd29d56088e558b43e985e8504fe3a1a158c62
gfx/interface/mapicons/supply/railway_mapicon_bg.dds,holder,byte_identical_vanilla,neutral,control,True,redrawn_installed,100,20,5,1,31ae2a367d7d2c87d51c99f48eefcb6e9944415c0940ddf8612dcf7c17ccdf56
gfx/interface/mapicons/supply/supply_hub_button_bg_strip_small.dds,holder,byte_identical_vanilla,neutral,control,True,redrawn_installed,180,36,5,1,e1d4702ff8d2ae5feed664a015ab5b3a39fe40fe104d1ecb140bd55e76e4bb0d
gfx/interface/mapmode/find_screen_button.dds,composite,byte_identical_vanilla,neutral,control,True,redrawn_installed,39,39,1,2,fb420ab7020e88e4f3028cf87d2675927cffadf557918b94b8e5624e3b480613
gfx/interface/mapmode/mapmode_bottom_bg.dds,holder,byte_identical_vanilla,neutral,panel,True,redrawn_installed,86,59,1,2,7394108dc585443005ab2e46e3260f47d1ae3045028274cbdeda7e93d853d82e
gfx/interface/mapmode/mapmode_button_all.dds,composite,byte_identical_vanilla,neutral,control,True,redrawn_installed,44,21,2,1,199b8f21f7e9f3daaadf134549002fa5f860125e79bfd67d7734faf819759b22
gfx/interface/mapmode/mapmode_button_bg.dds,holder,byte_identical_vanilla,neutral,control,True,redrawn_installed,42,51,1,8,ef1ee102ed4188dc95134edc4d0584d4f098bf3b852010dc81d5aeff91da30e5
gfx/interface/mapmode/mapmode_button_depressed.dds,composite,byte_identical_vanilla,neutral,control,True,redrawn_installed,23,20,1,23,5b336c6699cc4854bee097e3e52fb655a129ab6e2e0229b2797f2f16d897774f
gfx/interface/mapmode/mapmode_buttons_configure.dds,composite,byte_identical_vanilla,neutral,control,True,redrawn_installed,44,21,2,0,367ebc27f5883a4c01e6db5bec48fbb849c599c1d651fcb6be1df4e237d29ef6
gfx/interface/mapmode/mapmode_buttons_deselected_big.dds,composite,byte_identical_vanilla,neutral,control,True,redrawn_installed,136,31,4,8,5e3b2b6d603843c4ffa08f406044f9f81aaf15530f9b9b4c37f52b41e28ced6c
gfx/interface/mapmode/mapmode_buttons_selected_big.dds,composite,byte_identical_vanilla,neutral,control,True,redrawn_installed,136,31,4,8,091656bde24136345a278c32a203fcfa64f219bbe637961aa01d58e8c4d1229a
gfx/interface/mapmode/mapmode_buttons_selected_small.dds,composite,byte_identical_vanilla,neutral,control,True,redrawn_installed,360,18,18,16,dd39e4a02f2826d9e85a0f741899661a29ce110dc19f6e0687fe4546259b6210
gfx/interface/mapmode/mapmode_configure_bg.dds,holder,byte_identical_vanilla,neutral,panel,True,redrawn_installed,519,23,3,2,3350cbbb65d1075048af805b851065561dc253b5f4ae1d3ac7190029b441758b
gfx/interface/mapmode/mapmode_main_bg.dds,holder,byte_identical_vanilla,neutral,panel,True,redrawn_installed,87,206,1,2,f9d2549d0a7608740240f49b60f0301b3a6f49db8a16d766cc926c13103f4d8e
gfx/interface/marshal_selection_active_entry_bg.dds,holder,byte_identical_vanilla,paper,control,True,redrawn_installed,510,98,1,0,3ecbdb90077aab209989bf7898891fa866ab49ea44b5420e7bac078835332657
gfx/interface/marshal_selection_entry_bg.dds,holder,byte_identical_vanilla,paper,control,True,redrawn_installed,510,98,1,0,b519d868805bb6a7f91a6b92b92fc88c2af55966d9c6e20e1289120552d5f6e8
gfx/interface/matchmaking_browser_bg.dds,holder,byte_identical_vanilla,neutral,panel,True,redrawn_installed,1024,576,1,2,8433902fdda0b3b0fb2310365e3d1d2c14defe463797795f693d4f82c5b301f7
gfx/interface/matchmaking_browser_list_item_bg.dds,holder,byte_identical_vanilla,neutral,control,True,redrawn_installed,1944,30,2,1,e60b5ddfcd681aff6f4109483d0f09e7119657befe376433a49558df76f91f17
gfx/interface/medals/add_medal_button.dds,composite,byte_identical_vanilla,neutral,control,True,redrawn_installed,48,48,1,4,6c62526ab08ec28fc8bf8956af42c823bbdb72550371e1bc018fa09d837dcc3a
gfx/interface/menu.dds,holder,byte_identical_vanilla,neutral,panel,True,redrawn_installed,257,377,1,0,09e274f978320a9a8c60594c2ba4dc4685b0e6f9d0f948a0569599a5fce32ec3
gfx/interface/menu_top_bg.dds,holder,byte_identical_vanilla,neutral,panel,True,redrawn_installed,394,104,1,4,f5ff571ddd2de97a85c80052c8f337cfe6bcb28d9c9b37b51838f65ccffa1d3d
gfx/interface/messagesettings_listbutton.dds,composite,byte_identical_vanilla,neutral,control,True,redrawn_installed,600,16,1,1,1bf468f5d6dc8253440626b5fb4dfd68ee1e2aa4620feab0a0dbbc7bfba6ffae
gfx/interface/mic_btn_frames.dds,composite,byte_identical_vanilla,neutral,frame,True,redrawn_installed,64,32,2,2,a87817e1798abcc66a5c908f9fc0bcd381da7b2e5ed50b4876225710be58ad0f
gfx/interface/military_deployment_add_line_bg.dds,holder,byte_identical_vanilla,neutral,panel,True,redrawn_installed,518,40,1,4,662a3e7c40c4d7567fff20d2b16e2ac194e14e4ded0e1ffe8666cfedf904351b
gfx/interface/military_deployment_add_line_btn.dds,holder,byte_identical_vanilla,neutral,control,True,redrawn_installed,210,23,2,8,aa92dd2b9127c582bddb4daa84d0dfc14e9012a3b763994e3b8f38fc6d784608
gfx/interface/military_deployment_conveyor_bg.dds,holder,byte_identical_vanilla,neutral,panel,True,redrawn_installed,490,84,1,4,dae958b6cb010a694fb0ddfffff692622b5f409bf6afed5607180d67c958ec42
gfx/interface/military_deployment_line_bg.dds,holder,byte_identical_vanilla,neutral,panel,True,redrawn_installed,514,40,1,4,11b26b3eca9b41003a3b31bb8f502003d697403d329fa42a2880073e57807b64
gfx/interface/military_industrial_organization/mio_department_trait.dds,holder,byte_identical_vanilla,neutral,panel,True,redrawn_installed,192,80,3,1,dc59d9e32f9708e9c4856cdd0c76c51a4b90b5ab2e170c3470c5bfbdd31b22f6
gfx/interface/military_industrial_organization/mio_design_team_specialization.dds,holder,byte_identical_vanilla,neutral,panel,True,redrawn_installed,264,92,3,0,67ab31e9e4c95fc93a5708f0b743212a1e701a926a27113685cf6cf9d0117ed5
gfx/interface/military_industrial_organization/mio_entry_bg.dds,holder,byte_identical_vanilla,neutral,control,True,redrawn_installed,1040,100,2,3,0ba428ef59f6ece8d365c83a20f59f11f3fa9f140f546163b632b5b9b07f8fc0
gfx/interface/military_industrial_organization/mio_industrial_manufacturer_specialization.dds,holder,byte_identical_vanilla,neutral,panel,True,redrawn_installed,264,92,3,0,9ef5c26bb58c4511508c547601d616df2b02d2632559b4cace8abe84161e59c2
gfx/interface/military_industrial_organization/MIO_policy_slot_button.dds,composite,byte_identical_vanilla,neutral,control,True,redrawn_installed,268,80,1,1,d956044dad422311f22f5dc14e6aea23656f89aae1bf592c5c8697b2088a4999
gfx/interface/military_industrial_organization/mio_special_department_trait.dds,holder,byte_identical_vanilla,neutral,panel,True,redrawn_installed,192,80,3,0,a1c760a13d53585f0781ac97591dc84432b70d57ed104112c0e35f8e97c30692
gfx/interface/military_industrial_organization/production_item_has_mio.dds,holder,byte_identical_vanilla,neutral,control,True,redrawn_installed,512,30,1,16,630261d9cffe73d8cd4d491e5f6a86abe00d1299247feacc0fd0713da8b668ea
gfx/interface/military_industrial_organization/research_line_mio_bg.dds,holder,byte_identical_vanilla,neutral,panel,True,redrawn_installed,508,99,1,0,5adcb7fc33381acda65863a085c65c8b77e45b150224ae8f45f96fcdcf73ec75
gfx/interface/military_raids/launch_button.dds,holder,byte_identical_vanilla,neutral,control,True,redrawn_installed,150,50,1,0,b5039b3cae900ef1481343eba53cdaf386da50da7c5fa8a469e54bc4f6a034af
gfx/interface/military_raids/map_icons/active_raid_map_icon_bg.dds,holder,byte_identical_vanilla,neutral,control,True,redrawn_installed,32,32,1,0,0b31b709df521df6af0ec241fd807bd13f6ef26d841d6af6b58866776d4d7466
gfx/interface/military_raids/map_icons/active_raid_map_icon_bg_pushed.dds,holder,byte_identical_vanilla,neutral,control,True,redrawn_installed,32,32,1,0,bf90bf23503af79eeba53cb8845586dfbecd5a71e75a40d930e6942091cfb09e
gfx/interface/military_raids/map_icons/raid_round_bg_button.dds,holder,byte_identical_vanilla,neutral,control,True,redrawn_installed,32,32,1,3,bf90bf23503af79eeba53cb8845586dfbecd5a71e75a40d930e6942091cfb09e
gfx/interface/military_raids/province_view_frame_fail.dds,holder,byte_identical_vanilla,neutral,frame,True,redrawn_installed,620,101,1,0,305b12eb4ea282818117f63f74992f25a1f376a4e322a9a8973c3a1d9f6c3f51
gfx/interface/military_raids/province_view_frame_success.dds,holder,byte_identical_vanilla,neutral,frame,True,redrawn_installed,620,101,1,1,97579b69a1e8fc4a6197044bafc53a94066c2fc3e8c6f5345601c4e029dd0663
gfx/interface/military_raids/raids_filter_header_button.dds,holder,byte_identical_vanilla,neutral,header,True,redrawn_installed,82,39,1,1,13d900b498120b09dafcb42583bcdd2345e38fd7bd885a55c79b96f7e3fb593a
gfx/interface/military_raids/raids_header_bg.dds,holder,byte_identical_vanilla,neutral,header,True,redrawn_installed,306,53,1,1,6eb027d564057a46bf13b526f7cb61866cd6ec1f09fe29a39cb62db3a4dfda44
gfx/interface/military_raids/raids_launch_all_button.dds,holder,byte_identical_vanilla,red,control,True,redrawn_installed,50,50,1,1,9457b5ed498cd0ddd61b7e59694214475441ce199d7be2cb8f3cedf36cf8f63e
gfx/interface/military_raids/raids_launch_bg.dds,holder,byte_identical_vanilla,neutral,panel,True,redrawn_installed,638,598,1,1,17777d9653e7727d304ba86dbd18d6de0dae515f7f119ec911568c49c36027a3
gfx/interface/military_raids/raids_launch_button_single.dds,holder,byte_identical_vanilla,red,control,True,redrawn_installed,48,48,1,1,9f4f0f7babc19d74d4df0b7589dc52440b91d0c1f22298348aff74e5279b77cf
gfx/interface/military_raids/raids_loading_bar_frame.dds,holder,byte_identical_vanilla,neutral,frame,True,redrawn_installed,283,28,1,1,93d4a096620339b3558f448e7c6e9dfe01353a1c03998a5cfe55ef6aec08f591
gfx/interface/military_raids/raids_outcome_bg.dds,holder,byte_identical_vanilla,neutral,panel,True,redrawn_installed,638,519,1,1,cdd135bd0ca86206ac0558d49add85d93b484855519098077a15767fa480d23d
gfx/interface/military_raids/success_chance_display.dds,holder,byte_identical_vanilla,neutral,panel,True,redrawn_installed,210,80,1,1,7ba4cfbc376376dd248e9ab4ceef2cbc96566218f90f91070cd09acced716d96
gfx/interface/mini_close_button.dds,composite,byte_identical_vanilla,neutral,control,True,redrawn_installed,21,21,1,0,380dde722ebda5aff1e885219a21b7518b98c931674857eeba972b273f27284b
gfx/interface/mission_entry_bg.dds,holder,byte_identical_vanilla,neutral,control,True,redrawn_installed,940,54,2,0,dc997b3761f2f70ce7c772ba20c13c9c303bfbe4e5c32e5d7c1c35b5e9b36eac
gfx/interface/modifiers/MODIFIER_bg.dds,holder,byte_identical_vanilla,neutral,panel,True,redrawn_installed,74,32,1,4,27b63affdb4cd7ad4f811c3e44bce6c6f1e3192fad3f4f203cf92a1641d0527f
gfx/interface/MP_matchmaking_tabs.dds,holder,byte_identical_vanilla,neutral,header,True,redrawn_installed,374,52,2,2,0bb80666d5224ab399001ecf7fa7726e961ad94231f2b678d1aca2e55504ce14
gfx/interface/msg_filters_entry.dds,composite,byte_identical_vanilla,neutral,control,True,redrawn_installed,640,20,2,1,444c50e1cc5a3e2d6b2a7e48d7f48895bece87bcc53ca71bc46a1f7b2c779969
gfx/interface/naval_battle_report_bg.dds,holder,byte_identical_vanilla,neutral,panel,True,redrawn_installed,708,532,1,1,db757e96725a8ab7445b30c6cc507e93907e505022a6b0815115282e6ac05bf8
gfx/interface/naval_decrease_amount.dds,composite,byte_identical_vanilla,neutral,panel,True,redrawn_installed,33,33,1,90,ca8d170c71039e3cab739e500b8d7625d263a629dc355e188857cdd5382deca2
gfx/interface/naval_deploy_button.dds,holder,byte_identical_vanilla,neutral,control,True,redrawn_installed,124,32,1,18,041f299bea77436732f465f240dab4c413f2613c444cedece1558b1f0fdb1b48
gfx/interface/naval_equip_overview_bg.dds,holder,byte_identical_vanilla,neutral,panel,True,redrawn_installed,282,58,1,0,52ba831e2259e42fddfe741f5e746d097f6353e0c82607bdd3d98ed1dc3a1516
gfx/interface/naval_equipment_item.dds,holder,byte_identical_vanilla,neutral,control,True,redrawn_installed,332,69,1,4,e44684b8f97ff3bf51ed472658236e52385d88162e5e54ddc8a3fb995148f58d
gfx/interface/naval_equipment_item_340_simple.dds,holder,byte_identical_vanilla,neutral,control,True,redrawn_installed,680,80,2,1,6a8fff758357a2e5b1cfcc93c2e98a690284c09681d18a5d7cd466d25e58c10c
gfx/interface/naval_equipment_item_large.dds,holder,byte_identical_vanilla,neutral,control,True,redrawn_installed,916,80,2,8,f3812cebef21528603b6310eebe00ea6de2976102e0db467daba17e0008780a6
gfx/interface/naval_equipment_item_large_simple.dds,holder,byte_identical_vanilla,neutral,control,True,redrawn_installed,808,80,2,1,88733a721deadbaaea341c71d9b41485533650e899b1f0f4e52b477fbbab8852
gfx/interface/naval_fleet_entry.dds,composite,byte_identical_vanilla,neutral,control,True,redrawn_installed,493,87,1,2,705498618ac48b374840aebbe1f3515cc7e2a28d1bced08b0254b37e9221bd74
gfx/interface/naval_headquarters/naval_headquarter_buildings_bg.dds,holder,byte_identical_vanilla,neutral,panel,True,redrawn_installed,72,104,1,1,04bc99d4422f8b86e49146847abdcae74240eea3da383179ece6633da4708eec
gfx/interface/naval_headquarters/naval_headquarters_header.dds,holder,byte_identical_vanilla,neutral,header,True,redrawn_installed,574,100,1,1,eeb2db01b43270752d4a405373d6e145b363c24846fac598b27b4235d0bcd93b
gfx/interface/naval_headquarters/naval_hq_combat_frame.dds,holder,byte_identical_vanilla,neutral,frame,True,redrawn_installed,53,43,1,1,be9718440d4007543e7051492670f5bf2e5e7a504990a5f7ad8af4b9061ee418
gfx/interface/naval_headquarters/naval_hq_entry.dds,composite,byte_identical_vanilla,neutral,control,True,redrawn_installed,1080,150,2,4,33683f70827af19e84dcd83dda410dce5f769774ae6a7a7748ef72faf6fbdb06
gfx/interface/naval_increase_amount.dds,composite,byte_identical_vanilla,neutral,panel,True,redrawn_installed,33,33,1,94,4528d6d979b629e12c0dccb2efc5c90bf7032345e4ad225c409d72c21113e260
gfx/interface/naval_invasion_progress_frame.dds,holder,byte_identical_vanilla,neutral,frame,True,redrawn_installed,23,65,1,2,d481f5663e9ced132468a6f0e9c890baea9244660a40e11686cdbdf6830c7c4c
gfx/interface/naval_item_collapsed.dds,holder,byte_identical_vanilla,neutral,control,True,redrawn_installed,352,26,1,4,9307a4e261a9353b1ceb73fa8e0ce318a6a8096804ea024ff5ec5e18da12893e
gfx/interface/naval_leader_rank_strip.dds,composite,byte_identical_vanilla,neutral,panel,True,redrawn_installed,480,50,5,0,138edf865cd3512e1b6af43401074df89578055483df801062736760fcda1856
gfx/interface/naval_leader_selection_active_entry_bg.dds,holder,byte_identical_vanilla,paper,control,True,redrawn_installed,510,98,1,0,02b9d99ac6e12771b12901da5f1924f2a84f7d1a13507fff6d46dd168301c551
gfx/interface/naval_leader_selection_entry_bg.dds,holder,byte_identical_vanilla,paper,control,True,redrawn_installed,510,98,1,8,20be64dc671f8cc745716dd8d1c559d2ef3456add6462378561c8b98f19420d3
gfx/interface/naval_losses_battle_bg.dds,holder,byte_identical_vanilla,neutral,panel,True,redrawn_installed,283,30,1,0,11de4882129f9ff8194cf52c8680ba598769f78115778b882e2e12e06840fcbf
gfx/interface/naval_losses_battle_bg2.dds,holder,byte_identical_vanilla,neutral,panel,True,redrawn_installed,283,30,1,0,11de4882129f9ff8194cf52c8680ba598769f78115778b882e2e12e06840fcbf
gfx/interface/naval_losses_battle_bg3.dds,holder,byte_identical_vanilla,neutral,panel,True,redrawn_installed,283,30,1,0,663dd2c637479fd5d2839d2e3a01d1cde1a9be95052d6e70f76ca5fc9f6432ad
gfx/interface/naval_losses_dropdown_entry.dds,composite,byte_identical_vanilla,neutral,control,True,redrawn_installed,118,24,1,0,d314b2089d560cc0e185ff1a0edf5809fe4554308063318a2ae46102a415aead
gfx/interface/naval_losses_header.dds,holder,byte_identical_vanilla,neutral,header,True,redrawn_installed,313,125,1,0,db1a56534c8780e143dda2987873b0b8485a4db852985b4df2c9e7201660475e
gfx/interface/naval_losses_header_small.dds,holder,byte_identical_vanilla,neutral,header,True,redrawn_installed,228,33,1,1,d02c0daa83c89a1a80850f68b0d876940b63bc12da74448e57aeaa14fe3813b1
gfx/interface/naval_losses_return_bg.dds,holder,byte_identical_vanilla,neutral,panel,True,redrawn_installed,313,46,1,0,094bc9c21d0fed4b3864b3b2abab575389b361b4af3c48105939be57e5519a47
gfx/interface/naval_losses_return_btn.dds,holder,byte_identical_vanilla,neutral,control,True,redrawn_installed,313,46,1,0,51eddcce3ddea8aa65479f36558a1648ca5aa70cd6e6eda9ee69b4b5e05fe3bd
gfx/interface/naval_losses_ship_bg.dds,holder,byte_identical_vanilla,neutral,panel,True,redrawn_installed,286,69,1,1,5fa3a2c47905503fe839f123a135213b2d434524eb2feb6a73d3a8efc38f663e
gfx/interface/naval_losses_ship_bg2.dds,holder,byte_identical_vanilla,neutral,panel,True,redrawn_installed,285,49,1,0,f47ca5f110b28a83faaa2c5fa84e63ee74ad7bb3e0368d096600b3fe08d33d89
gfx/interface/naval_mine_progress_bg.dds,holder,byte_identical_vanilla,neutral,header,True,redrawn_installed,40,7,1,2,0f4ac43efaf7311080ee712e716398fb3ee5f4aa844872581c00f9dac9192a40
gfx/interface/naval_name_list_button.dds,holder,byte_identical_vanilla,neutral,control,True,redrawn_installed,151,23,1,8,fbeca66b3bc2f53062c37bee06d9f9994d421e2153e2579816f3298a4073cb1a
gfx/interface/naval_production_item.dds,holder,byte_identical_vanilla,neutral,control,True,redrawn_installed,513,116,1,0,37558752a508533350e8386149af532f67ee232865a848240da1b07613b59d98
gfx/interface/naval_production_item_slots_strip.dds,holder,byte_identical_vanilla,neutral,control,True,redrawn_installed,1533,108,3,12,dc6c98372a52b39fb8c6f0e83639f02872995ed9e7b16408637ca83fb819ecc2
gfx/interface/naval_production_line_selected.dds,holder,byte_identical_vanilla,neutral,panel,True,redrawn_installed,511,94,1,4,abbfa79ddda03f290fca4db25e994b0e251c7ee4372ad93f6210a3c867c37128
gfx/interface/naval_repair_view_button.dds,composite,byte_identical_vanilla,neutral,control,True,redrawn_installed,243,41,3,4,79a5bda33d6de4d17fbf09353e89b7225baf647bbd4d42486ad95ca7680a2b72
gfx/interface/naval_unit_entry.dds,composite,byte_identical_vanilla,neutral,control,True,redrawn_installed,493,165,1,0,89da2c0d95762e3a289d09a37e85479a5ab8a3cb17ec9e4162c0ddabd2778bc6
gfx/interface/naval_unit_leader_frame.dds,holder,byte_identical_vanilla,neutral,frame,True,redrawn_installed,69,95,1,3,c61279a381ae47745f3f6233999566baf40d063ac4f5538eea81ba3bce39f6f6
gfx/interface/naval_unit_ship_entry.dds,holder,byte_identical_vanilla,neutral,control,True,redrawn_installed,986,47,2,2,4e231ba65129b84316905e2c3e2966ceb3c979aef7c969972b37fb3543192433
gfx/interface/naval_unit_stats_bg.dds,holder,byte_identical_vanilla,paper,panel,True,redrawn_installed,856,409,1,6,bef72dadb22ded42029015752d0f02f752726ea08d1383229d1c738c9e7f4063
gfx/interface/navalcombat/air.dds,composite,byte_identical_vanilla,neutral,panel,True,redrawn_installed,90,32,2,0,fbca930bab85058a3954536ec8ee83b96d1c71ea6f86726ac782079561b2c3ed
gfx/interface/navalcombat/capital.dds,composite,byte_identical_vanilla,neutral,panel,True,redrawn_installed,90,32,2,0,a9770ec485beeeee45f7d46422e13f6a5fd4972c428822a8bcce792555da6e2f
gfx/interface/navalcombat/golden_star.dds,composite,byte_identical_vanilla,neutral,panel,True,redrawn_installed,90,32,2,0,6b147ae90cd0087101e601653cb7a942e3bfc48a70fc0068ec165bbc3e46b23e
gfx/interface/navalcombat/naval_battle_bg2.dds,holder,byte_identical_vanilla,neutral,panel,True,redrawn_installed,1056,736,1,1,1d6d4fab067cc07d3d7614cf5c48232e95395a928ae56765d7e9d208f7bba957
gfx/interface/navalcombat/naval_battle_front.dds,holder,byte_identical_vanilla,neutral,panel,True,redrawn_installed,6,6,1,0,299deae03b721e929e64035ad76598fa7ce80e3dd7039e520b7e84980dda1630
gfx/interface/navalcombat/naval_battle_leader_frame.dds,holder,byte_identical_vanilla,neutral,frame,True,redrawn_installed,81,107,1,6,d5b895f37180ec3766948344cb4fbc172c062cd6537a6e3abc639ceab344da07
gfx/interface/navalcombat/naval_battle_report_defeat_bg.dds,holder,byte_identical_vanilla,neutral,panel,True,redrawn_installed,708,584,1,0,86be939893f535aee0432604b23fae6c861fe04c09a8e5c270feb94c1c29ae74
gfx/interface/navalcombat/naval_battle_report_victory_bg.dds,holder,byte_identical_vanilla,neutral,panel,True,redrawn_installed,708,610,1,0,75481bc089cd82b09155715856ccae02a5e1fde2e402c3b1601eccbbec9faaaf
gfx/interface/navalcombat/screen.dds,composite,byte_identical_vanilla,neutral,panel,True,redrawn_installed,90,32,2,0,360af37f433e2ffdd2325404bc3d252cfa2755946e9b7049b7a245a0f71aee67
gfx/interface/navalcombat/screening_bg.dds,holder,byte_identical_vanilla,neutral,panel,True,redrawn_installed,248,27,4,4,32785c351799197c60a444bd0d514f5dfa6eb783d7d69d900154d6bd72a7eb63
gfx/interface/navalcombat/submarine.dds,composite,byte_identical_vanilla,neutral,panel,True,redrawn_installed,90,32,2,0,451bace47a7b7705bd07d9e803bc078f4a7a4a004c6098fda27fc077d6e08c97
gfx/interface/navalrepairview/repair_progress_bar_bg.dds,holder,byte_identical_vanilla,neutral,header,True,redrawn_installed,90,17,1,2,1d87380da1d0a72fc2705bd57cca00473781719692de62ac1505715311cce958
gfx/interface/navalrepairview/repair_queue_dockyard_bg.dds,holder,byte_identical_vanilla,neutral,panel,True,redrawn_installed,1200,33,3,2,023d98405e88a84776a61ac7405d19417b5cc5963c1da46f117e021c533980c2
gfx/interface/navalrepairview/repair_queue_taskforce_bg.dds,holder,byte_identical_vanilla,neutral,panel,True,redrawn_installed,353,41,1,0,ca04b7fc90a079c7641809128a5cbcddb09b5c38cbe6cc8938856d81fde77ace
gfx/interface/navalrepairview/repair_queue_taskforce_bg_long.dds,holder,byte_identical_vanilla,neutral,panel,True,redrawn_installed,401,41,1,2,07330f8045fee836a58d014a2a0cbc23d405062eae290405b33c2fe874545dce
gfx/interface/navalrepairview/repair_queue_title_bg.dds,holder,byte_identical_vanilla,neutral,panel,True,redrawn_installed,430,41,1,2,6a7dc853a16bcc2b0bd7ec53f86bf7f6a0d97c3cb5b30557dbf556de8352ee49
gfx/interface/navalrepairview/ship_name_title_bg.dds,holder,byte_identical_vanilla,neutral,panel,True,redrawn_installed,368,41,1,4,6bf0bb9e588dc9bb021e929296d50dbcddccc8751410b536649986439bdfbb0e
gfx/interface/naviesview/bg_small_naval_sub_unit_entry.dds,holder,byte_identical_vanilla,neutral,control,True,redrawn_installed,355,47,1,0,a3983a4ce102b2e8f0b403878f7b1ede8011729fb01ca888c6dffadd9547f6e8
gfx/interface/naviesview/btn_active.dds,composite,byte_identical_vanilla,neutral,panel,True,redrawn_installed,162,44,3,0,165825a48c9286e2e974e7e34277faf23d09754dbbf10d9a32f640cd8ec26aa9
gfx/interface/naviesview/btn_add.dds,composite,byte_identical_vanilla,neutral,panel,True,redrawn_installed,31,31,1,3,b70f67df0d957d38b0e85797c465d86771bb20b281635b12b229441392d54dc9
gfx/interface/naviesview/btn_close.dds,composite,byte_identical_vanilla,neutral,panel,True,redrawn_installed,31,31,1,40,c54f70b983f3ed71eb9ad7c4d09bed1e6c7e7d5534392132dd226a72ce4f9ef4
gfx/interface/naviesview/btn_composition_editor.dds,composite,byte_identical_vanilla,neutral,panel,True,redrawn_installed,31,31,1,1,99480b408cd926d7ec9b91c21c545673b8601ab874a496de96856086a1fa87ad
gfx/interface/naviesview/btn_convoy_escort.dds,composite,byte_identical_vanilla,neutral,panel,True,redrawn_installed,162,44,3,1,90269fea75c3455bebb5cb1ab93e78e70a736321f9e076c05a7157c72808658a
gfx/interface/naviesview/btn_convoy_raid.dds,composite,byte_identical_vanilla,neutral,panel,True,redrawn_installed,162,44,3,1,dd4ed360f31956d431c039db21c400d8c0420336fc005d361f79abddf0d40dc3
gfx/interface/naviesview/btn_create_new_fleet_small.dds,composite,byte_identical_vanilla,neutral,panel,True,redrawn_installed,31,31,1,0,c2db1e1c927a6c7fc2f4ca8462a72ec24c9da103203ded00687c1e0ab0e66272
gfx/interface/naviesview/btn_create_new_from_selected.dds,composite,byte_identical_vanilla,neutral,panel,True,redrawn_installed,31,31,1,1,daa5890a8c2ab83b8f0716f432d51b1f7789a7f426b1e5ffc1e936a437f9c523
gfx/interface/naviesview/btn_delete.dds,composite,byte_identical_vanilla,neutral,panel,True,redrawn_installed,31,31,1,40,e7eb1d0a7b17339e308ece63e94569b2001cf26206e1e8f79ee6345759573342
gfx/interface/naviesview/btn_hold_small.dds,composite,byte_identical_vanilla,neutral,panel,True,redrawn_installed,81,27,3,1,9b7c6319383d7bc92ab5200371ec794f0c455fb11e5228406c3a32db927ff573
gfx/interface/naviesview/btn_invasion.dds,composite,byte_identical_vanilla,neutral,panel,True,redrawn_installed,162,44,3,1,1d8d89634a7e611da3fdc703ccb9c51fe48029d4651dc5ec03b05b96308d20d3
gfx/interface/naviesview/btn_merge.dds,composite,byte_identical_vanilla,neutral,panel,True,redrawn_installed,31,31,1,2,f009f0cb8b78ba92b3fb2d0d5ca3bbdeaebbeb5161aecaf7d4ae3c01e6fc2935
gfx/interface/naviesview/btn_mines_planting.dds,composite,byte_identical_vanilla,neutral,panel,True,redrawn_installed,162,44,3,1,7ac4b26cddf3509e66bf6a49076cba35d0956dddb6433869ce6fc847fb073aba
gfx/interface/naviesview/btn_mines_sweeping.dds,composite,byte_identical_vanilla,neutral,panel,True,redrawn_installed,162,44,3,1,4b1c8999018a85ea0e3238a9db19816cc853ddb91cd42c81ba7d22dd2893064d
gfx/interface/naviesview/btn_mode.dds,composite,byte_identical_vanilla,neutral,panel,True,redrawn_installed,112,44,2,0,c66dff6dc205904e3d00b857fe4489880f61950f088716d3ce647bd3670ce8c3
gfx/interface/naviesview/btn_patrol.dds,composite,byte_identical_vanilla,neutral,panel,True,redrawn_installed,162,44,3,1,ebb4803782a3c90d05ce64793c66020ca4d443179d81e46a3a481fe43bd8fb49
gfx/interface/naviesview/btn_pride.dds,composite,byte_identical_vanilla,neutral,panel,True,redrawn_installed,114,37,3,2,9883536f5ef61e5bb3b9ba88c5e79590ac2267799fd6ef326ebcbab71e1a157c
gfx/interface/naviesview/btn_refit_ship.dds,composite,byte_identical_vanilla,neutral,panel,True,redrawn_installed,111,37,3,1,d104cb833a63bcdbb09135bbc32da68fc725d5e0e4bd03357a874b298789e6dc
gfx/interface/naviesview/btn_reinforce.dds,composite,byte_identical_vanilla,neutral,panel,True,redrawn_installed,62,31,2,1,aaf146280393035ba2a29e8fdd0fb0647e9a5171d713322a3646a6e034e60df6
gfx/interface/naviesview/btn_remove_regions.dds,composite,byte_identical_vanilla,neutral,panel,True,redrawn_installed,54,27,2,1,a79bbeb911140d389ac18fccdee7ed3fb1988e8cab9b95db21e81a2e65a8af42
gfx/interface/naviesview/btn_repair_now.dds,composite,byte_identical_vanilla,neutral,panel,True,redrawn_installed,111,37,3,1,1847c5250f5a7a926d358ef4725db0e6485d90f6df8100aa8658c5774ee37b25
gfx/interface/naviesview/btn_repair_now_small.dds,composite,byte_identical_vanilla,neutral,panel,True,redrawn_installed,64,31,2,1,43555db67b784cdedd794a5bc6d8791518b7d28f5b00faee07e8d1f9d58526ff
gfx/interface/naviesview/btn_repair_split.dds,composite,byte_identical_vanilla,neutral,panel,True,redrawn_installed,74,37,2,0,431f057d4216ec33d1e9869f27e2a6da44039f2ca73bf12b752e755a02d356a5
gfx/interface/naviesview/btn_requiremets_from_current_composition.dds,composite,byte_identical_vanilla,neutral,panel,True,redrawn_installed,31,31,1,0,17e1e352e8d81ac673e8b4946642d4e158b362b3fe5b4e9ec925f7be2760b075
gfx/interface/naviesview/btn_reset.dds,composite,byte_identical_vanilla,neutral,panel,True,redrawn_installed,31,31,1,3,6ca271026815faf623d0cee46a519f6680d57f97398c85b50e91c79270927f2f
gfx/interface/naviesview/btn_save_template.dds,composite,byte_identical_vanilla,neutral,panel,True,redrawn_installed,31,31,1,1,ec4447220bf9a9e9c887dcbb7fa30e61edb5a86a173124faaf1bfa5be7367487
gfx/interface/naviesview/btn_select.dds,holder,byte_identical_vanilla,neutral,panel,True,redrawn_installed,134,31,2,2,12d8db29efd17cb60fcfaf1e1a5b345d3d9d6a05e2e4c165a87c230c9170e65f
gfx/interface/naviesview/btn_select_half.dds,composite,byte_identical_vanilla,neutral,panel,True,redrawn_installed,31,31,1,1,38e43385ccf892378de697663484a6a040bb018a2555e7d788e666f93ba45cb7
gfx/interface/naviesview/btn_select_home_base.dds,composite,byte_identical_vanilla,neutral,panel,True,redrawn_installed,31,31,1,0,435e5f18ad28f48d7540ecfc61874940745d067e4347221441a579c74c8e64f7
gfx/interface/naviesview/btn_set_as_reserve.dds,composite,byte_identical_vanilla,neutral,panel,True,redrawn_installed,31,31,1,1,108b6597f373a50bcaeaf57e34de1a4057e1fe0d034f27ed26470727d13927a4
gfx/interface/naviesview/btn_split_fleet.dds,composite,byte_identical_vanilla,neutral,panel,True,redrawn_installed,74,37,2,0,984ff216178918640fabaa5ebd9a2809470e22b9952d2e7da34d80e27f9bc8de
gfx/interface/naviesview/btn_split_in_half.dds,composite,byte_identical_vanilla,neutral,panel,True,redrawn_installed,31,31,1,2,176620803e8edffb97e186500e258012a34b9532244884fc29e40a2dc5e2662c
gfx/interface/naviesview/btn_strike_force.dds,composite,byte_identical_vanilla,neutral,panel,True,redrawn_installed,162,44,3,1,85c6388b85e278907479aa61c57bc728e052309576bbbced04815b9b715e4c70
gfx/interface/naviesview/btn_taskforce_o_matic.dds,composite,byte_identical_vanilla,neutral,panel,True,redrawn_installed,31,31,1,1,b74b99fc50b0984b3c97ac8715a5c1b87c1cc9816c5a1b03b857760a7f163e06
gfx/interface/naviesview/btn_template_list.dds,composite,byte_identical_vanilla,neutral,panel,True,redrawn_installed,31,31,1,0,a5562da86104222ab30e7eee55b0506ad760e30a227687abd1bb833b6020ab3e
gfx/interface/naviesview/btn_training.dds,composite,byte_identical_vanilla,neutral,panel,True,redrawn_installed,162,44,3,1,2bfead1b3953fb18c0fa3b4b3777ba0e421794482d1ba7f77b0cbe538b496bfd
gfx/interface/naviesview/btn_upgrade.dds,composite,byte_identical_vanilla,neutral,panel,True,redrawn_installed,31,31,1,1,1fb0484d999d419613cc629f3cec334b40698dd9eb6aaf7198546ba413f3f783
gfx/interface/naviesview/fleet_actions_bg.dds,holder,byte_identical_vanilla,neutral,panel,True,redrawn_installed,493,67,1,0,00bf4723d9feb9c8f361f8216bebf4d71dfc3ea272f40eec6747f1f8240a6580
gfx/interface/naviesview/fleet_bg.dds,holder,byte_identical_vanilla,neutral,panel,True,redrawn_installed,493,166,1,1,1d56c9459fe60fa7db01af1646a390f3a8ced43fb749b1e261aca5c80140fee4
gfx/interface/naviesview/fleet_bg_hl.dds,holder,byte_identical_vanilla,neutral,panel,True,redrawn_installed,497,170,1,1,6968fb016ab95e618caf1e6c29059eeea50c436950e5e622d00bbd403504fa4c
gfx/interface/naviesview/naval_target_ships_button.dds,composite,byte_identical_vanilla,neutral,control,True,redrawn_installed,228,32,2,9,5b4c7ef2f60e4e68273a874868d72dfb055909657cf48d9df2fde416cfa1a335
gfx/interface/naviesview/naval_unit_ship_entry_highlight.dds,composite,byte_identical_vanilla,neutral,control,True,redrawn_installed,490,43,1,1,964ce7cc468601c83c474c9e96175e64eb9d8232b0e3495cc84b6dfdd68abccb
gfx/interface/naviesview/task_force_actions_bg.dds,holder,byte_identical_vanilla,neutral,panel,True,redrawn_installed,493,42,1,1,42c050990ac4a1698b7bfe48835dd1edafbf7989eb8e1e8b741f223d523f5f0e
gfx/interface/naviesview/task_force_bg.dds,holder,byte_identical_vanilla,neutral,panel,True,redrawn_installed,493,125,1,1,86a0d74854c0d903365a84904f64fc29c1229f66e280cc46bfb9b6155115a5c5
gfx/interface/naviesview/task_force_bg_hl.dds,holder,byte_identical_vanilla,neutral,panel,True,redrawn_installed,493,125,1,1,c920224c62bee1e9a62f3349ecf8ae280d229c6e12d7f489e5b5279b198216e0
gfx/interface/naviesview/task_force_comp_small_bg.dds,holder,byte_identical_vanilla,neutral,panel,True,redrawn_installed,355,47,1,1,01c273cd10480515b4c1947bf39b0e6f2820c2462fdcac1958e90d77593aadd7
gfx/interface/new_exile_hosted_bg.dds,holder,byte_identical_vanilla,neutral,panel,True,redrawn_installed,527,430,1,1,db99a5c025d1b590104e80febec2bdd2e773ed9f8aec914692ce72ad461d5f33
gfx/interface/new_exile_hosted_small_bg.dds,holder,byte_identical_vanilla,neutral,panel,True,redrawn_installed,527,430,1,1,938306f95a11a43c66da8bfdd09b3272ae716aff967d7cf3dbcfecba9ba3bc97
gfx/interface/nf_close_button.dds,composite,byte_identical_vanilla,neutral,control,True,redrawn_installed,27,27,1,10,17928798cfda31a2ae1e40250139f30365c91045d0ea8dec42660f641ff42384
gfx/interface/no_frame_bg.dds,holder,byte_identical_vanilla,neutral,frame,True,redrawn_installed,192,192,1,0,6c08fcef906bcaeb39c6b5a841e21d0b0cae7d575ca9c34c5d2d7622aac3d33c
gfx/interface/no_frame_special_bg.dds,holder,byte_identical_vanilla,neutral,frame,True,redrawn_installed,192,192,1,10,e24e9de310da211df978466ce393b9bad79d7ecd9a81c82bb52f60b74735ffe0
gfx/interface/not_in_war_ally.dds,holder,byte_identical_vanilla,neutral,panel,True,redrawn_installed,531,41,1,1,10833bea85dc91c9412078cb3f4b95680336e8c61ca8a83fd57a4b0e4e676b73
gfx/interface/nuke_progress_frame.dds,holder,byte_identical_vanilla,neutral,frame,True,redrawn_installed,24,44,2,0,24b41e8aa48649e0799b308fcc60f1acfc31158f9bf1b3c2cf2f75e23e2b7ba6
gfx/interface/observer_button.dds,composite,byte_identical_vanilla,neutral,control,True,redrawn_installed,64,64,1,3,a5ab8d19f77c47e775145d4cb287de19c31beaaed50a019147abccb0d703a56a
gfx/interface/obsolete_template_overlay.dds,holder,byte_identical_vanilla,neutral,panel,True,redrawn_installed,70,25,1,0,755c249727d41e9173d68036ae6ea03865ed890c92c195e269e1aff88052a872
gfx/interface/occupation/collaboration_bar_large_bg.dds,holder,byte_identical_vanilla,neutral,panel,True,redrawn_installed,178,31,1,4,9676c00948bfabfafe1031b12360298c302dc59ace4293ec435ca962c3af38fe
gfx/interface/occupation/collaboration_entry_bg.dds,holder,byte_identical_vanilla,neutral,control,True,redrawn_installed,506,65,1,4,c31ac599b4a401357edc6ba8842bbadb16b2a3982e2ee10d41f9d7d60097faba
gfx/interface/occupation/compliance_bar_large_bg.dds,holder,byte_identical_vanilla,neutral,panel,True,redrawn_installed,200,31,1,4,a2d65f47f222bbef522fe1217e7f1dadf9d258edf1409c09dbaab79acff228af
gfx/interface/occupation/compliance_bar_state_bg.dds,holder,byte_identical_vanilla,neutral,panel,True,redrawn_installed,87,19,1,4,95075dcffb905ffbc29e4557fab6e802351e24377ae4af618dc4ec13f8167ee3
gfx/interface/occupation/compliance_bar_tiny_bg.dds,holder,byte_identical_vanilla,neutral,panel,True,redrawn_installed,65,19,1,4,0db024573d638cf62259aaf4fb245f41029404fd2e52773c2abcda66c727e0a8
gfx/interface/occupation/modifier_icon_bg.dds,holder,byte_identical_vanilla,neutral,control,True,redrawn_installed,65,23,3,4,cc0c1add4e35ce04a460778d8a98337b1a576be929ae4fb8098cb83b29de16f5
gfx/interface/occupation/occupation_compliance_tab_button.dds,composite,byte_identical_vanilla,neutral,header,True,redrawn_installed,94,54,2,4,477f1530b2d8a8c0ba6883f0842def28f633ad20aab1bf226730ad047ca06672
gfx/interface/occupation/occupation_country_entry_bg_bottom.dds,holder,byte_identical_vanilla,neutral,control,True,redrawn_installed,519,35,1,4,058a9769f96bfb171ba390dfb5cfbba06df4a57678d776ed108a4c31eb67000c
gfx/interface/occupation/occupation_country_entry_bg_mid.dds,holder,byte_identical_vanilla,neutral,control,True,redrawn_installed,519,51,1,4,eee90042ffe233b9a836b5eea0e5337184a2a9a80161448042864e1e1537237e
gfx/interface/occupation/occupation_country_entry_bg_top.dds,holder,byte_identical_vanilla,neutral,control,True,redrawn_installed,519,121,1,4,737fbc8095e1d57e5297f8304350fb38354c421f7db1f7184aeb732f2dbed277
gfx/interface/occupation/occupation_country_entry_bg_top_locked.dds,holder,byte_identical_vanilla,neutral,control,True,redrawn_installed,519,121,1,4,5de0537ba871f80e4b5cdb2101dcfa5cd962f2c6f4290f8d430affcc40c1aa9f
gfx/interface/occupation/occupation_garrison_select_entry_bg.dds,holder,byte_identical_vanilla,neutral,control,True,redrawn_installed,1512,45,3,8,7123213eb3e368ccd17b4c7db3a6f4e5c81478dce376f3f5e57d22f088f74e73
gfx/interface/occupation/occupation_header_bg.dds,holder,byte_identical_vanilla,neutral,header,True,redrawn_installed,521,65,1,4,c7e0ac25f6dd1b5d43f1381f2f9d9ec1430c6719e297a5330bbe8769c66d9c17
gfx/interface/occupation/occupation_law_select_entry_bg.dds,holder,byte_identical_vanilla,neutral,control,True,redrawn_installed,454,45,1,0,5bb456a4ba4d85b258f76f0065d0698840a761d9a28ebd114b86ea3b26185260
gfx/interface/occupation/occupation_resistance_tab_button.dds,composite,byte_identical_vanilla,neutral,header,True,redrawn_installed,94,54,2,4,1e755eec45353074689c65b4f8933f8697aa26afb47af34697c217b5422b368f
gfx/interface/occupation/occupation_state_entry_bg.dds,holder,byte_identical_vanilla,neutral,control,True,redrawn_installed,508,63,1,4,d132a23641fb4c917e4bef3f426fbf28a0f334c3fce29c10a2c974e3c9528502
gfx/interface/occupation/occupation_state_entry_bg_no_resistance.dds,holder,byte_identical_vanilla,neutral,control,True,redrawn_installed,508,31,1,4,d94d73c0d33a63daad3d528d17b35c38fdcefefd12c17780eb89b8fb170f153b
gfx/interface/occupation/release_button.dds,composite,byte_identical_vanilla,neutral,control,True,redrawn_installed,154,35,1,16,eb7de01e3a052e0ca62cb94c48d53e725ae7a7a169c1d4519127482da2198216
gfx/interface/occupation/resistance_bar_large_bg.dds,holder,byte_identical_vanilla,neutral,panel,True,redrawn_installed,200,31,1,4,27f22231b4da67285e4d56a47a9fdd1f9baed0c33d16fb0679b435e9497df73c
gfx/interface/occupation/resistance_bar_medium_bg.dds,holder,byte_identical_vanilla,neutral,panel,True,redrawn_installed,110,19,1,4,03b595007a79598f159565bff3cfed3f1ceb51215786085a0007b4c9460d7c5c
gfx/interface/occupation/resistance_bar_state_bg.dds,holder,byte_identical_vanilla,neutral,panel,True,redrawn_installed,87,19,1,4,49051b5d8696b9d22e88f524215519299c0b7d7a747644288f4e5e066c1a4342
gfx/interface/occupation/select_law_button.dds,composite,byte_identical_vanilla,neutral,control,True,redrawn_installed,507,32,3,8,105e1700116faabedb7e7c14b218c04e30950238712ecf95d62ba667a136303b
gfx/interface/occupation/select_law_header_bg.dds,holder,byte_identical_vanilla,neutral,header,True,redrawn_installed,529,40,1,4,823984d5cb6ad9c6ed45281787f47dd83263b586c5c05df42f2bea2802cd3547
gfx/interface/occupation/select_state_law_button.dds,composite,byte_identical_vanilla,neutral,control,True,redrawn_installed,34,32,1,8,4e3c5cf8baa429e94cab2be105d77fe8c704bafaf28ee5707a4da08e2318dcb7
gfx/interface/occupation_policy_button.dds,holder,byte_identical_vanilla,neutral,control,True,redrawn_installed,46,46,1,6,208830835561dd862e83a5da827b4644146e11f345703d44b85da7954f1329c5
gfx/interface/occupation_policy_button_selected.dds,composite,byte_identical_vanilla,neutral,control,True,redrawn_installed,46,46,1,16,6f950ede5c8e113213767323958d970a8d5b47bcc90dfdba1f79831acd934081
gfx/interface/occupied_list_entry.dds,composite,byte_identical_vanilla,neutral,control,True,redrawn_installed,509,75,1,4,57c738d8477e35071704edb49ebab410a71b7ecafbe809eb64876c6842135084
gfx/interface/officer_corp/advisor_theorist_entry.dds,composite,byte_identical_vanilla,neutral,control,True,redrawn_installed,527,71,1,4,fa79283849177228cc8ea4ecdb9dcfdf872b2bf0c54b5be45c55929cdd7c3f08
gfx/interface/officer_corp/bronze_number_container.dds,holder,byte_identical_vanilla,neutral,panel,True,redrawn_installed,69,21,1,12,583353160ca5760fa96217eb2baa03b6c3c9d3997f2618d4786c8b6c6a52e8e5
gfx/interface/officer_corp/doctrines_officer_corps_button_air.dds,holder,byte_identical_vanilla,neutral,control,True,redrawn_installed,89,77,1,4,73953475e1ec0edd5722d12628b95940f9d0f82557511ea464020103b6f75972
gfx/interface/officer_corp/doctrines_officer_corps_button_land.dds,holder,byte_identical_vanilla,neutral,control,True,redrawn_installed,89,77,1,4,ea60b99e8112cd63ebcf9a8ae0676253d36ec3d4569311f210a57df3be7aac4c
gfx/interface/officer_corp/doctrines_officer_corps_button_naval.dds,holder,byte_identical_vanilla,neutral,control,True,redrawn_installed,89,77,1,4,73953475e1ec0edd5722d12628b95940f9d0f82557511ea464020103b6f75972
gfx/interface/officer_corp/officer_corp_bg.dds,holder,byte_identical_vanilla,neutral,panel,True,redrawn_installed,523,167,1,0,8cefcaf5db220cd3080c23d3a2a6dca86b772566ed09f2aca093f94cd3a15b53
gfx/interface/officer_corp/officer_corp_bg_air.dds,holder,byte_identical_vanilla,neutral,panel,True,redrawn_installed,516,242,1,4,0d385e23f2d470d35a866d40ab09a7c1ad5604d4e4943bdeaedd8233a409db31
gfx/interface/officer_corp/officer_corp_bg_army.dds,holder,byte_identical_vanilla,neutral,panel,True,redrawn_installed,516,242,1,8,0d385e23f2d470d35a866d40ab09a7c1ad5604d4e4943bdeaedd8233a409db31
gfx/interface/officer_corp/officer_corp_bg_army_texture.dds,holder,byte_identical_vanilla,neutral,panel,True,redrawn_installed,505,242,1,0,e617b2221632b4db796ac1e3ffc4563b3c28d3f4f19559b5e2fb8f369137e9b4
gfx/interface/officer_corp/officer_corp_bg_navy.dds,holder,byte_identical_vanilla,neutral,panel,True,redrawn_installed,516,242,1,4,7c2b45c20d6ff718a50a17276316ac8da03bad8b0f2a5d956e7418ebdd1a3426
gfx/interface/officer_corp/officer_corp_country_entry_bg_top.dds,holder,byte_identical_vanilla,neutral,control,True,redrawn_installed,519,121,1,0,0d9c44d48bc887c10945b093cde146c5c1c273c8bfeb920dd4a565a1a910f7f3
gfx/interface/officer_corp/officer_corp_spirit_bg_bad_clicked.dds,holder,byte_identical_vanilla,neutral,panel,True,redrawn_installed,168,70,1,0,30592f0ff97974dcc4c183426f7d7fe592bf1f4f2b2bfce108a2967971271aaa
gfx/interface/officer_corp/officer_corp_spirit_bg_bad_enabled.dds,holder,byte_identical_vanilla,neutral,panel,True,redrawn_installed,168,70,1,0,30592f0ff97974dcc4c183426f7d7fe592bf1f4f2b2bfce108a2967971271aaa
gfx/interface/officer_corp/officer_corp_spirit_bg_clicked.dds,holder,byte_identical_vanilla,neutral,panel,True,redrawn_installed,168,70,1,0,c1baeaaf464245299862ab6a42997828c109502e5e73d9eafc9aef69698a2fc5
gfx/interface/officer_corp/officer_corp_spirit_bg_disabled.dds,holder,byte_identical_vanilla,neutral,panel,True,redrawn_installed,168,70,1,0,30592f0ff97974dcc4c183426f7d7fe592bf1f4f2b2bfce108a2967971271aaa
gfx/interface/officer_corp/officer_corp_spirit_bg_disabled_clicked.dds,holder,byte_identical_vanilla,neutral,panel,True,redrawn_installed,168,70,1,0,30592f0ff97974dcc4c183426f7d7fe592bf1f4f2b2bfce108a2967971271aaa
gfx/interface/officer_corp/officer_corp_spirit_bg_enabled.dds,holder,byte_identical_vanilla,neutral,panel,True,redrawn_installed,168,70,1,36,c1baeaaf464245299862ab6a42997828c109502e5e73d9eafc9aef69698a2fc5
gfx/interface/officer_corp/officer_corp_spirit_bg_strip.dds,holder,byte_identical_vanilla,neutral,panel,True,redrawn_installed,335,69,2,0,22547dd330dc15a42252152bd4491ac873f10d87d2d6a80a3fc78359f3540650
gfx/interface/officer_corp/officer_corp_spirit_bg_strip_bad.dds,holder,byte_identical_vanilla,neutral,panel,True,redrawn_installed,335,69,2,0,22547dd330dc15a42252152bd4491ac873f10d87d2d6a80a3fc78359f3540650
gfx/interface/officer_corp/officer_corp_spirit_plaque_strip_177x47.dds,composite,byte_identical_vanilla,neutral,panel,True,redrawn_installed,352,47,2,0,62cf2e9e31dfef06b911275dc714d2e73752ddcb4811be327fbb5e53b4f0c2dc
gfx/interface/officer_corp/preferred_tactic_button.dds,composite,byte_identical_vanilla,neutral,control,True,redrawn_installed,101,60,1,6,8ad76e501e6d42aaa4d6577ee370c1ee9c4fffa101c8ba14d01878f30fff3b76
gfx/interface/officer_corp/progress_bar_background.dds,holder,byte_identical_vanilla,neutral,header,True,redrawn_installed,187,16,1,0,ed1318e9cf765f20a6b2122ff0ccd5ac5bfbe5e1bb98061de76a3304545644f1
gfx/interface/officer_corp/select_advisor.dds,composite,byte_identical_vanilla,neutral,panel,True,redrawn_installed,63,66,1,2,da9b2e550625192c47cf898e581147769855880aeda228ca8b1e93b4dc73a8ee
gfx/interface/officer_corp/spirit_entry_bad_bg.dds,holder,byte_identical_vanilla,neutral,control,True,redrawn_installed,476,83,2,0,bdaa524e9681e22382b9a0feaa120c4e7e6dff67d1b37594904d2c7c7a9c5542
gfx/interface/officer_corp/spirit_entry_bg.dds,holder,byte_identical_vanilla,neutral,control,True,redrawn_installed,476,83,2,0,bdaa524e9681e22382b9a0feaa120c4e7e6dff67d1b37594904d2c7c7a9c5542
gfx/interface/officer_corp/spirit_entry_bg_strip.dds,holder,byte_identical_vanilla,neutral,control,True,redrawn_installed,965,83,4,36,a6a68a26717861938ce11eed0dc9eb74bba7b9468b5ce0f165b81fab8ffb2d10
gfx/interface/onmap_fleet_entry.dds,composite,byte_identical_vanilla,neutral,control,True,redrawn_installed,304,24,1,1,79ea4218cc875d3ebf5e7b20c9a107991808420fe3d8bd4c1796d7141d1b3bfe
gfx/interface/onmap_mine_bg.dds,holder,byte_identical_vanilla,neutral,panel,True,redrawn_installed,26,4,1,2,6f122fd2cc4bfcbd7e38f65a98003cc5a5a31a3bf15db61961eb42aa7f2ca579
gfx/interface/onmap_mission_unit_counter.dds,holder,byte_identical_vanilla,neutral,control,True,redrawn_installed,66,36,1,0,2c018b5079fd37ffd85ee83f760f68c7ac0a0346bfc993241b4ede8d5d2327af
gfx/interface/onmap_mission_unit_counter_selected.dds,holder,byte_identical_vanilla,neutral,control,True,redrawn_installed,74,36,1,1,032616ca518ec9a8f797d9497aabaf4fc33e5b74485a5f4c7952baeaef8d399a
gfx/interface/onmap_naval_unit_counter.dds,holder,byte_identical_vanilla,neutral,control,True,redrawn_installed,222,36,3,1,4a77926259d78443153ec4e04c2f16591b34443979d4296a6250d14e0db2a979
gfx/interface/onmap_unit_counter.dds,holder,byte_identical_vanilla,neutral,control,True,redrawn_installed,198,27,3,3,82cebdfc144b35fef1895168a863f5e2cda7ae669d8621a6d4f44c7c39f99c3c
gfx/interface/onmap_unit_counter_half.dds,holder,byte_identical_vanilla,neutral,control,True,redrawn_installed,25,27,1,0,5d8cffb5ebdf4af8a90a24dfe1788d6535cabcd69076d872b3b525094f3e38f2
gfx/interface/onmap_unit_counter_half_selected.dds,holder,byte_identical_vanilla,neutral,control,True,redrawn_installed,29,28,1,0,6f772424d577360fe077d351a0c1a7f7526dc1e7a6771bb2ba63137fa4c3ccae
gfx/interface/onmap_unit_counter_overlay.dds,holder,byte_identical_vanilla,neutral,control,True,redrawn_installed,30,20,1,3,4f8fe7817888b27c36282b0aacc6489b187616839cb5c5b38a20444b3508b51c
gfx/interface/onmap_unit_counter_overlay_navy.dds,holder,byte_identical_vanilla,neutral,control,True,redrawn_installed,30,29,1,1,9c5aa15cff612c730b5df2f9f33a2f1594521565c051c81488af309508a49de9
gfx/interface/onmap_unit_counter_selected.dds,holder,byte_identical_vanilla,neutral,control,True,redrawn_installed,68,28,1,3,52b64f96c8f7559826f36d5aa62da990506b27f4e53d784f104036792faa5db6
gfx/interface/open_find_view_button.dds,composite,byte_identical_vanilla,neutral,control,True,redrawn_installed,22,22,1,0,837a5943cfd7d3340d935277e2d092157f649f285d34a044ff7482fc4adfebfd
gfx/interface/operations/bottom_start.dds,holder,byte_identical_vanilla,neutral,panel,True,redrawn_installed,752,40,1,1,cf26134972e0134e782dcb8ebed3b329dbd101ea6ed36018622cedd6de739d8e
gfx/interface/operations/button_more.dds,composite,byte_identical_vanilla,neutral,control,True,redrawn_installed,46,46,1,1,04532cf2cfd2311dc4d87393ddbb59723f41f2dab14f4f48a7c78b10944ea00d
gfx/interface/operations/circular_progress_bar_bg.dds,holder,byte_identical_vanilla,neutral,header,True,redrawn_installed,64,64,1,6,11f1261ea13ed7afaff52885c57d20117d6d5add8778dcad9d1ceeea4372aaf8
gfx/interface/operations/equipment_icon_bg.dds,holder,byte_identical_vanilla,neutral,control,True,redrawn_installed,85,27,1,1,250c21d4681283fbe6f8018d96181d6766d75b433fed05f0c720c62c350e32ef
gfx/interface/operations/launch_operation.dds,holder,byte_identical_vanilla,neutral,panel,True,redrawn_installed,212,38,2,2,770ce6fe5edccde50fd2a028b608a5be608f8d02831c895ffeee39027fb9e8b8
gfx/interface/operations/list_entry_bg.dds,holder,byte_identical_vanilla,paper,control,True,redrawn_installed,254,35,1,3,7ba81975d37088d688b28a1fc7a208f76a525dceddbc6f65345b2355f47fbd4f
gfx/interface/operations/operation_progress_bar_frame.dds,holder,byte_identical_vanilla,neutral,frame,True,redrawn_installed,134,24,1,2,d856a206735a598db23288f3e63cdc7f1875f9f10c849adeed9e3795ce468ccb
gfx/interface/operations/operations_clipboard_bottom_bg.dds,holder,byte_identical_vanilla,paper,panel,True,redrawn_installed,500,209,1,1,4e653d3e7ddfafc89ddf370b926fed0f9f2eb925abd3c67cb9e899df194a52b2
gfx/interface/operations/operations_clipboard_mid_bg.dds,holder,byte_identical_vanilla,paper,panel,True,redrawn_installed,500,126,1,1,960b234d9ded720067c5b4d152b706a5ebc95459b26f9628f46019602a761680
gfx/interface/operations/operations_clipboard_top_bg.dds,holder,byte_identical_vanilla,paper,panel,True,redrawn_installed,500,129,1,1,9035afa001a65adb3fddf6837aeee53724d822a1a058e55c067448e6dacc21a9
gfx/interface/operations/operations_entry_bg.dds,holder,byte_identical_vanilla,paper,control,True,redrawn_installed,1038,89,2,2,6444fdd997b7614229e2daa444dae4dc714e636a1bb33144715ff3f57a843d30
gfx/interface/operations/operations_target_info_bg.dds,holder,byte_identical_vanilla,neutral,panel,True,redrawn_installed,254,94,1,1,a05506b8b2bbdd0fa205d27d21b0861e623525090b1c48f326bc83cf8d008d36
gfx/interface/operations/operatives_view_entry_bg.dds,holder,byte_identical_vanilla,paper,control,True,redrawn_installed,254,94,1,1,4a703cde06374d74f22b8489954c31b81756c1da7f71e4f0d1538f9d910c1b8c
gfx/interface/operations/phase_title_bg.dds,holder,byte_identical_vanilla,paper,panel,True,redrawn_installed,153,40,1,1,a8fb9e863b73c999b513e5b08520d3266f2446341f3f3ff1bb01878f968c383e
gfx/interface/operations/refund_operation.dds,composite,byte_identical_vanilla,neutral,panel,True,redrawn_installed,31,31,1,1,1c97741ca110efd5eecfcf6bb2e98d431a2be59669a6577d5e63f83d5be8c8d2
gfx/interface/operations/reward_bg.dds,holder,byte_identical_vanilla,neutral,panel,True,redrawn_installed,500,74,1,1,013a1c25122108f983973c45e290aa890a3ceada63a9c4aadb18d99e67c3ee6e
gfx/interface/operatives/agencies/agency_logo_bg.dds,holder,byte_identical_vanilla,neutral,panel,True,redrawn_installed,90,93,1,4,71c69ce66afab539d47afde5b981b8942560cc5131f0bb57764ab24843c1b944
gfx/interface/operatives/agency_header.dds,holder,byte_identical_vanilla,neutral,header,True,redrawn_installed,530,42,1,8,fcad74f05fe0901ee86903c39d2547a7033f6a16dbd2999cc2e860cd26ade49d
gfx/interface/operatives/agency_upgrades_popup_bg.dds,holder,byte_identical_vanilla,neutral,panel,True,redrawn_installed,1092,91,1,4,143bc2101c5e196a6ff906e90e1b48beed91ca124ad0c6f11af9b1092e9ded4a
gfx/interface/operatives/bottom_operatives_bar_frame.dds,holder,byte_identical_vanilla,neutral,frame,True,redrawn_installed,173,117,2,2,c28db50beeec51a35b10cae751c0e179a554546518f1e0202026d1e4ccb1c370
gfx/interface/operatives/branch_upgrade_entry.dds,composite,byte_identical_vanilla,neutral,control,True,redrawn_installed,1040,136,1,4,0d84467d7751f8bd1bda85623a0a86b6c0b3ea7087b375f38d0a9d81f1022206
gfx/interface/operatives/branch_upgrade_entry_select.dds,composite,byte_identical_vanilla,neutral,control,True,redrawn_installed,1046,142,1,4,5c4a731ebb073e7d70dd6dc6e9b5e3cbc831cbffccbc738e7c6d3930c9351e8c
gfx/interface/operatives/create agency_bg.dds,holder,byte_identical_vanilla,neutral,panel,True,redrawn_installed,508,99,1,4,c72c9e33245fccd609f4218dba7182365c966a062164852e100640f8309d9d56
gfx/interface/operatives/intelligence_agency_popup_bg.dds,holder,byte_identical_vanilla,neutral,panel,True,redrawn_installed,474,123,1,6,23877d70d2d3ff3412f2c65e185445301057471fd7272af85ebf397494ea10c7
gfx/interface/operatives/mission_button_background.dds,holder,byte_identical_vanilla,neutral,control,True,redrawn_installed,144,48,3,8,8a5b51f67b9542c8c6757b87f83919737f9cd98c30206e4e376ab20929f82350
gfx/interface/operatives/operations_tab_large.dds,composite,byte_identical_vanilla,neutral,header,True,redrawn_installed,524,53,2,8,61bd4b7e53734a9ac4ae9b11a7a82541825f33d5aa0ca257bd2143ca24ee8dde
gfx/interface/operatives/operative_activity_progress_bar_bg.dds,holder,byte_identical_vanilla,neutral,header,True,redrawn_installed,359,17,1,8,8567d441ec7deb4698b8a67a8d13b28defe0a6ce24870527fa33c2475de7cdcd
gfx/interface/operatives/operative_leader_badge.dds,holder,byte_identical_vanilla,neutral,panel,True,redrawn_installed,437,109,1,2,32fb794dd778fee481310ab6f58ee3febe9543ff9ea0cc29ad11b5f6d788ac60
gfx/interface/operatives/operatives_bg.dds,holder,byte_identical_vanilla,neutral,panel,True,redrawn_installed,522,76,1,4,aa5072cee1a9c7c5e0db9f82af72c74eb931d612ca5629cff95fb464c79651a6
gfx/interface/operatives/operatives_execute_stop_operation_bg.dds,holder,byte_identical_vanilla,neutral,panel,True,redrawn_installed,78,26,1,1,4f3ab6a71d8e83aa6b11b31dace475d33519e8811ba09d78845198fc692ad7b9
gfx/interface/operatives/operatives_execute_stop_operation_mask.dds,holder,byte_identical_vanilla,neutral,panel,True,redrawn_installed,52,26,1,0,7e7623420c9336886597e0d71cab6b6296f66b4d63799e9acfacc463a5941725
gfx/interface/operatives/operatives_execute_stop_small_bg.dds,holder,byte_identical_vanilla,neutral,panel,True,redrawn_installed,78,26,1,1,f9363b22b710d1c0d2abbd277e1c61be8ebd95dbf86064bac15cc69955e11fca
gfx/interface/operatives/operatives_missionbar_bg.dds,holder,byte_identical_vanilla,neutral,panel,True,redrawn_installed,402,79,1,1,9049ef0ed307e606692fffaa1bab11a1c5248dbb62538f530601b1d1d51b1966
gfx/interface/operatives/spymaster_button.dds,holder,byte_identical_vanilla,neutral,control,True,redrawn_installed,214,28,1,10,f8dea185ac1baccd574aa40cae022becaa2be5e107009a7a77d6c73dc3c189dc
gfx/interface/operatives/upgrade_background.dds,holder,byte_identical_vanilla,paper,panel,True,redrawn_installed,99,80,1,4,735ad4a1e095981d9d860ea77459a6226d8413dcf5475e43e9a0434b3c62ff2c
gfx/interface/operatives/upgrade_button_available.dds,holder,byte_identical_vanilla,neutral,control,True,redrawn_installed,164,50,1,8,8018f674493cd314aef3a0fab31aa9a6ecf054998ca2523c8c3952e085b6539a
gfx/interface/operatives/upgrade_button_completed.dds,holder,byte_identical_vanilla,neutral,control,True,redrawn_installed,164,50,1,0,ff377fe44285de015fc125f12720d954c04556afa28c07971678453a097bf987
gfx/interface/operatives/upgrade_button_unavailable.dds,holder,byte_identical_vanilla,neutral,control,True,redrawn_installed,164,50,1,0,927a1991e07d250630ad5b8e1393cd0c7a77c599ae6367da07491168012e589c
gfx/interface/operatives/upgrade_frame_1_completed.dds,holder,byte_identical_vanilla,neutral,frame,True,redrawn_installed,139,74,1,0,0f20c333fa3079f0841a7a4a758427f91618fe52a88835ffa51118fd17715623
gfx/interface/operatives/upgrade_frame_1_unavailable.dds,holder,byte_identical_vanilla,neutral,frame,True,redrawn_installed,139,74,1,4,0f20c333fa3079f0841a7a4a758427f91618fe52a88835ffa51118fd17715623
gfx/interface/operatives/upgrade_frame_airforce_completed.dds,holder,byte_identical_vanilla,neutral,frame,True,redrawn_installed,139,74,1,0,32f6fca5d0f6f5590dac76c17042ea74dfadd3f29bb333b1713191be4d2c9037
gfx/interface/operatives/upgrade_frame_airforce_unavailable.dds,holder,byte_identical_vanilla,neutral,frame,True,redrawn_installed,139,74,1,0,e76aef5eca6970687e777231719f74c6b67ee310cf476b535c530216daa4aca5
gfx/interface/operatives/upgrade_frame_army_completed.dds,holder,byte_identical_vanilla,neutral,frame,True,redrawn_installed,139,74,1,0,7b4926888de9e48e1a981182b2bf7c4e41901a84c9a32601d7aa03546d970d14
gfx/interface/operatives/upgrade_frame_army_unavailable.dds,holder,byte_identical_vanilla,neutral,frame,True,redrawn_installed,139,74,1,0,f2e7d445819ece25543d448895434aea976220021fa66460058b08373ccbece0
gfx/interface/operatives/upgrade_frame_defense_completed.dds,holder,byte_identical_vanilla,neutral,frame,True,redrawn_installed,139,74,1,0,5688daa6632b52753acbb050dc86ce17eda8a111a1a225e6b7d3a107168a901f
gfx/interface/operatives/upgrade_frame_defense_unavailable.dds,holder,byte_identical_vanilla,neutral,frame,True,redrawn_installed,139,74,1,0,d0cf5ba8cd136c4c044153bf8cbdd0416748d11bfc5e18717343600f5855765e
gfx/interface/operatives/upgrade_frame_economy_completed.dds,holder,byte_identical_vanilla,neutral,frame,True,redrawn_installed,139,74,1,0,ead201aa1c50e5d7dc105f2b5a72fecf9662e90cc0de4f65edfd992626c01837
gfx/interface/operatives/upgrade_frame_economy_unavailable.dds,holder,byte_identical_vanilla,neutral,frame,True,redrawn_installed,139,74,1,0,fd6f9c6e54c75b1ae7705ad78da8afe0e19a6bdca4f792382dd3e958aef158f4
gfx/interface/operatives/upgrade_frame_form_available.dds,holder,byte_identical_vanilla,neutral,frame,True,redrawn_installed,139,74,1,0,deb098bf9e45e05f58ce2a2d67cb4ff757c74a252d7c1d5291a32f12229d6a90
gfx/interface/operatives/upgrade_frame_form_completed.dds,holder,byte_identical_vanilla,neutral,frame,True,redrawn_installed,139,74,1,0,e92a74d4704b1a63db606dbf3cd1e80e2c80a6b178a3a4ebf2b201aa0641fc92
gfx/interface/operatives/upgrade_frame_form_unavailable.dds,holder,byte_identical_vanilla,neutral,frame,True,redrawn_installed,139,74,1,0,717733af84853ee4d868c17a97038a4d00dea6ca2669939539b30e88a36b8738
gfx/interface/operatives/upgrade_frame_naval_completed.dds,holder,byte_identical_vanilla,neutral,frame,True,redrawn_installed,139,74,1,0,3db7f24a72dba4cd4385fc705328d70f644487c22bb8a16ac37da16881d35207
gfx/interface/operatives/upgrade_frame_naval_unavailable.dds,holder,byte_identical_vanilla,neutral,frame,True,redrawn_installed,139,74,1,0,b3f9ab91446a7ec9d343f418ee6895276e8d031e75788ba0f6e876d3e3b8a6f5
gfx/interface/opinion_bg.dds,holder,byte_identical_vanilla,neutral,panel,True,redrawn_installed,36,29,1,8,baaaabb1a9aa0a7241fd1edb21bd91a861a8e3bb77aebb02150466fb2b8b7f15
gfx/interface/orders_group_item_bg.dds,holder,byte_identical_vanilla,neutral,control,True,redrawn_installed,23,23,2,0,53dd3ea18c2a27b0fa48b323d6ae41d9ed6f1d2074020e2a2fbc156fc7770bd7
gfx/interface/other_ships_checkbox.dds,composite,byte_identical_vanilla,neutral,control,True,redrawn_installed,90,32,2,4,cf1e5f967b5fd9a171918e02b4f99523f11ce72b21455824cd6c71cda4bb61a2
gfx/interface/outdated_checkbox.dds,composite,byte_identical_vanilla,neutral,control,True,redrawn_installed,90,32,2,4,b7210cee8b53b5a727f1f8af62de9912b209ce28f28b48e1a6388027ad635a05
gfx/interface/outdated_equipment_overlay.dds,composite,byte_identical_vanilla,neutral,panel,True,redrawn_installed,273,72,1,16,13a29efb5f162764c49fb7bac72f4538d4a706ee36b15a0489b17b39b16b6dc8
gfx/interface/outdated_equipment_overlay_collapsed.dds,composite,byte_identical_vanilla,neutral,panel,True,redrawn_installed,278,26,1,8,558a3f9e62d16b5decf335a6174364ef1e9d9163e64f85c39ab94ac94f4ef7f6
gfx/interface/outdated_naval_equipment_overlay.dds,composite,byte_identical_vanilla,neutral,panel,True,redrawn_installed,360,72,1,16,c635eee02c1d799ad574224ad13fb88a4480d988934ba6642180269d4f3affbb
gfx/interface/outdated_naval_overlay_collapsed.dds,composite,byte_identical_vanilla,neutral,panel,True,redrawn_installed,357,26,1,8,ec7ddd82193814c197330c4600c0ca7dbc30f5fc72ebc5135e7d4ae9dd69ceca
gfx/interface/overview_filter_entry.dds,composite,byte_identical_vanilla,neutral,control,True,redrawn_installed,90,29,1,26,8c923de6c200834f4b5f0bfd2ab6d56be07cc571a795adab431b47f572133714
gfx/interface/overview_filter_entry_highlight.dds,composite,byte_identical_vanilla,neutral,control,True,redrawn_installed,90,29,1,12,455aa7fe918551e0c87e1742b8e72bba772d43f933e9fd5bb71f7bdf03a5d0e9
gfx/interface/overview_top_strip.dds,composite,byte_identical_vanilla,neutral,panel,True,redrawn_installed,1566,59,3,4,7324e05c12ac2ac208ed78f1d6ce0e9aa60d5d2df54a72a7765b4d92ce5370c2
gfx/interface/overview_top_strip_small.dds,composite,byte_identical_vanilla,neutral,panel,True,redrawn_installed,2008,59,4,2,55b027a04ce5e426f955d63baf78f8e9cc0bcf75ea0b7ce4efcc0332dbc617d8
gfx/interface/parch_bg.dds,holder,byte_identical_vanilla,paper,panel,True,redrawn_installed,287,241,1,4,c0aadb8869d2a6966b604bb8b806c2acdadaa1fa8606d7f736c1bfc3c90952fa
gfx/interface/parch_bg_adjustable.dds,holder,byte_identical_vanilla,paper,panel,True,redrawn_installed,272,225,1,2,a1526bd4bb84cc71778ef138f68a66069ab39f74c46147b8e27f99a1f9a3a3c3
gfx/interface/parch_bg_frame.dds,holder,byte_identical_vanilla,neutral,frame,True,redrawn_installed,287,241,1,2,611af714207a6e2756b7a3647fa12325f2906f002e7cd5958d83ba291abc6f7b
gfx/interface/participants_icon.dds,holder,byte_identical_vanilla,neutral,panel,True,redrawn_installed,96,34,2,3,e2c501d7e9f23bffc3ec2ba14ebeb33ad59d5c5a2a164532ff3f70f04267af8b
gfx/interface/peace_action_bottom.dds,holder,byte_identical_vanilla,neutral,panel,True,redrawn_installed,341,83,1,2,bb2d52ab8e6efa5a06f6030c6dff023130b651e1e7bc1a15e481af7f25ca5fe8
gfx/interface/peace_conference/bid_button.dds,holder,byte_identical_vanilla,neutral,control,True,redrawn_installed,602,30,2,1,24f26ed86bda814b3dab51c2d52ff4938195b70082b0a47e646c98ea77420930
gfx/interface/peace_conference/conference_action_entry_bg.dds,holder,byte_identical_vanilla,neutral,control,True,redrawn_installed,1204,29,4,3,9b70af9fd7b0d53f79fd942d3f13457b0b8d21e7b567db08ebf31ad897b76b27
gfx/interface/peace_conference/give_points.dds,composite,byte_identical_vanilla,neutral,panel,True,redrawn_installed,31,29,1,0,7bc4906492e63619743171ecaa5921d77ecf140627b0db20c3e1ff6ed1f154b8
gfx/interface/peace_conference/pc_victory_entry.dds,composite,byte_identical_vanilla,neutral,control,True,redrawn_installed,624,84,2,2,6f9af99e6dd7511697458a8204dbed7170ade5932291364b1920dc3f2ab82b09
gfx/interface/peace_conference/pop_up_entry.dds,composite,byte_identical_vanilla,neutral,control,True,redrawn_installed,904,44,2,1,173f3cdcfcee273342c40f7e47ed1778ef41db438f01e54b4e2cf92c112a9b01
gfx/interface/peace_drop_down_button.dds,composite,byte_identical_vanilla,neutral,control,True,redrawn_installed,62,29,2,0,9223f03cc6b2e864cd6bfe257d0ac803d6fc5940002d900b9c724f2c323b5906
gfx/interface/peace_popup_bg.dds,holder,byte_identical_vanilla,neutral,panel,True,redrawn_installed,558,179,1,0,dbf7d389da9233f4d0b7010177ae6d95823e5c8a51346ed0810c4c29c68c9e05
gfx/interface/peace_turn_bg.dds,holder,byte_identical_vanilla,neutral,panel,True,redrawn_installed,515,65,1,1,163ca6383b8f8ec6b94af36c7c4467f1aeba9e613f2e1bb0d05f6cbec610d31f
gfx/interface/phase_button_strip.dds,composite,byte_identical_vanilla,neutral,control,True,redrawn_installed,300,27,5,0,d8d8a81e4c95516892b879d3ae4c7c04005bfb4ffe58b3cefa57255600f982d0
gfx/interface/phase_ok_iconstrip.dds,composite,byte_identical_vanilla,neutral,panel,True,redrawn_installed,90,23,3,0,161c879c8f7deb49c3d20c5cddcc1365e86b85d2aae4f812b4a632b2854f540c
gfx/interface/pinned_theatre_checkbox.dds,composite,byte_identical_vanilla,neutral,control,True,redrawn_installed,48,35,2,2,4133da2f147a0294054ddc53fa63d3704b6e8aa4bda690d6219332740de495be
gfx/interface/placeholder_checked.dds,holder,byte_identical_vanilla,neutral,panel,True,redrawn_installed,192,192,1,0,aa2752f7e5b202b403f2e3cca31e20c6f76ae2021e366cfb006d7efb2ff0566b
gfx/interface/placeholder_pink.dds,holder,byte_identical_vanilla,neutral,panel,True,redrawn_installed,190,190,1,0,56d5571f800ff7b162fac7796349c50e5665f2235e3639a45d3a25e74f21d71b
gfx/interface/play_button.dds,holder,byte_identical_vanilla,neutral,control,True,redrawn_installed,723,60,3,6,56818c3d3d2e2835fe5852610d9c44e03f95a9b5c7581b5cc274c476522a770c
gfx/interface/play_button_ready.dds,holder,byte_identical_vanilla,neutral,control,True,redrawn_installed,241,60,1,4,531037240ed678ecce1febff57eed0f64fb10eaf67e649fe430c6c501f8cc8cb
gfx/interface/player_lobby_header.dds,holder,byte_identical_vanilla,slate,header,True,redrawn_installed,905,68,1,1,b692caf11e4eaa4441654619c677274a63dcd27fc0e79e4ba513eade54802c43
gfx/interface/playerlobby_kick.dds,composite,byte_identical_vanilla,slate,panel,True,redrawn_installed,32,32,1,1,83515a83c38c0939d3ba133530ba026ea7d9e42c27d085193e516f0ae9e24b1f
gfx/interface/playerlobby_mute.dds,composite,byte_identical_vanilla,slate,panel,True,redrawn_installed,32,32,1,0,130bdb23d16892b09138e55feae966a661dea02947b53977ad80f5bc7b5bb1d5
gfx/interface/pol_goal_popup_bg.dds,holder,byte_identical_vanilla,neutral,panel,True,redrawn_installed,480,382,1,9,5a9d64971ccb347166abca77b5848610bb77970740740dd70b934084c067d814
gfx/interface/pol_goal_progress_bg.dds,holder,byte_identical_vanilla,neutral,header,True,redrawn_installed,237,6,1,8,67a68020fb11f9ec52b2b8da4ca9c81e7fe9a33def1f43cd2ebabe70d343d7c4
gfx/interface/pol_goal_progress_frame.dds,holder,byte_identical_vanilla,neutral,frame,True,redrawn_installed,239,8,1,8,c15b0329cc0f23ab9572bc158185c8947fcfd8a7b6a972ac2226ad2de20f6faa
gfx/interface/pol_idea_bg.dds,holder,byte_identical_vanilla,neutral,panel,True,redrawn_installed,514,126,1,0,7707d9e5b0ce7e02dfe30a86d079de6061826f8c6638b012c6f6e4d9e3e62775
gfx/interface/pol_piechart_bg.dds,holder,byte_identical_vanilla,neutral,panel,True,redrawn_installed,362,91,1,0,27d43dfb68ea174a588dd6ef1de67549870dd601997897b4956ac23295209b44
gfx/interface/pol_view_bg_no_dlc.dds,holder,byte_identical_vanilla,neutral,panel,True,redrawn_installed,550,344,1,0,0749862dd457a422c8ec7102149f8d8b4e0da46f27005f261e1d5fb46cc7f87e
gfx/interface/pol_win_idea_header.dds,holder,byte_identical_vanilla,neutral,header,True,redrawn_installed,540,55,1,0,07e541c10c6ddfe33f061ad29d154fb98896d34e8066088a30e5511c8d5f52de
gfx/interface/popup_window/popup_window_corners_bd_x79_y119.dds,holder,byte_identical_vanilla,neutral,panel,True,redrawn_installed,160,240,1,0,392a7e1e00df422c15540bc7746a89a93177e5e47501d609e060a0e26f9c8fa5
gfx/interface/popup_window/popup_window_side_tiles_bd_x22_y12.dds,holder,byte_identical_vanilla,neutral,panel,True,redrawn_installed,44,230,1,0,45bac70505467dddb0ebfc2926182d0d1bbbaca752119343b72c123c78ed03a7
gfx/interface/popup_window/popup_window_texture_bd_x12_y12.dds,holder,byte_identical_vanilla,neutral,panel,True,redrawn_installed,464,304,1,0,352e12583d62b1ed07de069226a6e2ff6834453756d6bc2af27922e733e38d63
gfx/interface/popup_window/popup_window_top_bottom_bd_x20_y80.dds,holder,byte_identical_vanilla,neutral,panel,True,redrawn_installed,380,164,1,0,9f21d34012aeee39b063db7a5a9b364b3a2807bc59ae0dc2fff0ab424c80a6e3
gfx/interface/prod_add_button_bg.dds,holder,byte_identical_vanilla,neutral,control,True,redrawn_installed,60,40,1,0,948e910af1abdb1b7ec9ace44ab64aaecff9fd6b3925123afebb72307ec964ff
gfx/interface/prod_entry_resource_bg.dds,holder,byte_identical_vanilla,neutral,control,True,redrawn_installed,41,73,1,0,12e8a1dc0075d92fdf4b766a8ec9ea3cf8a15628cb18cc96652e96334c28dcfc
gfx/interface/prod_land_equipment_item_large.dds,holder,byte_identical_vanilla,neutral,control,True,redrawn_installed,279,81,1,12,b3fedf33032fcd5ca5a57401a9bc5a1cd64af70c53559762b6841ae343ce63a9
gfx/interface/prod_naval_equipment_item_large.dds,holder,byte_identical_vanilla,neutral,control,True,redrawn_installed,281,83,1,8,f1d1b075c8e90b998e19d9b6f5c99ef43e8bb792fdd3c90b4ecf90b05b6417f3
gfx/interface/prod_progress_bar2_bg.dds,holder,byte_identical_vanilla,neutral,header,True,redrawn_installed,118,21,1,42,b6b37da86e2eaa4d63518d168aeb33503032a11b7e8f2288ffbfd158a01d3455
gfx/interface/prod_progress_bar3_bg.dds,holder,byte_identical_vanilla,neutral,header,True,redrawn_installed,166,21,1,8,81629adf7f575cba607a43e9a95841b1e9f8c410ed4cc31195445cce67fb0f8b
gfx/interface/production_item.dds,holder,byte_identical_vanilla,neutral,control,True,redrawn_installed,511,108,1,12,65ba56c9059c826813df5918261c4bb2e97908b347fa285642ed895620d67957
gfx/interface/production_item_collapsed.dds,holder,byte_identical_vanilla,neutral,control,True,redrawn_installed,512,60,1,16,212c5eabebff0c2c2b73b436b8f164f4de7f6ae135c8397edd22f34931293395
gfx/interface/production_item_selected_collapsed.dds,holder,byte_identical_vanilla,neutral,control,True,redrawn_installed,512,60,1,16,410ed8eeea7218409df0d020b31c730b8312413a93f32c65a24e5597d9a22e1a
gfx/interface/production_line_arrow_down.dds,composite,byte_identical_vanilla,neutral,panel,True,redrawn_installed,28,32,1,4,3b6f564b2a68ffec1a04e6e27a6307f68743be9fe318defd93abda43eeda7455
gfx/interface/production_line_arrow_left.dds,composite,byte_identical_vanilla,neutral,panel,True,redrawn_installed,32,28,1,8,342c8c5f6f63aba3c0e504da83df340ea65c070999637b82cbf74d9170f432b2
gfx/interface/production_line_arrow_right.dds,composite,byte_identical_vanilla,neutral,panel,True,redrawn_installed,32,28,1,4,04cf98717fefe62805368ce3a2c366fa5cc8f6f54f0832eb266a3a8037383564
gfx/interface/production_line_arrow_up.dds,composite,byte_identical_vanilla,neutral,panel,True,redrawn_installed,28,32,1,0,cb62d426358e080e3abc6abbec4f4319d46680aad532d94bc7a8f794a1aaf440
gfx/interface/production_line_selected.dds,holder,byte_identical_vanilla,neutral,panel,True,redrawn_installed,511,108,1,20,acfe88db2f49eb810854b3afda18fbd39cd0a343ee01753620bd09c3d0180e35
gfx/interface/production_progressbar_frame.dds,holder,byte_identical_vanilla,neutral,frame,True,redrawn_installed,137,15,1,0,a3351b79acc6dcd6abcc6bc6d8c4bfbb66440d77a5fce1e2c4f01b0403a6c7d2
gfx/interface/production_progressbar_frame2.dds,holder,byte_identical_vanilla,neutral,frame,True,redrawn_installed,175,30,1,8,8ea7eedebe2cec62390c65de46a98b1202cf31ce1843df2d40073f48fa2fed00
gfx/interface/production_resources_bg.dds,holder,byte_identical_vanilla,neutral,panel,True,redrawn_installed,174,74,1,0,6a0abc29f68897bb115f90aa0effeacdd55134cf5589f75a809b1c2c44061fd5
gfx/interface/production_win_bottom.dds,holder,byte_identical_vanilla,neutral,panel,True,redrawn_installed,546,66,1,4,fc23ace7e9eaf4bd08fe84cbc5329210b9a647e757d25b69622c6a7136c4215f
gfx/interface/production_win_top.dds,holder,byte_identical_vanilla,neutral,panel,True,redrawn_installed,550,253,1,4,07d9081ba22c345d0980292b09bf3cce99cb9af9278a036b18b049d6b6f7c511
gfx/interface/production_win_top_new.dds,holder,byte_identical_vanilla,neutral,panel,True,redrawn_installed,550,253,1,0,041fa5a8d04bb35e129974f2d779c5ed538d67152b0bbff0de74344636b1a301
gfx/interface/propaganda/propaganda_bg.dds,holder,byte_identical_vanilla,neutral,panel,True,redrawn_installed,498,207,1,1,b571fe292b0bc21c7584c4b9cc9ff4e6a55975227136bd79fb69fe9d9d0aa41d
gfx/interface/province_header.dds,holder,byte_identical_vanilla,neutral,header,True,redrawn_installed,417,29,1,0,3a483702db6abbfa9f17ae491213f83d94991f237459ba6803ae84a9421aeef0
gfx/interface/reassign_all_active.dds,holder,byte_identical_vanilla,neutral,panel,True,redrawn_installed,246,34,2,0,882f7b8f31da0001b4348bd0bcea3ab691b0c5b0542c414651d6bc0e96bfe882
gfx/interface/redeployment_type_icon.dds,composite,byte_identical_vanilla,neutral,panel,True,redrawn_installed,62,31,2,4,e85295f8a41523c43d63d703b70898879f4a23772e08b7dcfc05364a53c60b49
gfx/interface/refit_checkbox.dds,composite,byte_identical_vanilla,neutral,control,True,redrawn_installed,90,35,2,4,5b035f949cd7e6a3b46cddb947888ef75da8c23042c2c879645d2424bef559fc
gfx/interface/reinforcing_checkbox.dds,composite,byte_identical_vanilla,neutral,control,True,redrawn_installed,90,32,2,4,8cb13b4fb9c5d456833350f32210b4fd908bcd60c1e2ce877f7a104f72f580cf
gfx/interface/reopen_lobby.dds,holder,byte_identical_vanilla,slate,panel,True,redrawn_installed,105,23,1,6,90f0f99af2fe9116f95927053024a8e5236ea9ddc70529b10dd76036cd543be9
gfx/interface/reorganize_airwings_bottom.dds,holder,byte_identical_vanilla,neutral,panel,True,redrawn_installed,609,55,1,0,30e3a4d3bb4530e2ae85c7900e75b1898549d0e2791b8a359b791bec7004e079
gfx/interface/reorganize_airwings_new_wing_entry.dds,composite,byte_identical_vanilla,neutral,control,True,redrawn_installed,308,45,1,1,8ba7c4b44ff9a6c221548b3f66b16158c7f24eba01396c5b9a3bd2e9276506e5
gfx/interface/reorganize_airwings_win_top.dds,holder,byte_identical_vanilla,neutral,panel,True,redrawn_installed,606,98,1,0,a3ab28e47d117d2ea08e8d3db35acc54fa3c7dbe45eec7ce26c5b2910241939c
gfx/interface/reorganize_wing_entry.dds,composite,byte_identical_vanilla,neutral,control,True,redrawn_installed,265,74,1,0,ba0dca6aa688cb6a9641f97738a2e41ebf66a8e2d6fa1249842b08acf8c8a8c9
gfx/interface/request_expeditionaries_total_bg.dds,holder,byte_identical_vanilla,neutral,panel,True,redrawn_installed,388,53,1,4,5aa54c5d327564e1bdd272050faabb5fda4511778139cc23e1e5f94a151ca27b
gfx/interface/request_lendlease_big_bg.dds,holder,byte_identical_vanilla,neutral,panel,True,redrawn_installed,486,71,1,4,225f7d1aa9b95a75651b6cacfd4809d189d95744ed86252b80bcd91d95aa89dc
gfx/interface/research_folder_strip.dds,composite,byte_identical_vanilla,neutral,panel,True,redrawn_installed,624,52,12,12,c97f27b15369e30eebebdb9f594765d207d5945fd8674a2a7bd5a47606b435ec
gfx/interface/research_progressbar_frame.dds,holder,byte_identical_vanilla,neutral,frame,True,redrawn_installed,383,10,1,10,7b3c669167185cfa5bf9f3cfde829752d31fcd8704d1e1dc89acf8f0d2e34e35
gfx/interface/research_top_win.dds,holder,byte_identical_vanilla,neutral,panel,True,redrawn_installed,548,138,1,4,e985eaa6f27705b1905886bcebfa892bfe91f04710b8f2707381c001695412e6
gfx/interface/researching_anim_strip.dds,holder,resolved_moved_installed_resource,neutral,panel,True,redrawn_installed,1647,84,9,0,79c67f3089ef5ef8c8aa99f3c9db9c36a14d68df71a75de57e54c6b1b91093d3
gfx/interface/resource_item_bg.dds,holder,byte_identical_vanilla,neutral,control,True,redrawn_installed,70,30,1,8,73f4f6639d1f86038f3cf9fbefc3db7c666c4d05b2f14e1396375f31e6a6412f
gfx/interface/resources_checkbox.dds,composite,byte_identical_vanilla,neutral,control,True,redrawn_installed,90,32,2,4,8604d2e6af1e040ec78cec5a6b95d0dc867af68b2ac204bcd98cdf4777ff8d99
gfx/interface/return_btn.dds,composite,byte_identical_vanilla,neutral,control,True,redrawn_installed,27,27,1,0,13461049fd54eb26a8c40cde60d42cd6a74415616b996ad2c94a32e394b11122
gfx/interface/save_game_disconnected.dds,composite,byte_identical_vanilla,neutral,panel,True,redrawn_installed,123,34,1,0,96c25c94735de626eb01aa72ed9bd6815b67a4258d4fe2acc86c190002d5e3c1
gfx/interface/save_load_entry_bg.dds,holder,byte_identical_vanilla,neutral,control,True,redrawn_installed,280,40,1,2,187fb0dacbd5225b3e1baac990712e937bb8b90dd144dd0c1fdc4855dd0660bd
gfx/interface/save_load_file_disconnected_3frames.dds,composite,byte_identical_vanilla,neutral,frame,True,redrawn_installed,369,34,3,32,1232b80af82cbfa209f591ab5e1aeabb51ef6f6bdadf5665e401f7bdcc7bdbe0
gfx/interface/screen_ships_checkbox.dds,composite,byte_identical_vanilla,neutral,control,True,redrawn_installed,90,32,2,8,9ae4bdeb5fbb87b33553ba26b18b8df92fcca1c59c536a8521ba6cc12d4dd02c
gfx/interface/scripted_gui_graphics/add_pol_idea_button.dds,composite,renamed_or_moved_identical_vanilla,neutral,control,True,redrawn_installed,63,63,1,16,1a64ec8ac1f45bc62d5db6a85041b8def9543ff988af5fa9b5a41d64929cd815
gfx/interface/scripted_gui_graphics/close_button.dds,composite,unresolved_origin,neutral,control,True,redrawn_installed,50,50,1,0,d81b58a5cff1a6af732d3accc19d822962e50aa4c7fe6b995acf5f0a7b66e788
gfx/interface/scripted_gui_graphics/scripted_gui_background.dds,holder,unresolved_origin,neutral,panel,True,redrawn_installed,800,600,1,0,8482e6aff40547d87e373993a2ef88ce5590f1e4a9fd336c01544a6adf57dc09
gfx/interface/scripted_gui_graphics/select_advisor.dds,composite,renamed_or_moved_identical_vanilla,neutral,panel,True,redrawn_installed,63,66,1,0,da9b2e550625192c47cf898e581147769855880aeda228ca8b1e93b4dc73a8ee
gfx/interface/scroll_left_gold.dds,composite,byte_identical_vanilla,neutral,panel,True,redrawn_installed,22,27,1,8,32783b93d052afd6748a8bd0a7a7e2e926aa03f5cfa8acbbe14036c074a9e58d
gfx/interface/scroll_right_gold.dds,composite,byte_identical_vanilla,neutral,panel,True,redrawn_installed,22,27,1,8,3132ce3c8b3651fd8535cbcf0bdebf66f133d29758a5a356bd387c4e9f71a052
gfx/interface/scroll_track.dds,holder,byte_identical_vanilla,neutral,panel,True,redrawn_installed,12,12,1,40,2864cefec0a0b00670c61cdb8a144b2cb91195327c3ba50f1e7f93e5b4d2aea7
gfx/interface/scroll_track_horisontal.dds,holder,byte_identical_vanilla,neutral,panel,True,redrawn_installed,12,12,1,28,2864cefec0a0b00670c61cdb8a144b2cb91195327c3ba50f1e7f93e5b4d2aea7
gfx/interface/scrollbar_horisontal_bg.dds,holder,byte_identical_vanilla,neutral,rail,True,redrawn_installed,156,18,1,4,bef869a2ac0da52c0830f8304a4ef2ad528f5efa956a7ee301e53adf711bacca
gfx/interface/scrollbar_leftbutton.dds,composite,byte_identical_vanilla,neutral,rail,True,redrawn_installed,92,21,4,18,34898420b2bdcbde3d4b08defcfe51b001cc4248a734f4352768b13a8c277a6b
gfx/interface/scrollbar_rightbutton.dds,composite,byte_identical_vanilla,neutral,rail,True,redrawn_installed,92,21,4,18,bba668224e276bc8fc7ec24cabba83d3ce40b6d6e1d2eb4706ae3e67b88273e9
gfx/interface/scrollbar_slider.dds,holder,byte_identical_vanilla,neutral,rail,True,redrawn_installed,64,16,4,0,fc145ffefe2ffa524db11bc622bf3925b06ef37cf80ffc7815cf970c50e181d6
gfx/interface/scrollbar_slider_2.dds,holder,byte_identical_vanilla,neutral,rail,True,redrawn_installed,64,16,4,16,a150480a1a579475cc17fdde48cfc159672ca832fe974d07a2a5f3b418f62e64
gfx/interface/scrollbar_sliderbackground_line.dds,holder,byte_identical_vanilla,neutral,rail,True,redrawn_installed,16,16,1,0,cea3fe9f715c36f81cdba34a99d69c5abe9ac97cd98c75fb5e0f998d8d727bea
gfx/interface/scrollbar_vertical_bg.dds,holder,byte_identical_vanilla,neutral,rail,True,redrawn_installed,18,156,1,28,8c7dc9c74d8535bc90aa274a1b35bf65a52a836415d29256b94e7ad04e645478
gfx/interface/select_all_armylist_btn.dds,holder,byte_identical_vanilla,neutral,control,True,redrawn_installed,136,23,1,2,fe7620525623d3fa4f156dde418264ae7ad13e8fed91b9a6a8accc3b7d8304df
gfx/interface/select_half.dds,composite,byte_identical_vanilla,neutral,panel,True,redrawn_installed,31,31,1,8,f50da5a854762fced57e0d3a29ecd5dba703d43e75fd19984a070b6adbdabd16
gfx/interface/send_units_entry_bg.dds,holder,byte_identical_vanilla,neutral,control,True,redrawn_installed,978,38,2,4,6ea96036b24adfc0aee468ee95a090668e8abd6dd3ffc2b830c047566e306df6
gfx/interface/set_need_amount_button.dds,composite,byte_identical_vanilla,neutral,control,True,redrawn_installed,46,46,1,4,403741c3ec6e417d4225e73a0b878bfc806869bd6729f414831d1958f7dc8ca0
gfx/interface/settings_popup_bg.dds,holder,byte_identical_vanilla,neutral,panel,True,redrawn_installed,480,527,1,1,e3bd78578029e5f2c942b024fc32e8b7787b21e53b00223af25ea8a6936a04b6
gfx/interface/ship_history_bg.dds,holder,byte_identical_vanilla,paper,panel,True,redrawn_installed,553,207,1,8,73f10bf8d38a0fd6ba43e6ba4ebc25430b545ecd89bfd09b34e3a9dc24d92aec
gfx/interface/ship_missile_launcher_comp_button.dds,composite,byte_identical_vanilla,neutral,control,True,redrawn_installed,33,33,1,0,a8dc526db767ccdf60c783e6a75bb2a4cd5b4551252827e8718ff95fe9109672
gfx/interface/ship_name_list_item_bg.dds,holder,byte_identical_vanilla,neutral,control,True,redrawn_installed,336,35,1,8,b099aaf52577f512c501478379a6f336792bb5ff5fd295d7609d89a903a64460
gfx/interface/singleplayer_menu.dds,holder,byte_identical_vanilla,neutral,panel,True,redrawn_installed,257,377,1,0,7f518f57d36bb2b79c326191132b32f6e0f7d1ca0fe1514da648aa7bf3734d64
gfx/interface/slider_202.dds,holder,byte_identical_vanilla,neutral,rail,True,redrawn_installed,202,41,1,0,ee378472e652d83bca15677c15070a99680bd6f3a1418390dddd229e82035bd7
gfx/interface/slider_bg.dds,holder,byte_identical_vanilla,neutral,rail,True,redrawn_installed,404,42,1,12,b390f59461ede762c1f71760c2cb75921b4157e846db2de73c0bf1878cb9596a
gfx/interface/slider_small_bg.dds,holder,byte_identical_vanilla,neutral,rail,True,redrawn_installed,244,37,1,1,d079a25cb21c3f054a5e56005a7bb73d7fd31cdd0df5c054c2f8937790704037
gfx/interface/slider_small_focus_bg.dds,holder,byte_identical_vanilla,slate,rail,True,redrawn_installed,145,37,1,0,9a34c5ed6055e74ddbabfd65566d5615c350f6f54678784066a629cd6e356611
gfx/interface/small_button_71x26.dds,holder,byte_identical_vanilla,neutral,control,True,redrawn_installed,71,26,1,26,533eed064cd7a7be39bdd5c3c9a93565a886c7d930a11a6a123ad80ccefe0ee3
gfx/interface/small_flag_frame_selectable.dds,holder,byte_identical_vanilla,neutral,frame,True,redrawn_installed,102,36,2,1,ff34b283e566406f3368afec6c62b05c66309f2f7eea99a85f07d0309a49b29b
gfx/interface/small_flag_frame_thin.dds,holder,byte_identical_vanilla,neutral,frame,True,redrawn_installed,47,32,1,20,eb343c017f281502afbe0e4c2b2bd06151aeff03a9e7f5635473f68b25e8e4b4
gfx/interface/small_flag_frame_thin2.dds,holder,byte_identical_vanilla,neutral,frame,True,redrawn_installed,51,36,1,17,eab9c781c1f008df5cf3075e1de10a93ada3e536fca82313019144c5994562ab
gfx/interface/small_flag_frame_thin2_gold.dds,holder,byte_identical_vanilla,neutral,frame,True,redrawn_installed,51,36,1,2,eab9c781c1f008df5cf3075e1de10a93ada3e536fca82313019144c5994562ab
gfx/interface/small_pol_piechart_frame.dds,holder,byte_identical_vanilla,neutral,frame,True,redrawn_installed,67,68,1,4,971fd85965abd6bb60d79ec72a208bc47674a139b1c5b78d0778f3d3c74d148a
gfx/interface/small_tiles_dialog.dds,holder,byte_identical_vanilla,slate,panel,True,redrawn_installed,26,26,1,4,2e5e5dd9f1d1912e853e21521f07e9f0e9828fe156982b40c61ebc6f647746bf
gfx/interface/social/social_friend_button.dds,composite,byte_identical_vanilla,neutral,control,True,redrawn_installed,945,57,3,1,562b65b13602bc9cf9c1330b6d4f0354bd8e7c08598ddab8f928da8fc0193abf
gfx/interface/social/social_friendlist_button.dds,composite,byte_identical_vanilla,neutral,control,True,redrawn_installed,948,69,3,1,ec49cd3d505aa97485ca3abb6680ac1f274fcdc144c89cb1ccc769e794d09b0f
gfx/interface/social/social_popup_background.dds,holder,byte_identical_vanilla,neutral,panel,True,redrawn_installed,20,20,1,1,b619b6a64bc703a3ed4aa26fc624d874c4d9b50f7e1783aef05d511ea656639f
gfx/interface/softness_ratio_frame.dds,holder,byte_identical_vanilla,neutral,frame,True,redrawn_installed,207,27,1,3,2133bdefe06debc579d9a14dca093c143fd09648957a1556f1d495b7056c2b77
gfx/interface/sort_134.dds,holder,byte_identical_vanilla,neutral,panel,True,redrawn_installed,134,23,1,1,cbd2caf3f7e9e2738b1ec4a6d83ad3509953d048f164e9ae3e9a26cb9d4dc9db
gfx/interface/sort_160.dds,holder,byte_identical_vanilla,neutral,panel,True,redrawn_installed,160,24,1,4,edcdf103f818b5b4818b75b0184de5a08b4ec2d3392d577b6678a64e10e876fb
gfx/interface/sort_242.dds,holder,byte_identical_vanilla,neutral,panel,True,redrawn_installed,231,22,1,0,7dfd7d7b26287987b5cfc3c97fd0fae3a92822ba390ebdaa04693cda2f1c7af6
gfx/interface/sort_246.dds,holder,byte_identical_vanilla,neutral,panel,True,redrawn_installed,247,23,1,2,1bd2150ceb4877161bc2d5032d8b791e776e37aaf05d58df80d56a3b0b25e27d
gfx/interface/sort_247.dds,holder,byte_identical_vanilla,neutral,panel,True,redrawn_installed,247,22,1,0,a747409c24d610131af6e44b6b12c24c9f06dd1ebac9541d09b8f59c2f4dc6ef
gfx/interface/sort_68.dds,holder,byte_identical_vanilla,neutral,panel,True,redrawn_installed,68,23,1,0,a8b9b1b7102e843db1622633da75b79b3f77a8cec0ef57a9d2413314abddd6c5
gfx/interface/sort_75.dds,holder,byte_identical_vanilla,neutral,panel,True,redrawn_installed,75,23,1,0,02e7c2f2f3dc5d889dd95f781a24cf67cb4b7abf2363aa8d9bdd8b327c307ab9
gfx/interface/sort_81.dds,holder,byte_identical_vanilla,neutral,panel,True,redrawn_installed,81,22,1,0,270cd9af9d34e02c436ae4dbefa8eac8bad260394ff5c90b6a440c099ec34aef
gfx/interface/sort_89.dds,holder,byte_identical_vanilla,neutral,panel,True,redrawn_installed,89,23,1,4,95bea799482fc2eb1fea36acfe4407cf491d3d0c5a88a2807ace4f6f4450325f
gfx/interface/sort_button_100x29.dds,holder,byte_identical_vanilla,neutral,control,True,redrawn_installed,200,29,2,2,6730344f9b1e9245d827cc05702db9da3edba18930527ac9879a4bd00451b701
gfx/interface/sort_button_100x29_2.dds,composite,byte_identical_vanilla,neutral,control,True,redrawn_installed,200,29,2,38,213872aa5b6231fd6a1758fe79b849c007134dd9e20157ab6977a14062da004f
gfx/interface/sort_button_120x29.png,composite,inherited_vanilla,neutral,control,True,redrawn_installed,240,29,2,0,3bb15eb02f3c4cfcfaa3b2972509e23ab7b0b790f311cf8d94e44cd3b2a8efed
gfx/interface/sort_button_140x29.dds,holder,byte_identical_vanilla,neutral,control,True,redrawn_installed,280,29,2,16,0984787d6bdab0214223787090f22dbf18b50cf2483ace79cdbe236851089c2f
gfx/interface/sort_button_171x35.dds,holder,byte_identical_vanilla,neutral,control,True,redrawn_installed,338,32,2,4,200716866ae11fabef92f6ccc3641000b476f0f82c95000e82a8766469374510
gfx/interface/sort_button_202x29.dds,holder,byte_identical_vanilla,neutral,control,True,redrawn_installed,404,29,2,38,9f23b99c9da363d8a5aaa8c43383cc949efcb103ac45168499cadea9c0595de0
gfx/interface/sort_button_202x29_3_frames.dds,composite,byte_identical_vanilla,neutral,frame,True,redrawn_installed,606,29,3,8,155e84403efc14ef60820746ea2ab6a059f0c1aff115dc1f137a36e5eda2de28
gfx/interface/sort_button_428x29.dds,holder,byte_identical_vanilla,neutral,control,True,redrawn_installed,856,29,2,4,b44f1bd715a82936cae8adf0161a26a296d6b80d2de9fccf496ec6480e9f3b98
gfx/interface/sort_button_83x29.dds,holder,byte_identical_vanilla,neutral,control,True,redrawn_installed,166,29,2,12,9660ea327d6b1594b7621868cc23322dee1d705747372b2489b0bbaa9b619250
gfx/interface/sort_up_down_button_83x29.dds,holder,byte_identical_vanilla,neutral,control,True,redrawn_installed,249,29,3,60,0d3b81f7f60182ca43fbe0534346eaec88a8dfc8976fa40b686a39532842780a
gfx/interface/SOV_government_graphics/select_advisor.dds,composite,renamed_or_moved_identical_vanilla,neutral,panel,True,redrawn_installed,63,66,1,0,da9b2e550625192c47cf898e581147769855880aeda228ca8b1e93b4dc73a8ee
gfx/interface/special_project/blueprint_bg_straight.dds,holder,byte_identical_vanilla,neutral,panel,True,redrawn_installed,161,98,1,2,431588a8c3a063e70dd132ebb45fb854210a4a75f7f9c6ab2c3a5278292f1860
gfx/interface/special_project/breakthrough_progressbar_frame.dds,holder,byte_identical_vanilla,neutral,frame,True,redrawn_installed,66,15,1,1,71a7c8543d0e77cb00c7b3a870b96ccf539848c83e8f4da8cfcf54e02a193822
gfx/interface/special_project/cabinet_scrollbar.dds,holder,byte_identical_vanilla,neutral,rail,True,redrawn_installed,18,150,1,2,0c4ac45756f3c05cb7dc41a9041b205f7d9374e328e510a8e1776b261b16a4e6
gfx/interface/special_project/history_background_cabinet_410.dds,holder,byte_identical_vanilla,neutral,panel,True,redrawn_installed,460,508,1,1,490cd2d49dcada83030d4a887485a062053138e466c6552dcc8672a7b7bfd57d
gfx/interface/special_project/history_button_cabinet_front.dds,holder,byte_identical_vanilla,neutral,control,True,redrawn_installed,284,64,1,0,ff9bb7f5aae4084d95549b4af8f395cbc939d3a4ad35189c6c22f19f11bcc06f
gfx/interface/special_project/history_button_cabinet_front_410x130.dds,holder,byte_identical_vanilla,neutral,control,True,redrawn_installed,410,130,1,0,46ca6d389368cdd23cb0316456067312f37ea5f2c710fd2be3722f96cc228056
gfx/interface/special_project/history_button_cabinet_front_410x70.dds,holder,byte_identical_vanilla,neutral,control,True,redrawn_installed,410,70,1,1,d6a9201c9f2b413413b26c221b3166c549bc4faaa5ba7aff3989609db8898747
gfx/interface/special_project/project_output_bg.dds,holder,byte_identical_vanilla,paper,panel,True,redrawn_installed,585,350,1,1,fc124b17f2f72d85e10baa7eeb3533f5a72576504b539bb6bb86e4ddbc40e6af
gfx/interface/special_project/project_progress_info_bg.dds,holder,byte_identical_vanilla,paper,header,True,redrawn_installed,219,140,1,1,b87aa8008ecf9624a1fa5c9995922971c7af07bed22c3ee030847c5e09008c37
gfx/interface/special_project/project_roster_bg.dds,holder,byte_identical_vanilla,paper,panel,True,redrawn_installed,853,605,1,0,64fbc0921754309aacdbcd0e03b08768e50f5cd860d93cc5492a982c61a6a9f8
gfx/interface/special_project/projects_bg.dds,holder,byte_identical_vanilla,paper,panel,True,redrawn_installed,723,604,1,1,ddac34442d3a4cc51b9ddf0422cb288a3d8105f7f9e466c29aad8ee5f6b86c2d
gfx/interface/special_project/scroll_drager.dds,holder,byte_identical_vanilla,neutral,panel,True,redrawn_installed,16,16,1,0,ceeeb189c73305c1efb70b993b8987ce1885cf05a92f7b39b8430facc34ad8fa
gfx/interface/special_project/sp_entry_bg.dds,holder,byte_identical_vanilla,paper,control,True,redrawn_installed,513,137,1,1,fe2e45b2f0018ea80fef2893a074a46ed583dc823673e9e766fbb0bc4b596537
gfx/interface/special_project/sp_facility_button.dds,composite,byte_identical_vanilla,neutral,control,True,redrawn_installed,777,45,3,0,13fa69dfea3cc18a89a29671db946f9763bdc6c2d9234055d0deaaf07c348854
gfx/interface/special_project/sp_facility_card_bg.dds,holder,byte_identical_vanilla,paper,panel,True,redrawn_installed,1034,207,2,1,4a127f5082f462a29b25f2288569f642d6d33ba4803d925f744b19e4a9efaaa9
gfx/interface/special_project/sp_reward_choices_button.dds,composite,byte_identical_vanilla,paper,control,True,redrawn_installed,340,90,2,1,b4d4f9c9f17c0e36edf8aaa16f2360bfcd6f26004e5b392611acf849c50eaf75
gfx/interface/special_project/sp_select_scientists_bg_strip.dds,holder,byte_identical_vanilla,paper,panel,True,redrawn_installed,1500,100,3,1,088f40266bd7b703f3e15a90de30348e5fc56645b80053ab703a9604e2024a5e
gfx/interface/special_project/sp_top_bg.dds,holder,byte_identical_vanilla,neutral,panel,True,redrawn_installed,525,256,1,1,1730f48d0001c119e9caa319d6ca5105cd3fd139b07f85b2cd87c29c95c3bb9b
gfx/interface/spy_entry_bg.dds,holder,byte_identical_vanilla,neutral,control,True,redrawn_installed,974,55,2,0,226e8b44b9672017a746cf0f4536213860daa43a17982b751d465b0a2edcf6d3
gfx/interface/standard_button_88.dds,holder,byte_identical_vanilla,neutral,control,True,redrawn_installed,88,32,1,0,973c7a3d435c73ea9a92c44df017301280062e745514cd8974d97e52badc5b3e
gfx/interface/stateview/building_entry_stateview.dds,composite,byte_identical_vanilla,neutral,control,True,redrawn_installed,110,50,1,0,061ece606eee396046753ad684280275e792adb3683a4ba0847f8ac5aba653d0
gfx/interface/stateview/building_standing_entry_stateview.dds,composite,byte_identical_vanilla,neutral,control,True,redrawn_installed,61,100,1,0,8769878730586302cfca3541c9fc92cdce20a2482c82cade8732f66d15d176b2
gfx/interface/stateview/destroy_railway.dds,composite,byte_identical_vanilla,neutral,panel,True,redrawn_installed,36,35,1,4,7f992268ac6ae915c79e7e3aa3701b50d9cc889a3645aa2b48170c26cab2d128
gfx/interface/stateview/generic_text_bg_48.dds,holder,byte_identical_vanilla,neutral,panel,True,redrawn_installed,50,28,1,8,dff336f89007f08e655e2c45963eda815bcac9ac90f088f4e6c49a112f2c8a0c
gfx/interface/stateview/province_landmark_bg.dds,holder,byte_identical_vanilla,neutral,panel,True,redrawn_installed,50,43,1,4,17a427ba8b6dcc366cf674b55e379b7eeec1d62148c7710fae2a25c26bffa8f7
gfx/interface/stateview/stateview_bg.dds,holder,byte_identical_vanilla,neutral,panel,True,redrawn_installed,463,542,1,0,e9b13e0c3b73be123695f3309395025ba12558d1b7853f7d512ca8325fb0598b
gfx/interface/stateview/ww_building_standing_entry_stateview.dds,composite,byte_identical_vanilla,neutral,control,True,redrawn_installed,62,84,1,8,8787fe4d589377a4c27fe8bce6e82f6d22356c81ac863b84db191f7e098ded16
gfx/interface/stateview/ww_stateview_bg.dds,holder,byte_identical_vanilla,neutral,panel,True,redrawn_installed,463,653,1,4,7e9cb41313f40992ccd5da3acf43fd7f1c09158a2b0fc257ffcaca3f6243dd09
gfx/interface/stateview_nuke_button.dds,composite,byte_identical_vanilla,neutral,control,True,redrawn_installed,82,56,1,0,634d674571701bff6974c43cfb5f1ce3181c46d5faa6f901d57013843d63152e
gfx/interface/stateview_resistance_button.dds,composite,byte_identical_vanilla,neutral,control,True,redrawn_installed,33,34,1,0,04fbed5ac1cf6bb559df227608a8a1e3d271aa10929fab94c620112df44a8932
gfx/interface/stockpile_button.dds,holder,byte_identical_vanilla,neutral,control,True,redrawn_installed,71,26,1,0,608f0b6affbd0732dda7a3cc4bd88e5f69a7013d0598b122f647eb3121eb147d
gfx/interface/stockpile_maximum_button.dds,composite,byte_identical_vanilla,neutral,control,True,redrawn_installed,48,24,2,0,8e30e70cfdb005900f5664f573ddc169694e777d2e3f04f790112089985adaeb
gfx/interface/stockpiling_checkbox.dds,composite,byte_identical_vanilla,neutral,control,True,redrawn_installed,90,32,2,4,fec795ed97bd07f1d886f6c9b45012cd4057c14c4b9787535cb5c25ea9f8c22f
gfx/interface/stop_training_leadergroup_button.dds,holder,byte_identical_vanilla,neutral,control,True,redrawn_installed,164,29,2,2,3238f368cf0e1334a86f86cf54f124d98b7c95addada184531e24d3dea49d9d4
gfx/interface/strategicair/add_mission.dds,holder,byte_identical_vanilla,neutral,panel,True,redrawn_installed,512,207,1,0,8c3d85ec34c4870d1b50032ddd01eacc712a8558e507b5eafbe7d5690c4847e8
gfx/interface/strategicair/add_to_air_group.dds,composite,byte_identical_vanilla,neutral,panel,True,redrawn_installed,31,31,1,1,8e5a53342ce9701ba8a3f3a6111e62f9e21de335501b3881f80a2a9cfdf8acdd
gfx/interface/strategicair/aggressivness_btn.dds,composite,byte_identical_vanilla,neutral,control,True,redrawn_installed,186,31,6,0,40456ae8ed4dc94ebb5cf7a5050987f3bbff93590f2e322d6c74cfcd4e0426c9
gfx/interface/strategicair/air_progress_frame.dds,holder,byte_identical_vanilla,neutral,frame,True,redrawn_installed,256,20,1,1,595d7dcf97060c3c1d090b6a28dcd7d0c2a6f35d2289898b9245d76c6b750f51
gfx/interface/strategicair/air_target_icon.dds,composite,byte_identical_vanilla,neutral,panel,True,redrawn_installed,62,31,2,4,087962a3b839b11695295f279adbdc7de275fc0a39608e5e61bdfae1ee6ad07c
gfx/interface/strategicair/air_weather_frame.dds,holder,byte_identical_vanilla,neutral,frame,True,redrawn_installed,252,52,1,1,fae8ecaa451ebc4a180eb30a5f3df69405dcd65f455d7bb5cd9556d8fff0e044
gfx/interface/strategicair/base_bg.dds,holder,byte_identical_vanilla,neutral,panel,True,redrawn_installed,997,27,2,0,0a9d63a062f260da7158d38a57438d2fa63005b467748565cd7ced9e418de4d0
gfx/interface/strategicair/base_bg_glow.dds,holder,byte_identical_vanilla,neutral,panel,True,redrawn_installed,997,27,2,0,2b94be97a6ee9173373de17e6d370286bb7de15b2d2d5160d01337f10a242bd4
gfx/interface/strategicair/day_night.dds,composite,byte_identical_vanilla,neutral,panel,True,redrawn_installed,186,31,6,2,c3a140c879226e8340b8a0c8fe6a9c9f664ef06257ef1166c407c6a3abf37423
gfx/interface/strategicair/details_btn.dds,composite,byte_identical_vanilla,neutral,control,True,redrawn_installed,31,31,1,0,16006a2043eb55c2627115f64c341258a82770413428e289f0fe64b9d2a0c482
gfx/interface/strategicair/details_channel_btn.png,holder,inherited_vanilla,neutral,control,True,redrawn_installed,436,24,2,0,e853ca73b58f7e4d09d2ca7f0502767b5e2627273a732bc8d3af44e98de52f26
gfx/interface/strategicair/details_linechart_bg.dds,holder,byte_identical_vanilla,paper,panel,True,redrawn_installed,225,151,1,4,a54055bf797a57f226028e40159db2ce6fc49a0313412bdf0f80e5a6fc7c5fc2
gfx/interface/strategicair/expand.dds,composite,byte_identical_vanilla,neutral,panel,True,redrawn_installed,38,19,2,5,0bf7dbe98b311989c49066858452fa22c76fef4455a03cb1fa83d51266dfea9f
gfx/interface/strategicair/mapicon_air_supply.dds,composite,byte_identical_vanilla,neutral,panel,True,redrawn_installed,129,38,3,1,33bcd85e1697dbe47bebb8a78aca3e21e0ac15b313e0d36573b90f3e29676bbc
gfx/interface/strategicair/mission_bt_checkbox_bg.dds,composite,byte_identical_vanilla,neutral,control,True,redrawn_installed,188,34,4,10,8dc643fc64588944cc182d32962daf7b4ef97e91a440fb766af6ba2dffb77fac
gfx/interface/strategicair/mission_btn_bg.dds,composite,byte_identical_vanilla,neutral,control,True,redrawn_installed,188,34,4,21,e4039a3d154712f27296d231c2b5e514328efc05cec45bb5a9a93da84619af01
gfx/interface/strategicair/mission_cancel.dds,composite,byte_identical_vanilla,neutral,panel,True,redrawn_installed,26,26,1,0,5647348b16dc3f55b208aa25cece5a8764a160e36f89f5a71c24d39b6b272ea9
gfx/interface/strategicair/split_btn.dds,composite,byte_identical_vanilla,neutral,control,True,redrawn_installed,31,31,1,0,f6fe1c5fbbf19a7a317e70bc147bc14fd09dd2650dfb45947d355d16cd0ea886
gfx/interface/strategicair/strategic_air_bg.dds,holder,byte_identical_vanilla,neutral,panel,True,redrawn_installed,552,436,1,1,394cee81a22fdc75be5342bef7c9684d77c400fba9ac8ebe24c542217d2b65fe
gfx/interface/strategicair/strategicair_mission_airbase_bg.dds,holder,byte_identical_vanilla,neutral,panel,True,redrawn_installed,150,20,1,0,7bd1f1756d0fea8525d44e8fc6f59ffdae0631adef3fae600e3d318f83e9aef1
gfx/interface/strategicair/strategicair_mission_bg.dds,holder,byte_identical_vanilla,neutral,panel,True,redrawn_installed,1542,47,3,0,4b1d08f51c3de84fe07e9ee79afe2fd8c4e51fad9065dd4c4a19ef055c23365d
gfx/interface/strategicair/strategicair_warehouse_bg.dds,holder,byte_identical_vanilla,neutral,panel,True,redrawn_installed,484,29,1,0,23318bf340205e1c8b058aea28899196dff61738ece28f3f3763ba1546119bf8
gfx/interface/strategicair/wing_bg.dds,holder,byte_identical_vanilla,neutral,panel,True,redrawn_installed,765,40,3,0,74732a119bc05b564856f921cb38449d66bf1f51e186f7fdffca44a99a89f4b8
gfx/interface/strategicair/wing_pool_bg.dds,holder,byte_identical_vanilla,neutral,panel,True,redrawn_installed,290,21,1,0,578b0d0a463266eb63ef6f58e056e07ca9bb891adaf79ea3044a7cbfd48e0057
gfx/interface/strategicnavy/naval_access_rule.dds,composite,byte_identical_vanilla,neutral,panel,True,redrawn_installed,93,33,3,4,d2267e30ca73c2180e51fb1561a069605a34a5d324a73434229db5e5f6e50076
gfx/interface/strategicnavy/naval_region_bg.dds,holder,byte_identical_vanilla,neutral,panel,True,redrawn_installed,433,300,1,1,933d149e45136e677d4929526294d0778f9263acb2bf4ee08ef6201f313b3455
gfx/interface/strategicnavy/naval_region_convoys_icon.dds,composite,byte_identical_vanilla,neutral,panel,True,redrawn_installed,109,33,1,1,55d4b125975407e94c38aa8d5cdf1da41a106650187981567c58d76678f70616
gfx/interface/strategicnavy/naval_region_dominance_header_bg.dds,holder,byte_identical_vanilla,neutral,header,True,redrawn_installed,414,37,1,1,bbfd0a415a5e24a28aef90d64cb8e4db1585fcf97bfd512e70e10810ac0c89b6
gfx/interface/strategicnavy/naval_region_enemy_convoys_icon.dds,composite,byte_identical_vanilla,neutral,panel,True,redrawn_installed,109,33,1,1,8935c85d346bbf389f47cb68cd555d038c6bea8dc5afa6626e53edb940c5711f
gfx/interface/strategicnavy/naval_region_enemy_mine_icon.dds,composite,byte_identical_vanilla,neutral,panel,True,redrawn_installed,86,33,1,1,9870d5ced9a3b9b061882152019f02432ced37693abdb9f4f10e734b63d406f5
gfx/interface/strategicnavy/naval_region_enemy_plane_icon.dds,composite,byte_identical_vanilla,neutral,panel,True,redrawn_installed,86,33,1,1,75b79065d7acf2ca068e8372ab7305109f3a5ac3089286db722ab8906665e671
gfx/interface/strategicnavy/naval_region_enemy_ship_icon.dds,composite,byte_identical_vanilla,neutral,panel,True,redrawn_installed,109,33,1,1,5ffc02c9ffbec818b9206a60f9dac21cadaaef5ccf58ad98b76b4746823230fe
gfx/interface/strategicnavy/naval_region_header.dds,holder,byte_identical_vanilla,neutral,header,True,redrawn_installed,435,62,1,1,189c45d2f75ce175f11324e9eaac44dc53ac13c792d6b050961c138f40d47f81
gfx/interface/strategicnavy/naval_region_mine_icon.dds,composite,byte_identical_vanilla,neutral,panel,True,redrawn_installed,86,33,1,1,5d7a225c857ca875562bd95d15b9c0ac28ff2990ecbc0260237f354843d02380
gfx/interface/strategicnavy/naval_region_plane_icon.dds,composite,byte_identical_vanilla,neutral,panel,True,redrawn_installed,86,33,1,1,f92f48e889c3743f2bc49ae2f7ec6f991fb17fdd06c9b1a1e477026bdd1ae8fa
gfx/interface/strategicnavy/naval_region_ship_icon.dds,composite,byte_identical_vanilla,neutral,panel,True,redrawn_installed,109,33,1,1,5bacc87c0e336208838a3937871dfa76449245cb96b9f61f990c97a8d2c5a701
gfx/interface/strategicnavy/progress_frame.dds,holder,byte_identical_vanilla,neutral,frame,True,redrawn_installed,191,20,1,1,f7fcef330ceea1db421515960453e42b3923d80a642fcfd0b03a78bf44484810
gfx/interface/sub/startup/subscription_startup_button.dds,composite,byte_identical_vanilla,neutral,control,True,redrawn_installed,221,34,1,1,26c326981ce66c2714004d5e3ea23e5462714cb50ef88cb2bbbebbdaa920949e
gfx/interface/subtech_air_techs_currently_researching_item_bg.dds,holder,resolved_moved_installed_resource,neutral,control,True,redrawn_installed,74,33,2,0,3145afda62fb8d85ce6ddda0655d35174dec19a13cc7b31d08607f77f1cff471
gfx/interface/subtech_carrier_plane_available_item_bg.dds,holder,byte_identical_vanilla,neutral,control,True,redrawn_installed,37,33,1,0,0a5ef07bc2c696324f9dedb4f137be6f254821fd14a06c8fc690ae61dbb7007f
gfx/interface/subtech_carrier_plane_bg.dds,holder,byte_identical_vanilla,neutral,panel,True,redrawn_installed,35,31,1,8,632bd1ca46683140dcdf38efd831beadbdea7c7b5c1e2bdc94671aa3af26f069
gfx/interface/subtech_carrier_plane_currently_researching_item_bg.dds,holder,byte_identical_vanilla,neutral,control,True,redrawn_installed,74,33,1,0,ec75236a43f82246f23cb92fdb80a60a0f04e0aced8de328cfdf93a240b4ad71
gfx/interface/subtech_carrier_plane_researched_item_bg.dds,holder,byte_identical_vanilla,neutral,control,True,redrawn_installed,37,33,1,0,0a5ef07bc2c696324f9dedb4f137be6f254821fd14a06c8fc690ae61dbb7007f
gfx/interface/subtech_carrier_plane_unavailable_item_bg.dds,holder,byte_identical_vanilla,neutral,control,True,redrawn_installed,37,33,1,0,cf5ab425fd57509475926f0b98c2e703ad373fb28a0935f15b9de8928a2051ac
gfx/interface/subtechnology_available_item_bg.dds,holder,byte_identical_vanilla,neutral,control,True,redrawn_installed,40,27,1,0,e2019c22a6bf899e71d684500da02a2e9af42a88291865d93c976eca00a0b184
gfx/interface/subtechnology_currently_researching_item_bg.dds,holder,byte_identical_vanilla,neutral,control,True,redrawn_installed,80,27,2,0,3171133b20705e3bd0d0fe5720bfb2ccd1a86d10efb23b658c5f192a9384b6f2
gfx/interface/subtechnology_researched_item_bg.dds,holder,byte_identical_vanilla,neutral,control,True,redrawn_installed,40,27,1,0,e2019c22a6bf899e71d684500da02a2e9af42a88291865d93c976eca00a0b184
gfx/interface/subtechnology_unavailable_item_bg.dds,holder,byte_identical_vanilla,neutral,control,True,redrawn_installed,40,27,1,48,b54f4fa01e4be44e64a0830b7c142acdc972923c7d6404e9389c586beb541be3
gfx/interface/subtract_10.dds,composite,byte_identical_vanilla,neutral,panel,True,redrawn_installed,25,25,1,42,fac6d0cacec51db694521614cd041ea962bb8680574f84d351ac9c00c8179bd3
gfx/interface/subtract_5.dds,composite,byte_identical_vanilla,neutral,panel,True,redrawn_installed,25,25,1,42,a6a172f27b76d9c04d3607b3c7e99f8e6f192158d9f5ac4c5edd9014a42fb69d
gfx/interface/subtract_one.dds,composite,byte_identical_vanilla,neutral,panel,True,redrawn_installed,25,25,1,52,5fc18c9390cd1149fd0c7e689eebec6a2d112cb9e729c62a9f264d0590721114
gfx/interface/subview_header_bg_300x101.dds,holder,byte_identical_vanilla,neutral,header,True,redrawn_installed,300,101,1,6,c4a04a25f25b88c19073ca76820d90f92bb43c32cecb2fdbda3664928c63aa07
gfx/interface/subview_header_bg_375x101.dds,holder,byte_identical_vanilla,neutral,header,True,redrawn_installed,375,101,1,4,d04695d4fb26343cd351240ff3ece1c5efe4f21ece045835728a9737aa58dd49
gfx/interface/sunk_ships_button.dds,composite,byte_identical_vanilla,neutral,control,True,redrawn_installed,37,36,1,10,4211271fcd39b67992bc86ec2b7a2cef3a01df21d61f0376c0fc2b06fa41cbbf
gfx/interface/surrender_progress_frame.dds,holder,byte_identical_vanilla,neutral,frame,True,redrawn_installed,144,8,1,2,abd2cbadbe0c666e77484348b38812c223e01ec962430f0556ec9d107981786b
gfx/interface/tab_large.dds,holder,byte_identical_vanilla,neutral,panel,True,redrawn_installed,516,42,2,20,d418dd3cc23d5743d66f9712e1958faa7c0cfd96a8183c1f24408dd4dec5d736
gfx/interface/tab_medium.dds,holder,byte_identical_vanilla,neutral,panel,True,redrawn_installed,420,34,2,0,e03ef1aa841ddb2fded8a124da85d08a083ebb49f4d2c95ac3768e93abc0fdda
gfx/interface/tab_settings.dds,holder,byte_identical_vanilla,neutral,panel,True,redrawn_installed,64,20,1,4,aec6c24e5db6d8abf6858221be412c5df656f6952728a3a647a697ff85f54d02
gfx/interface/tab_small_116.dds,holder,byte_identical_vanilla,neutral,panel,True,redrawn_installed,232,36,2,0,9d3ad520d141de8071a1ea056b3d68fcf9eb37a9dd124dddbde4d5365e278ba5
gfx/interface/tactics_list_entry_bg.dds,holder,byte_identical_vanilla,neutral,control,True,redrawn_installed,1770,94,5,2,fb8a89ad914444c0a424958ec722eb7a5198b746916408262bbeb87e807bcf0e
gfx/interface/tactics_list_view_bg.dds,holder,byte_identical_vanilla,neutral,panel,True,redrawn_installed,350,587,1,0,7c4554528abe95628254a8d49d56dc9cba843b1af3d4802b901e0d5ce4f49785
gfx/interface/task_force_comp_add_bg.dds,holder,byte_identical_vanilla,neutral,panel,True,redrawn_installed,493,49,1,1,a4c58ce740836216b6f1d9e80abf2bd79deab20408fc1083c6180a916392fee3
gfx/interface/task_force_comp_unit_bg.dds,holder,byte_identical_vanilla,neutral,panel,True,redrawn_installed,493,49,1,1,1970bff4037bdd17b0b68ae1023c5b731d32067da085e0e6ab7bb6615d74b77f
gfx/interface/tech_bonus.dds,composite,byte_identical_vanilla,neutral,panel,True,redrawn_installed,432,29,6,100,03db72906e34645b26aca6db67c3d86454a5698ad0ac43c5c2173a51e9f9307c
gfx/interface/technology_info_bg.dds,holder,resolved_moved_installed_resource,neutral,panel,True,redrawn_installed,508,517,1,0,59cb14ae7d552dab12ff552ead00c6cc720b65748c6d66334ac11e8da4853344
gfx/interface/techtree/icons/air_doctrine_folder_icon.dds,composite,byte_identical_vanilla,neutral,panel,True,redrawn_installed,91,61,1,0,06e96f34fa1cdcdb34cb0f2f0f66bb92576a64c47ade41376af7660332c0b3b2
gfx/interface/techtree/icons/air_techs_folder_icon.dds,composite,byte_identical_vanilla,neutral,panel,True,redrawn_installed,91,61,1,0,d29ddaf22953d9e9cabe2f2596fa8f71b7f03635ec38c6210b40551076aa7f87
gfx/interface/techtree/icons/armour_folder_icon.dds,composite,byte_identical_vanilla,neutral,panel,True,redrawn_installed,91,61,1,0,bb71a5b21b564ae21f813b89a0a15deb1d7f53569d0fd9a972d737dc44b8cad1
gfx/interface/techtree/icons/artillery_folder_icon.dds,composite,byte_identical_vanilla,neutral,panel,True,redrawn_installed,91,61,1,0,298ee1c885dddeec38de5275f3b754fbecf3354357b2f39df275bb6be83cf5e0
gfx/interface/techtree/icons/electronics_folder_icon.dds,composite,byte_identical_vanilla,neutral,panel,True,redrawn_installed,91,61,1,0,b02a914301094fedbd8ec21d382da1921da801b38498ecb25ccb44fc21c49c06
gfx/interface/techtree/icons/industry_folder_icon.dds,composite,byte_identical_vanilla,neutral,panel,True,redrawn_installed,91,61,1,0,3904f96da5cac4a84af0b5a882a6beadcd0a94d2bb791e298723ef2bc6b54a18
gfx/interface/techtree/icons/infantry_folder_icon.dds,composite,byte_identical_vanilla,neutral,panel,True,redrawn_installed,91,61,1,0,2d9d202eb4825e8b22b51197a00800e1cbfe1d4e77cdee7e0c9857e7cf5d34c5
gfx/interface/techtree/icons/land_doctrine_folder_icon.dds,composite,byte_identical_vanilla,neutral,panel,True,redrawn_installed,91,61,1,0,d69997c2efb30787c55c78bca3f4ff49ee40ca00f910611a3af33bd5bdeb8921
gfx/interface/techtree/icons/naval_doctrine_folder_icon.dds,composite,byte_identical_vanilla,neutral,panel,True,redrawn_installed,91,61,1,0,5ec138a876572dc0d1fc80f3819d4cf5b1c3c7cf7d175a991dce19c651d84ba3
gfx/interface/techtree/icons/naval_folder_icon.dds,composite,byte_identical_vanilla,neutral,panel,True,redrawn_installed,91,61,1,0,4529b19d69dda146f5cb21b9d4b101897a0279249ae0b5fb352e793d5c7d3b36
gfx/interface/techtree/icons/naval_support_folder_icon.dds,composite,byte_identical_vanilla,neutral,panel,True,redrawn_installed,91,61,1,0,5488c5e2251ebaf099f981bb4f3c11d3a4d9e2e8af6f2ea5eb41c40780afb8a6
gfx/interface/techtree/icons/support_folder_icon.dds,composite,byte_identical_vanilla,neutral,panel,True,redrawn_installed,91,61,1,0,dc6975513f9703cfa19b94f3c87e78967520f23b51e89240e4c8d038103a7e90
gfx/interface/techtree/researching_anim_strip.dds,holder,byte_identical_vanilla,neutral,panel,True,redrawn_installed,1647,84,9,0,79c67f3089ef5ef8c8aa99f3c9db9c36a14d68df71a75de57e54c6b1b91093d3
gfx/interface/techtree/tech_doctrine_available_item_bg.dds,holder,byte_identical_vanilla,neutral,control,True,redrawn_installed,72,72,1,4,bb34e066bc8132fa32f4f86a7634372b88fa09fe08c4f799c4e22eb47e70e3cd
gfx/interface/techtree/tech_doctrine_branch_item_bg.dds,holder,byte_identical_vanilla,neutral,control,True,redrawn_installed,72,72,1,0,bb34e066bc8132fa32f4f86a7634372b88fa09fe08c4f799c4e22eb47e70e3cd
gfx/interface/techtree/tech_doctrine_researching_anim_strip.dds,holder,byte_identical_vanilla,neutral,panel,True,redrawn_installed,648,72,9,0,217d0995b4571faa3eeb0c99ede769af2a5b946c90700141e1b4281ab82b3986
gfx/interface/techtree/tech_doctrine_unavailable_item_bg.dds,holder,byte_identical_vanilla,neutral,control,True,redrawn_installed,72,72,1,0,ce832b4e667f6ddab8b566393f1ac8869deb4b3fd60d9a64890e490f85b797f4
gfx/interface/techtree/tech_info_bg.dds,holder,byte_identical_vanilla,paper,panel,True,redrawn_installed,800,224,1,0,afe880a524f42c2c4154ec0634fd2b2170ae8598477f57caf361ef3905f943c9
gfx/interface/techtree/tech_landdoctrine_researched_item_bg.dds,holder,byte_identical_vanilla,neutral,control,True,redrawn_installed,72,72,1,0,bb34e066bc8132fa32f4f86a7634372b88fa09fe08c4f799c4e22eb47e70e3cd
gfx/interface/techtree/tech_naval_available_item_bg.dds,holder,byte_identical_vanilla,neutral,control,True,redrawn_installed,332,69,1,0,824bef0a269eb30eb6e4c43b9c59061d3038c708a6ed7ef021186ee42f06a252
gfx/interface/techtree/tech_naval_currently_researching_anim_strip.dds,holder,byte_identical_vanilla,neutral,panel,True,redrawn_installed,2988,69,9,0,e8e9884a3bc7e96a03bc4024455f3bd5eb917c7a899df5cbf56c55dd326bd62b
gfx/interface/techtree/tech_naval_currently_researching_item.dds,composite,byte_identical_vanilla,neutral,control,True,redrawn_installed,332,69,1,0,dceb6cb5783206c4347669f026f7f3e16968ca0a1a83b69b5adc4827476c6884
gfx/interface/techtree/tech_naval_researched_item_bg.dds,holder,byte_identical_vanilla,neutral,control,True,redrawn_installed,332,69,1,0,e44684b8f97ff3bf51ed472658236e52385d88162e5e54ddc8a3fb995148f58d
gfx/interface/techtree/tech_naval_unavailable_item_bg.dds,holder,byte_identical_vanilla,neutral,control,True,redrawn_installed,332,69,1,0,e44684b8f97ff3bf51ed472658236e52385d88162e5e54ddc8a3fb995148f58d
gfx/interface/techtree/technology_available_item_bg.dds,holder,byte_identical_vanilla,neutral,control,True,redrawn_installed,183,84,1,0,97ab996debefe7e06e0d95ef05ff5814ff70dd93ab1686469c7d76afaef30eb4
gfx/interface/techtree/technology_branch_item_bg.dds,holder,byte_identical_vanilla,neutral,control,True,redrawn_installed,183,84,1,0,97ab996debefe7e06e0d95ef05ff5814ff70dd93ab1686469c7d76afaef30eb4
gfx/interface/techtree/technology_researched_item_bg.dds,holder,byte_identical_vanilla,neutral,control,True,redrawn_installed,183,84,1,0,97ab996debefe7e06e0d95ef05ff5814ff70dd93ab1686469c7d76afaef30eb4
gfx/interface/techtree/technology_special_project_big_available_item_bg.dds,holder,byte_identical_vanilla,neutral,control,True,redrawn_installed,203,104,1,0,b9b53f78bc55a577a5a10bc6dbec9c493bc0929dba6f41ecacdac8a8b392bd94
gfx/interface/techtree/technology_special_project_big_researched_item_bg.dds,holder,byte_identical_vanilla,neutral,control,True,redrawn_installed,203,104,1,0,89d881e28d2a0c947f743f42dae6688cf788bcebbb632d42bc5af36783f3c130
gfx/interface/techtree/technology_special_project_big_unavailable_item_bg.dds,holder,byte_identical_vanilla,neutral,control,True,redrawn_installed,203,104,1,0,ea52cda07c062a68c5e60f900d22fd1d7ea4db69d833fd267b580f74266414b3
gfx/interface/techtree/technology_special_project_naval_available_item_bg.dds,holder,byte_identical_vanilla,neutral,control,True,redrawn_installed,352,89,1,0,2200e4e98557c338388e5bceba48954d3fc259718efa61e1da78c898cf3de3e0
gfx/interface/techtree/technology_special_project_naval_researched_item_bg.dds,holder,byte_identical_vanilla,neutral,control,True,redrawn_installed,352,89,1,0,68027e0abf1528bc4c4a8f0f285a2048c005a79233ea69b6dd4ea86884fda967
gfx/interface/techtree/technology_special_project_naval_researching_anim_strip.dds,holder,byte_identical_vanilla,neutral,panel,True,redrawn_installed,3168,89,9,0,7243352674e7c0656a01a641c5931d207571a1ab1f77584d395863335e4b5fd4
gfx/interface/techtree/technology_special_project_naval_unavailable_item_bg.dds,holder,byte_identical_vanilla,neutral,control,True,redrawn_installed,352,89,1,0,a101b515cde96a47238b7152855edc1b83d6a5b1dfc0d5ee6727f21910026c84
gfx/interface/techtree/technology_special_project_small_available_item_bg.dds,holder,byte_identical_vanilla,neutral,control,True,redrawn_installed,92,92,1,0,d50ee122350c01fa24e1fa24245cf36e3126addcee122acdb6a82a25402e331f
gfx/interface/techtree/technology_special_project_small_researched_item_bg.dds,holder,byte_identical_vanilla,neutral,control,True,redrawn_installed,92,92,1,0,de738b9bff3d9740d00601ec77026d5e0d1ff4f919fb345427491a14c4488265
gfx/interface/techtree/technology_special_project_small_researching_anim_strip.dds,holder,byte_identical_vanilla,neutral,panel,True,redrawn_installed,828,92,9,0,2072c7b09c3364501dd7a538ae1064a2436c83fb3db2d59fcc0316378187cc12
gfx/interface/techtree/technology_special_project_small_unavailable_item_bg.dds,holder,byte_identical_vanilla,neutral,control,True,redrawn_installed,92,92,1,0,0caa9e6695b743a7e4dd078b1733f01a3c3807b0c583c49aa43ac3dec0367cbd
gfx/interface/techtree/technology_unavailable_item_bg.dds,holder,byte_identical_vanilla,neutral,control,True,redrawn_installed,183,84,1,108,88785cac9f444e5f2eea9ebf41851694a408daf925201898dd7ef1f3a52a6cef
gfx/interface/techtree/techtree_air_tab.dds,composite,byte_identical_vanilla,neutral,header,True,redrawn_installed,182,61,2,8,57ac270abc0e3254d8e7b3365758bd77a19b98df5777375688ed3b1101d85f8f
gfx/interface/techtree/techtree_airdoctrine_tab.dds,composite,byte_identical_vanilla,neutral,header,True,redrawn_installed,182,61,2,0,ac4153b1a6e8635c846973dcb330195639b0fa724434d6297548999244511acc
gfx/interface/techtree/techtree_airdoctrine_tab_large.dds,composite,byte_identical_vanilla,neutral,header,True,redrawn_installed,512,61,2,4,b6c7463b4516d998fa1e7fea46cdb570c904a75c10d68e8b0324bb6fa7a91375
gfx/interface/techtree/techtree_artillery_tab.dds,composite,byte_identical_vanilla,neutral,header,True,redrawn_installed,182,61,2,4,707cebcab541cf102db56928f9e511efb4b4ee6fa92355b8583af78bef69e8cd
gfx/interface/techtree/techtree_details_progress_bar_frame.dds,holder,byte_identical_vanilla,neutral,frame,True,redrawn_installed,223,30,1,8,bdfe63a26db116496b070989b8a2ea4c146386df55be748329de888b97c9909e
gfx/interface/techtree/techtree_engineering_tab.dds,composite,byte_identical_vanilla,neutral,header,True,redrawn_installed,182,61,2,4,83a31ac8bf2a42355eda47f25d92315356a5efbf7db7247d5ab1d205b533b97b
gfx/interface/techtree/techtree_industry_tab.dds,composite,byte_identical_vanilla,neutral,header,True,redrawn_installed,182,61,2,8,92841009c66b0b07b350cf9bf5e7674dca6f7047b85287e9c3ccb5009f48189b
gfx/interface/techtree/techtree_infantry_tab.dds,composite,byte_identical_vanilla,neutral,header,True,redrawn_installed,182,61,2,6,fb082776731f2976e11851c2d653dc026ee9f3982bde165cf79a234274126e5a
gfx/interface/techtree/techtree_landdoctrine_tab.dds,composite,byte_identical_vanilla,neutral,header,True,redrawn_installed,182,61,2,0,05db93d11716fcd7624effc645b5f9d1bbe64399d7dc55fdd743e3fef4bafdce
gfx/interface/techtree/techtree_landdoctrine_tab_large.dds,composite,byte_identical_vanilla,neutral,header,True,redrawn_installed,512,61,2,4,3debbe81e1fc3dcc86ef6e6ccd8b175d484f634080463ec4024535705358d70e
gfx/interface/techtree/techtree_naval_support_tab.dds,composite,byte_identical_vanilla,neutral,header,True,redrawn_installed,182,61,2,4,912cfb844876afe97439315d3e4c411b2b6135296c9ca25b62e1d4a2876ed2f9
gfx/interface/techtree/techtree_naval_tab.dds,composite,byte_identical_vanilla,neutral,header,True,redrawn_installed,182,61,2,8,172a2805ce5acdbef0ba52392291aa02d9bb01e6a4ee3b67c8b3764f2f658004
gfx/interface/techtree/techtree_navaldoctrine_tab.dds,composite,byte_identical_vanilla,neutral,header,True,redrawn_installed,182,61,2,0,8e0853be29759720fe1c4b1ee9e05bbdde5b5c3db7260e73ae5c2e7a55c3d329
gfx/interface/techtree/techtree_navaldoctrine_tab_large.dds,composite,byte_identical_vanilla,neutral,header,True,redrawn_installed,512,61,2,4,9c356e0d4d8678bf3ddc1d7630e473efb90f8331432e9b3e00506284dfdacec5
gfx/interface/techtree/techtree_special_tab.dds,composite,byte_identical_vanilla,neutral,header,True,redrawn_installed,182,61,2,0,6f8849803b3f6acc93a2cdafbc866cafb6173cc5cf409e945e8fe63ef1efa92f
gfx/interface/techtree/techtree_specialforcesdoctrine_tab_large.dds,composite,byte_identical_vanilla,neutral,header,True,redrawn_installed,512,61,2,6,a75905bcc7e20f766893086edfdc84c44fb481156873696c09f68ce6a36a8a53
gfx/interface/techtree/techtree_support_tab.dds,composite,byte_identical_vanilla,neutral,header,True,redrawn_installed,182,61,2,4,b1b6b841b6ce6c5367442d066f56be3a8f398887d93b39a2ee6bea4b317061dc
gfx/interface/techtree/techtree_tabs.dds,composite,byte_identical_vanilla,neutral,header,True,redrawn_installed,182,55,2,0,f97f9995b94ee54d1332853b9c2ed65c347b546c92672d9a55430fdc7185bb28
gfx/interface/techtree/techtree_tank_tab.dds,composite,byte_identical_vanilla,neutral,header,True,redrawn_installed,182,61,2,6,ea0a1e7786c7b3888761bbdb57aee25f3dba8d0931624581d7e9a38e576651e8
gfx/interface/templatestuff.dds,holder,unresolved_origin,neutral,panel,True,redrawn_installed,800,600,1,0,8482e6aff40547d87e373993a2ef88ce5590f1e4a9fd336c01544a6adf57dc09
gfx/interface/terrain_mod_frame.dds,holder,byte_identical_vanilla,neutral,frame,True,redrawn_installed,70,62,1,5,97f967a8b2d73791cb191cebe67a88077a5d6277476d24fd2208fa29f707ff8d
gfx/interface/theater/assign_group_button.dds,composite,byte_identical_vanilla,neutral,control,True,redrawn_installed,1196,35,4,6,960fdc31347f9380bbb444ec6f3de2b80e2592dcb14398ccacbea975cc20d7a9
gfx/interface/theater/selected_theatre_frame.dds,holder,byte_identical_vanilla,neutral,frame,True,redrawn_installed,303,74,1,5,e0f778b600d8cb9a21c20f6297bf73f174440e5beca939c9921f20ba3a153363
gfx/interface/theater/theater_group_assign_btn.dds,holder,byte_identical_vanilla,neutral,control,True,redrawn_installed,303,37,1,1,49ece39c5ce154bc073121b6f69fbbc88c972df021993b29cff3b69e5744617e
gfx/interface/theater/theater_group_bg.dds,holder,byte_identical_vanilla,neutral,panel,True,redrawn_installed,1525,77,5,6,07a00fa8467621642f452e8cab655b04de8a1d3fa9854f35067747739c951911
gfx/interface/theater/theater_group_settings_btn.dds,composite,byte_identical_vanilla,neutral,control,True,redrawn_installed,23,23,1,2,2c51b5a93afd002da4dfc967bde3d7743c46fbc0a1d99b640d3aaf5fd64be7d6
gfx/interface/theater/theatre_dropdown_bottom.dds,holder,byte_identical_vanilla,neutral,panel,True,redrawn_installed,1204,39,4,4,19bfba61753677a8c0a9aeb3880ab58c2e6f6568e7c024da7c6e87148cf9fd15
gfx/interface/theater/theatre_dropdown_middle.dds,holder,byte_identical_vanilla,neutral,panel,True,redrawn_installed,1204,33,4,5,88494f69f81ba4b0ae78a9afaafe42cb0c2c0c4d6be28073d94596cdd449820d
gfx/interface/theater/theatre_naval_control_panel.dds,holder,byte_identical_vanilla,neutral,panel,True,redrawn_installed,903,43,3,1,aa2dc8ef46997bb2b5cdd3b4ff5822fe3e7ce0c92e8297fcb32e716a3a8271b8
gfx/interface/theatre_priority_bg.dds,holder,byte_identical_vanilla,neutral,panel,True,redrawn_installed,75,19,1,1,cdb5d9d5f11503067c8ea396a775e158b94968ef45eab91468357e6b4d8874fa
gfx/interface/theatre_selection_background.dds,holder,byte_identical_vanilla,neutral,panel,True,redrawn_installed,594,39,3,2,c14b3fb2d2385c6aed4caaba8c20562bacd6ff1775f26e4d4767400803afe5ed
gfx/interface/theatre_settings_bg.dds,holder,byte_identical_vanilla,neutral,panel,True,redrawn_installed,305,77,1,1,657a6f72fbc27d7fff4245344a90cceffc33f8f1cb8f83414cfde215da2f9037
gfx/interface/tiles/green_frame_tile.dds,holder,byte_identical_vanilla,neutral,frame,True,redrawn_installed,40,40,1,3,8554409be8d13cea9b61d34e40e952d2339f8afbc8acaf6df3c935d9305900d7
gfx/interface/tiles/marble_tiled_bg.dds,holder,byte_identical_vanilla,paper,panel,True,redrawn_installed,190,190,1,0,d82ca3243cc3bb63796a0c43c1a1d7bd341fff77e653638b6f8b712d435f2b3b
gfx/interface/tiles/marble_tiled_bg_edges.dds,holder,byte_identical_vanilla,neutral,panel,True,redrawn_installed,192,192,1,0,3a897aacd9e85eae721472e481635a8529442ba44de8fcf33828f6a1a3c0f9dc
gfx/interface/tiles/outliner_tile.dds,holder,byte_identical_vanilla,neutral,panel,True,redrawn_installed,180,180,1,5,22ea2e708550cc991ab31f2e505ac308b1d71248358704eda6d729f11064c005
gfx/interface/tiles/raids_filter_tiled_bg.dds,holder,byte_identical_vanilla,neutral,panel,True,redrawn_installed,82,82,1,1,8d06b16c90061c262310f0ebbe0327bbd4b85d8b9f901241d59ddaa6d6e78851
gfx/interface/tiles/tiled_bg.dds,holder,byte_identical_vanilla,neutral,panel,True,redrawn_installed,192,192,1,110,aa2752f7e5b202b403f2e3cca31e20c6f76ae2021e366cfb006d7efb2ff0566b
gfx/interface/tiles/tiled_bg_1_scrollbar.dds,holder,byte_identical_vanilla,neutral,rail,True,redrawn_installed,192,192,1,26,648bfc2a328016e4d4b86ff2d46d37fb48259a953a449e03c1b7eada4c9ef77d
gfx/interface/tiles/tiled_bg_noframe.dds,holder,byte_identical_vanilla,neutral,frame,True,redrawn_installed,26,26,1,0,4135fba7371ee427ea8a6bc68fd5201f77bbb4c86ed169a3d86a34dd937aa4a8
gfx/interface/tiles/tiled_decisions_bg_small.dds,holder,byte_identical_vanilla,neutral,panel,True,redrawn_installed,48,48,1,22,43dd01ee516e16764dc696428e0d4e7c5516d7f2d27a257331222425c91ce46a
gfx/interface/tiles/tiled_focus_bg.dds,holder,byte_identical_vanilla,neutral,panel,True,redrawn_installed,998,1031,1,4,4ea74f2ffbad29bd81714004e281ee054a9425c761d1c6594c5d06ce650bc47c
gfx/interface/tiles/tiled_frontend_lower_bar.dds,holder,byte_identical_vanilla,slate,panel,True,redrawn_installed,484,128,1,4,7a6aa4746c96b791a12d70be5e7f6d5ba902532384d8e6f9cb83147c29a5929a
gfx/interface/tiles/tiled_frontend_upper_bar.dds,holder,byte_identical_vanilla,slate,panel,True,redrawn_installed,484,128,1,4,7a6aa4746c96b791a12d70be5e7f6d5ba902532384d8e6f9cb83147c29a5929a
gfx/interface/tiles/tiled_generic_bg_1.dds,holder,byte_identical_vanilla,neutral,panel,True,redrawn_installed,29,29,1,38,697d7e5c4c6b32379c87bcd6e01df5f2cf63e6311d2c4a0f2d5d1e5e384706ed
gfx/interface/tiles/tiled_generic_overlay_bg1.dds,holder,byte_identical_vanilla,neutral,panel,True,redrawn_installed,549,600,1,22,752b281c12552f82a6f55b372957e05fc18480230f79d4595be7fcc83b047875
gfx/interface/tiles/tiled_generic_overlay_bg1_small.dds,holder,byte_identical_vanilla,neutral,panel,True,redrawn_installed,290,310,1,42,a92449dffb24b79ee7480a3259206a51d04c48bd402bdc21332bac5d54035b96
gfx/interface/tiles/tiled_header_1.dds,holder,byte_identical_vanilla,neutral,header,True,redrawn_installed,77,38,1,8,84f2094b4ca08304961ba472b218597135384f00f723487dbb415b0775d76e1d
gfx/interface/tiles/tiled_insignia_window.dds,holder,byte_identical_vanilla,neutral,panel,True,redrawn_installed,48,48,1,10,2df57a817512bcf0821c399f969cb3c3d5ab535c5ef04f643f2c34d5e0ef3378
gfx/interface/tiles/tiled_mini_dialog.dds,holder,byte_identical_vanilla,slate,panel,True,redrawn_installed,26,26,1,252,2e5e5dd9f1d1912e853e21521f07e9f0e9828fe156982b40c61ebc6f647746bf
gfx/interface/tiles/tiled_mini_dialog_grey.dds,holder,byte_identical_vanilla,slate,panel,True,redrawn_installed,26,26,1,36,2e5e5dd9f1d1912e853e21521f07e9f0e9828fe156982b40c61ebc6f647746bf
gfx/interface/tiles/tiled_mini_dialog_with_header.dds,holder,byte_identical_vanilla,slate,header,True,redrawn_installed,76,56,1,6,349edec36ae8208191ce41348ed3db265dfd5369eee5e161c5aefe8280fe5126
gfx/interface/tiles/tiled_paper_bg.dds,holder,byte_identical_vanilla,paper,panel,True,redrawn_installed,192,192,1,24,1e0aa2b9ead62a61acd86d18475f3d8b8e6887fadccac88e37481ae4e4a86338
gfx/interface/tiles/tiled_paper_flat_bg.dds,holder,byte_identical_vanilla,paper,panel,True,redrawn_installed,188,188,1,4,e5c7b12664e6c427fb0e1a898e11d873aed45701fda8748975b218ccc541f146
gfx/interface/tiles/tiled_paper_w_frame_bg.dds,holder,byte_identical_vanilla,paper,frame,True,redrawn_installed,192,192,1,8,389a75abdfe60898fccb4c1eaa3cad4fe03fb6f4527be1b3bfd08db96bddf78a
gfx/interface/tiles/tiled_paper_w_frame_one_border.dds,holder,byte_identical_vanilla,paper,frame,True,redrawn_installed,190,190,1,24,70bb348cee53fb6b5080d4b4e46cb96b4f17f5735faa3c6fe7977c670c0a3af6
gfx/interface/tiles/tiled_peace_upper_bar.dds,holder,byte_identical_vanilla,neutral,panel,True,redrawn_installed,363,96,1,3,263bcea8b78ad6e7fe837e09c620c898639d054fb83baf3466d9bb15d09d33e6
gfx/interface/tiles/tiled_plain_bg.dds,holder,byte_identical_vanilla,neutral,panel,True,redrawn_installed,190,190,1,186,56d5571f800ff7b162fac7796349c50e5665f2235e3639a45d3a25e74f21d71b
gfx/interface/tiles/tiled_plain_bg2.dds,holder,byte_identical_vanilla,neutral,panel,True,redrawn_installed,182,186,1,10,5503979d5ac3a5bd57fca2809210ca08631d6eb6fbbb1ead463e03854b34dd20
gfx/interface/tiles/tiled_plain_bg_small.dds,holder,byte_identical_vanilla,neutral,panel,True,redrawn_installed,48,48,1,18,748467161fa391227833cbd72d6e12c2dfd2f172bc7dc168b3f24c9f6877ec68
gfx/interface/tiles/tiled_research_bg.dds,holder,byte_identical_vanilla,slate,panel,True,redrawn_installed,94,94,1,10,4c17ceb118d30b63651978e2b65612fb702c3377fa020f81127c129445ffd15d
gfx/interface/tiles/tiled_special_cut_bg.dds,holder,byte_identical_vanilla,neutral,panel,True,redrawn_installed,190,192,1,0,0efae31cba4a4be52837b76fe709e2e0ab0ae4ba5db509c489d330e89c260374
gfx/interface/tiles/tiled_window_1_scrollbar.dds,holder,byte_identical_vanilla,neutral,rail,True,redrawn_installed,192,192,1,0,648bfc2a328016e4d4b86ff2d46d37fb48259a953a449e03c1b7eada4c9ef77d
gfx/interface/tiles/tiled_window_1_scrollbar_glow.dds,holder,byte_identical_vanilla,neutral,rail,True,redrawn_installed,192,192,1,0,0f707c74d25d7b8a7b266c893820eb4018e562f3e2fe02eea198810e2b7e3b97
gfx/interface/tiles/tiled_window_1b_thin_border.dds,holder,byte_identical_vanilla,neutral,panel,True,redrawn_installed,190,190,1,104,79f7e18cd22a05b347a64921a0d81d7ba48cfde7da0ddabce471203836293fbc
gfx/interface/tiles/tiled_window_2_scrollbars.dds,holder,byte_identical_vanilla,neutral,rail,True,redrawn_installed,192,192,1,0,ca94db2c5cc9bb50ca88c1d7874ed749b64ae652b3ad2ba3a1cd2fa7da72d658
gfx/interface/tiles/tiled_window_2b_border.dds,holder,byte_identical_vanilla,neutral,panel,True,redrawn_installed,190,190,1,56,56d5571f800ff7b162fac7796349c50e5665f2235e3639a45d3a25e74f21d71b
gfx/interface/tiles/tiled_window_small.dds,holder,byte_identical_vanilla,neutral,panel,True,redrawn_installed,95,95,1,14,8918ed1ec2f146da60f551568fb079f85fdbe29fc1fe7e2e1b64b02ac29fc6c0
gfx/interface/tiles/tiled_window_small_selectable.dds,holder,byte_identical_vanilla,neutral,panel,True,redrawn_installed,190,95,2,0,98bff33b5eff20a6c933737145d5b4b7d1b8fcd42633a539ad44367c7e5bbaee
gfx/interface/tiles/tiled_window_small_small.dds,holder,byte_identical_vanilla,neutral,panel,True,redrawn_installed,48,48,1,3,98055343bdfa7d53dc8d4c11d04e2c7d2fa1c46b5a77d2834c86b3c6e670f145
gfx/interface/tiles/tiled_window_thin_border.dds,holder,byte_identical_vanilla,neutral,panel,True,redrawn_installed,190,190,1,6,baaac17142bad81de0e80f501a153cd87a7b4a76dcf43a9da30a30d7c2afd45c
gfx/interface/tiles/tiled_window_w_close.dds,holder,byte_identical_vanilla,neutral,panel,True,redrawn_installed,192,192,1,16,9e4a29bcd7d4d4895133648374f01f80f23fb73fd430179e1003158f6e5a24fe
gfx/interface/tiles/tiling_sort_button.dds,holder,byte_identical_vanilla,neutral,control,True,redrawn_installed,60,23,1,74,77e3138395d8ee5dc8d945f825ed7ecff32551b4153eed675ad1e3a010605787
gfx/interface/tiles/tiling_sort_button_2frames.dds,holder,byte_identical_vanilla,neutral,frame,True,redrawn_installed,120,23,2,0,95c112c07474663b853639f26b7746ddf61f44f846cc82057e6aa833ac1f19a9
gfx/interface/tiles/tiling_sort_button_thin.dds,holder,byte_identical_vanilla,neutral,control,True,redrawn_installed,18,21,1,36,af2bb2314fde885113aac4f20bc1581fc4736b32e4cb08038e08c59c39d1d308
gfx/interface/tinybutton.tga,holder,inherited_vanilla,neutral,control,True,redrawn_installed,28,12,1,13,6b3d0517a10f4718b145bb5cdda04f87dfa087fadc0862409c50d9a211140083
gfx/interface/toggle_navalbattle_details.dds,composite,byte_identical_vanilla,neutral,panel,True,redrawn_installed,92,46,2,1,241afcdd2eb9ac6bd71ce79b2ce06e373499b36e34e0d23e1d0e969b14f74f33
gfx/interface/tooltip_tile.dds,holder,byte_identical_vanilla,slate,panel,True,redrawn_installed,132,132,1,0,16bb998149c487223f0d7d2f6d54a7eceeaacb07e405ff7a85238473673d2d28
gfx/interface/topbar/achievements_button.dds,composite,byte_identical_vanilla,neutral,control,True,redrawn_installed,24,24,1,2,2988a5788a8e8359fd7d91129d0edbe90cd0c59521f4c87d366a3f50d3d02134
gfx/interface/topbar/airoverview_button.dds,composite,byte_identical_vanilla,neutral,control,True,redrawn_installed,76,38,2,4,af2dc195796e2a3819bd106bd2373e9448cd9846280722887f40bfc640c6ad8c
gfx/interface/topbar/armyoverview_button.dds,composite,byte_identical_vanilla,neutral,control,True,redrawn_installed,76,38,2,4,9b0b8a934f1d4c3fbc7ae984070afb45591e8ab4e7e3e79ef096bff1674d2db6
gfx/interface/topbar/armyoverview_buttons_bg.dds,holder,byte_identical_vanilla,neutral,control,True,redrawn_installed,403,101,1,4,5c4e85cb60ab6d7a1a4e14c18c2895d34c56682152cb09c5591fe83acbd400ab
gfx/interface/topbar/background.dds,holder,byte_identical_vanilla,neutral,panel,True,redrawn_installed,2346,87,1,0,5a0f8e806d533e8329a95b8d82acecad6a93eb4fce2986671d70490d22a3da8e
gfx/interface/topbar/background_extended.dds,holder,same_path_different_image,neutral,panel,True,redrawn_installed,2346,87,1,4,cf4de56a66b5f6ca7dd249c9ff0f7b90ec3d0e07c37a8b8f346488e1968fb99e
gfx/interface/topbar/musicplayer/music_next_button.dds,composite,byte_identical_vanilla,neutral,control,True,redrawn_installed,33,33,1,4,3ad4fd4ec0c635801c69f023592e3a229f3df212671a0d634e1cc5a8aeb16d64
gfx/interface/topbar/musicplayer/music_pause_button.dds,composite,byte_identical_vanilla,neutral,control,True,redrawn_installed,66,33,2,6,3bc073c895433b1a1f38f3c3cee02cf47200501c003ec5d50a322de0965e8687
gfx/interface/topbar/musicplayer/music_vol_progress_bg.dds,holder,byte_identical_vanilla,neutral,header,True,redrawn_installed,75,16,1,28,04174058d26706eb7da40221b2c1c9f7e25926d58a89f49cfb8eb65d6c68e44e
gfx/interface/topbar/musicplayer/musicplayer_bar.dds,holder,byte_identical_vanilla,neutral,panel,True,redrawn_installed,565,47,1,0,65857e11c4aeef36d0dfa03fd2173da2c621ea169ee4b43ad9b64299fea9c690
gfx/interface/topbar/musicplayer/musicplayer_bottom_bar.dds,holder,byte_identical_vanilla,neutral,panel,True,redrawn_installed,305,55,1,0,2285d13daf81c8d5cd320d4957df6129db36e7b48f2f04717d3ba3d90747f00f
gfx/interface/topbar/musicplayer/musicplayer_button.dds,composite,byte_identical_vanilla,neutral,control,True,redrawn_installed,32,32,1,4,3daf1ff3f541c9cfb3f84dcbd3ddc29a8be12feb7f53810579b66a64f44c745e
gfx/interface/topbar/musicplayer/musicplayer_header_bg.dds,holder,byte_identical_vanilla,neutral,header,True,redrawn_installed,594,121,1,28,2b1003ab98d831148b34ffe407a1bf884748fc83026b7270819570d6062ee72d
gfx/interface/topbar/musicplayer/musicplayer_next_button.dds,composite,byte_identical_vanilla,neutral,control,True,redrawn_installed,39,39,1,28,7b5e0409318529c437861a8e4aad24dac50b9146bdf0d2f276bd25567333652d
gfx/interface/topbar/musicplayer/musicplayer_play_pause_button.dds,composite,byte_identical_vanilla,neutral,control,True,redrawn_installed,138,40,2,28,3e8e4da8589de8f6575c0ddadaedbbadfcd9f561deb321f12670f7aed18c8cad
gfx/interface/topbar/musicplayer/musicplayer_previous_button.dds,composite,byte_identical_vanilla,neutral,control,True,redrawn_installed,39,39,1,28,fd186e30c2edb4ee95aa6e335d70347f3be2273f5f3500f612a926049f37ff43
gfx/interface/topbar/musicplayer/musicplayer_stop_button.dds,composite,byte_identical_vanilla,neutral,control,True,redrawn_installed,39,39,1,0,9c12c14b95f9c9782ccd42b714b48b88d15d1633d43a53f44d384f6afddabf1f
gfx/interface/topbar/musicplayer/playlist_bg.dds,holder,byte_identical_vanilla,neutral,panel,True,redrawn_installed,228,42,1,4,cd8ee100a601741b0550400df2b6f6b6cb912a32d42fbbda15156ef9043112c0
gfx/interface/topbar/musicplayer/playlist_button.dds,composite,byte_identical_vanilla,neutral,control,True,redrawn_installed,33,33,1,4,4818afd4a0d42ce060521c807c608b233f67134929d48cb933c14881fa412151
gfx/interface/topbar/musicplayer/toggle_shuffle_buttons.dds,composite,byte_identical_vanilla,neutral,control,True,redrawn_installed,213,39,3,28,16c68a2d33b6a370c1eddbb3c232d9214493e6a7e87e6aacd5ac9669f8b799c9
gfx/interface/topbar/navyoverview_button.dds,composite,byte_identical_vanilla,neutral,control,True,redrawn_installed,76,38,2,4,693fb30259d91f63ec3223f62c10cffdc6609a807362133b532bae86fe50141b
gfx/interface/topbar/toolbar/button_depressed.dds,composite,byte_identical_vanilla,neutral,control,True,redrawn_installed,53,37,1,0,9ab4cb58e4d13f166790dd3bcf8803837c4eea8f3f46031ae05fe9c9b6c6347b
gfx/interface/topbar/toolbar/button_pressed.dds,composite,byte_identical_vanilla,neutral,control,True,redrawn_installed,53,37,1,0,dfe22d73e8546c06ad2c71ec88794644f620ecd56c4dd3170e35c9e80d819a6e
gfx/interface/topbar/toolbar/construction_button.dds,composite,same_path_different_image,neutral,control,True,redrawn_installed,110,41,2,4,ced5b05a8dea850e3ebecd6d59137ef4ede897565fc5c98257a669a4a07a6d55
gfx/interface/topbar/toolbar/deployment_button.dds,composite,same_path_different_image,neutral,control,True,redrawn_installed,110,41,2,6,50a4383581a1afe5a9a3809d952a3901bf86a7721793657de0c2c9597a02ef40
gfx/interface/topbar/toolbar/diplomacy_button.dds,composite,byte_identical_vanilla,neutral,control,True,redrawn_installed,110,41,2,4,601743f6daa0db1a706b6c331798f85c05fdf3ba782ff336fd9bfd7220d905ed
gfx/interface/topbar/toolbar/intelligence_button.dds,composite,same_path_different_image,neutral,control,True,redrawn_installed,110,41,2,4,96ed629001b47f1757103b5dc9683649137e17a0ed3ec4e23449ab73889ec567
gfx/interface/topbar/toolbar/international_market_button.dds,composite,byte_identical_vanilla,neutral,control,True,redrawn_installed,110,41,2,0,795c43a039ec6308bd6a9c78c772f09ce21ef8e31076ba394538fa242218b51b
gfx/interface/topbar/toolbar/ledger_button.dds,composite,same_path_different_image,neutral,control,True,redrawn_installed,110,41,2,4,e8944f8163def5628cfbe6b812db5e15845fa33279fb8908640135d8397ea952
gfx/interface/topbar/toolbar/open_government_window.dds,composite,unresolved_origin,neutral,panel,True,redrawn_installed,110,41,2,1,41c947ceeba7fc383947baa9fcb632e38ae816b8c2fe9da3230f0af7cfe274d7
gfx/interface/topbar/toolbar/production_button.dds,composite,same_path_different_image,neutral,control,True,redrawn_installed,110,41,2,4,ea3f9df78e703cb079095d7021febabc4891ed603cf2a328fdd7d768b934025d
gfx/interface/topbar/toolbar/science_button.dds,composite,same_path_different_image,neutral,control,True,redrawn_installed,110,41,2,4,f78cc7ad5b88e2451b52c5957404a966210ad7c6320972522ea75129084215cd
gfx/interface/topbar/toolbar/staff_office_button.dds,composite,byte_identical_vanilla,neutral,control,True,redrawn_installed,110,41,2,4,68eec546bad7180419920e6b4c2093a97cc645159dc9b18a102fdfd4806fdc69
gfx/interface/topbar/toolbar/topbar_alert_bg.dds,holder,byte_identical_vanilla,neutral,panel,True,redrawn_installed,68,17,4,34,e08335dad6ad98f6e56d52806fb8099ffece374c2a2634d22202e66d74b05a8f
gfx/interface/topbar/toolbar/topbar_decisionview_button.dds,composite,same_path_different_image,neutral,control,True,redrawn_installed,110,41,2,4,0c494630ea631de33a8f505f1d635624c72cab622ffe8c1c24c0fe7de7e7857b
gfx/interface/topbar/toolbar/trade_button.dds,composite,same_path_different_image,neutral,control,True,redrawn_installed,110,41,2,4,68f50caff596c2c8f8e0b59293a0b50b47260672b723d4707b5bab1f8399b822
gfx/interface/topbar/topbar_date_overlay.dds,holder,byte_identical_vanilla,neutral,panel,True,redrawn_installed,366,93,1,0,02921c843a49e86f703e388f0ae131c5fe0f68c1ce8c80804d580b0350fe29a3
gfx/interface/tradeview/country_trade_entry_bg.dds,holder,byte_identical_vanilla,neutral,control,True,redrawn_installed,1533,45,3,0,f618a23b1da421fa88aeff7e33e831b81789142b44dc2480f801e481e4e29a4b
gfx/interface/tradeview/country_trade_entry_bg_wide.dds,holder,byte_identical_vanilla,neutral,control,True,redrawn_installed,1944,45,3,4,862cb988045fec6eaff11a6bf52c7d72beb491baffc6833c2531f388544a0efa
gfx/interface/tradeview/diplo_trade_entry_bg.dds,holder,byte_identical_vanilla,neutral,control,True,redrawn_installed,35,75,1,4,64f32f6fcbf89647f24b611ca753176957ee03eddfc5d0cd02195afc76cff6ac
gfx/interface/tradeview/resource_btn.dds,holder,byte_identical_vanilla,neutral,control,True,redrawn_installed,162,34,2,4,73cd2c4207677f419e57af2032f0c9514a215b07edcfe48d97bb1e741d7ea6bd
gfx/interface/tradeview/selected_trade_entry_frame.dds,holder,byte_identical_vanilla,neutral,frame,True,redrawn_installed,506,44,1,0,1660a5c9521da873b51bf912b3f6a102cd28f6bc9b7d2b56a7c3aba7e473ace4
gfx/interface/tradeview/trade_filter_bg.dds,holder,byte_identical_vanilla,neutral,panel,True,redrawn_installed,504,128,1,8,0c1c427b875bf4577b880eb361a0685a80a2b72c1ebc3f6c2bb8dca3829c1a08
gfx/interface/tradeview/trade_filter_btn_convoy.dds,composite,byte_identical_vanilla,neutral,control,True,redrawn_installed,135,32,1,0,a43b262bd0478e53c6612c8e81cfdbe9b51fe3864c6e750f34c196408c0d024b
gfx/interface/tradeview/trade_filter_btn_country.dds,holder,byte_identical_vanilla,neutral,control,True,redrawn_installed,170,32,1,2,02dc6e7bb654abbef79692c18abdccb0ade136329d055247e75a6df18e70254a
gfx/interface/tradeview/trade_filter_btn_delivered.dds,holder,byte_identical_vanilla,neutral,control,True,redrawn_installed,105,32,1,0,cf40425e2608da253d2f23730fc608d4571401ab1a87d9ba6bb1b7a7fb04ef1e
gfx/interface/tradeview/trade_filter_btn_export.dds,holder,byte_identical_vanilla,neutral,control,True,redrawn_installed,98,32,1,0,4bae6ad1168f852044ab3ea05c9274fc7d5aa0f38c61c544165ad14c7b18d0f5
gfx/interface/tradeview/trade_header.dds,holder,byte_identical_vanilla,neutral,header,True,redrawn_installed,516,35,1,24,b906e99aeeeb6110f8441f64a1e52c37dd7a65a4fb1dd4c6ec9095bde6b37f6a
gfx/interface/tradeview/trade_import_bg.dds,holder,byte_identical_vanilla,neutral,panel,True,redrawn_installed,153,36,1,0,9d1be738083cfbf6ea8935a305b8a8f495105d2a0d44ac03e6e15e16f84f5f64
gfx/interface/tradeview/trade_offer_popup_win.dds,holder,byte_identical_vanilla,neutral,panel,True,redrawn_installed,527,437,1,4,c63a467d8a0f2642a4f2101014df0f8c4a32a348772e20eb8085c9904b55ffe6
gfx/interface/tradeview/trade_resource_bg.dds,holder,byte_identical_vanilla,neutral,panel,True,redrawn_installed,522,199,1,0,161c4389a7f686fea29161969f6b017d0d38f7b63762eba99f9955df95ee477d
gfx/interface/tradeview/trade_resource_button.dds,composite,byte_identical_vanilla,neutral,control,True,redrawn_installed,344,117,2,0,c508508122534bc30174145945295a28f01d2a8a8479a80e5c2c65218f56f503
gfx/interface/trait_window/admiral_trait_tree_bg.dds,holder,byte_identical_vanilla,paper,panel,True,redrawn_installed,1192,704,1,0,d9a972360f0bb6418a4b9c6c85aa3dae17d4b757837745039c192c10cee2e9bb
gfx/interface/trait_window/leader_exp_bg.dds,holder,byte_identical_vanilla,paper,panel,True,redrawn_installed,171,11,1,1,2492afe6e2befb0e5173ba9bacebf4cd9bf2c1e47b33f3f41938f067fab20053
gfx/interface/trait_window/trait_adviser_disabled.dds,holder,byte_identical_vanilla,neutral,panel,True,redrawn_installed,244,52,1,0,9d15453b9334172eee386a483c46f1940a26c758fc60253e5b9a3e87e43c92eb
gfx/interface/trait_window/trait_adviser_pickable.dds,composite,byte_identical_vanilla,neutral,panel,True,redrawn_installed,244,52,1,1,e872156f979e9a36cbe0db5bdbff0e0eb3bf5b788c36a7de51b6a15110feed02
gfx/interface/trait_window/trait_adviser_picked.dds,composite,byte_identical_vanilla,neutral,panel,True,redrawn_installed,244,52,1,0,e13d529989159397dd92b199904f3fd932651309844f4aa75afcaae4545c7945
gfx/interface/trait_window/trait_disabled.dds,holder,byte_identical_vanilla,neutral,panel,True,redrawn_installed,166,39,1,2,9307ef744aaa2706dc2c5fbfe592f4cfac66121925e4a71d3d191d2c42e89f8e
gfx/interface/trait_window/trait_new.dds,composite,byte_identical_vanilla,neutral,panel,True,redrawn_installed,35,43,1,11,8c1aa45a70152d29c82974fe59a46455981fed5572c323f6e28bb5aae31f0f37
gfx/interface/trait_window/trait_pickable.dds,holder,byte_identical_vanilla,neutral,panel,True,redrawn_installed,166,39,1,2,d9f91eab11b91504e98c7088a625c2b7e3246856ef6921a63f07bae76a95f1b1
gfx/interface/trait_window/trait_picked.dds,holder,byte_identical_vanilla,neutral,panel,True,redrawn_installed,166,39,1,2,c9a01780bb917b749e3bc821db31ba7b9b3a4c8435db90c5e8a470c3cf18e097
gfx/interface/trait_window/trait_tree_bg.dds,holder,byte_identical_vanilla,paper,panel,True,redrawn_installed,1343,783,1,2,b0f7e5f6d44a9d51a04f412f9729b0fd5b3e168d3be2aafe69a285ee0bad91b4
gfx/interface/transfer_all_btn.dds,composite,byte_identical_vanilla,neutral,control,True,redrawn_installed,31,31,1,0,523b2319b9b4a03d9748e38b9afd1f9fe80f62b87359de0b06986064a7dd21d9
gfx/interface/transfer_all_btn2.dds,composite,byte_identical_vanilla,neutral,control,True,redrawn_installed,31,31,1,0,b84fae1ab217c5e45b61772f21c48ba6c3c87565d7b2ad4ec3d93a6a3dfc48d1
gfx/interface/transfer_amount_btn.dds,composite,byte_identical_vanilla,neutral,control,True,redrawn_installed,31,31,1,0,6515fcc5ff436af49ee417c5325b2a862c387fbe8b7af1be7098aecfd2074ffe
gfx/interface/transfer_amount_btn2.dds,composite,byte_identical_vanilla,neutral,control,True,redrawn_installed,31,31,1,0,01d36d44a8c18f949e8056506eee49d6239177ab0607b6d13258736a970ffc7c
gfx/interface/tutorial/execute_button.dds,composite,byte_identical_vanilla,neutral,control,True,redrawn_installed,46,25,1,1,5b7ab178c2911a05e7b84321661ba6ead543ee96adbc1b625c3cfe94dfb1d3f4
gfx/interface/tutorial/hint_bg.dds,holder,byte_identical_vanilla,neutral,panel,True,redrawn_installed,613,576,1,26,81059588251bb465ccb1547e863a9a7b636db4ec79be2a3e8274b294dd138264
gfx/interface/tutorial/hint_button.dds,composite,byte_identical_vanilla,neutral,control,True,redrawn_installed,384,24,1,2,aed8a6c40f2681da5bcefdc67b707ac44f213d98a5e8ca13f25357709c6058c7
gfx/interface/tutorial/tut_button_page_left.dds,composite,byte_identical_vanilla,neutral,control,True,redrawn_installed,66,123,1,4,a65f30c6af4dedf3f75d10506da65399081afd59a1c5ca8f836331487dafad44
gfx/interface/tutorial/tut_button_page_right.dds,composite,byte_identical_vanilla,neutral,control,True,redrawn_installed,66,123,1,3,d48e9b655a96f743d0a1f14794e13833826c67a2d151db3543545c0bb692b76c
gfx/interface/tutorial/tutorial_bg.dds,holder,byte_identical_vanilla,neutral,panel,True,redrawn_installed,613,576,1,20,de6a9af247f0cff54a856475c313e1e6c37c391f59f7e5acba79bea7d804f011
gfx/interface/tutorial/wiki_button.dds,composite,byte_identical_vanilla,neutral,control,True,redrawn_installed,384,24,1,60,e37fd004fb43dc55737f72e629a516bbb3d7be2b00fa143809424d8a3d1458dc
gfx/interface/tutorial/youtube_button.dds,composite,byte_identical_vanilla,neutral,control,True,redrawn_installed,384,24,1,1,97f7d9cdd1b34f1c64827ca6f07398a206acf8cdf46ee8a5d46ba3f290db73a5
gfx/interface/unit_stats_bg.dds,holder,byte_identical_vanilla,paper,panel,True,redrawn_installed,856,497,1,4,70b55655e28ede0d6cfc4d27daa409668a3669c66244c1009cbeeb49909ada0f
gfx/interface/unit_stats_list_bg.dds,holder,byte_identical_vanilla,paper,panel,True,redrawn_installed,273,392,1,0,f1adbf2c834636f72e6bc68d5603c82b81c184f72c6e8a4d174376d959a420bc
gfx/interface/unit_stats_list_entry.dds,composite,byte_identical_vanilla,paper,control,True,redrawn_installed,268,32,1,0,f988a3dac17bd32ffd57fe5812049acde91903fd0cfafaf3f765879905b290ef
gfx/interface/unit_stats_list_entry2.dds,holder,byte_identical_vanilla,paper,control,True,redrawn_installed,268,32,1,14,67f2825eebb361725bbe6e5d4d561bf28d56e39fc9c1aff6102fefd32d558aad
gfx/interface/unit_stats_template_tab_bg.dds,holder,byte_identical_vanilla,paper,header,True,redrawn_installed,548,423,1,8,fa64c978a5c64eeea761d9fbb87ee07f5d92f6072ceb2fbd1565577ccef1ea7a
gfx/interface/unit_stats_view_tabs.dds,holder,byte_identical_vanilla,paper,header,True,redrawn_installed,226,36,2,28,2614cc2fd644712339b078265ad997570806e9bc4cffd5e135cf2226d438319b
gfx/interface/unitcontrol/77x31_button.dds,holder,byte_identical_vanilla,neutral,control,True,redrawn_installed,77,31,1,0,864d011e850af222d2d2b3ed03ecf8d1b32bcb50d6b499c3071db663ebc10d04
gfx/interface/unitcontrol/active_phase_button.dds,composite,byte_identical_vanilla,neutral,control,True,redrawn_installed,27,20,1,0,f5061874eeffbdb0675fa7a600c778c20a2b29c5ec32772911fa9bdd92d1df0e
gfx/interface/unitcontrol/air_priorities_bg.dds,holder,byte_identical_vanilla,neutral,panel,True,redrawn_installed,651,79,1,0,af5cfe8e30487df1b41897e8e6445813283d70d9435218ec462396329db4606a
gfx/interface/unitcontrol/air_priorities_tiled_bg.dds,holder,byte_identical_vanilla,neutral,panel,True,redrawn_installed,81,81,1,2,e92dca77b526ff1f6ff689f313e1bf6f1d6566f3891d8c932e30e5699ac2bc7e
gfx/interface/unitcontrol/army_end_bg.dds,holder,byte_identical_vanilla,neutral,panel,True,redrawn_installed,168,150,2,1,9d8348b57c2da09670a5ef3f1a60a1c3e2557aa3862f2ec5be5dfe82fa41c5a4
gfx/interface/unitcontrol/army_group_back_bg.dds,holder,byte_identical_vanilla,neutral,panel,True,redrawn_installed,175,151,2,1,460a9a4984a84483b00ae6751ef966d514c6af31914c4050eacb46122d76699f
gfx/interface/unitcontrol/army_group_bg.dds,holder,byte_identical_vanilla,neutral,panel,True,redrawn_installed,437,109,1,4,6417f0e65d57d3d101336cf16719312b8c69f5f32fd5826d96190a20b16d24be
gfx/interface/unitcontrol/army_group_expand_collapse.dds,composite,byte_identical_vanilla,neutral,panel,True,redrawn_installed,28,20,2,2,0e267db652a52f76cd686f0829e6b015dab36035ad1123649e2f1dd2059beaf2
gfx/interface/unitcontrol/army_group_group_bg.dds,holder,byte_identical_vanilla,neutral,panel,True,redrawn_installed,436,110,1,4,0b4c76d06472a36a632fbc3c7599aa73ff0f4eec8b6c2e720ca7632495ce6dda
gfx/interface/unitcontrol/army_mid_bg.dds,holder,byte_identical_vanilla,neutral,panel,True,redrawn_installed,160,149,2,1,999e175741c24a31da3a58d5ff97a7fc714120180c41620ef179ad02b0706d44
gfx/interface/unitcontrol/army_railway_gun_toggles_button.dds,composite,byte_identical_vanilla,neutral,control,True,redrawn_installed,44,23,1,4,7ad1456a9298b838dcc919f65f151ce1312ef1e0c43255790b3cc2d27e371823
gfx/interface/unitcontrol/army_select_wings_button.dds,holder,byte_identical_vanilla,neutral,control,True,redrawn_installed,44,23,1,4,feb6d35a9d4ca85262f6cce320fa404591eb126cff86f31965096e443cd42fff
gfx/interface/unitcontrol/battleplantools_areadef_conf_bg.dds,holder,byte_identical_vanilla,neutral,panel,True,redrawn_installed,347,79,1,1,bf1e550b796067c71969b238e36a6d5f118d312002deeaf6ee3436fd3e5c7c63
gfx/interface/unitcontrol/battleplantools_bg.dds,holder,byte_identical_vanilla,neutral,panel,True,redrawn_installed,604,79,1,1,46b2789a237a665095e2f5d26b1b5042b30c197019d67564490ee309c4458436
gfx/interface/unitcontrol/battleplantools_bg_new.dds,holder,byte_identical_vanilla,neutral,panel,True,redrawn_installed,535,79,1,0,3d71e4b8e23faa0590827e19200147f9082359208246dbf1acb779bcfdb73f38
gfx/interface/unitcontrol/battleplantools_cohesion_bg.dds,holder,byte_identical_vanilla,neutral,panel,True,redrawn_installed,188,125,1,1,4754056db494ac117931b84ce27e78f6f3dbe194f7f482d219ac4d18b5cfa302
gfx/interface/unitcontrol/battleplantools_planning_bg.dds,holder,byte_identical_vanilla,neutral,panel,True,redrawn_installed,148,125,1,1,59d176a1f763fe7f976d04e023dc51a9c6dfd97b9e55bc90cac7746ada0f9168
gfx/interface/unitcontrol/bottom_fleet_bar_frame.dds,holder,byte_identical_vanilla,neutral,frame,True,redrawn_installed,168,117,2,2,32242d04f4a71d775258dbe602a6c9fc8f29f6f56af57116e24555d3a2028f7b
gfx/interface/unitcontrol/bottom_fleet_bar_reserve_frame.dds,holder,byte_identical_vanilla,neutral,frame,True,redrawn_installed,168,117,2,2,940a059b75dd9919f1f853d67305cd3d27d32d5c70b79ecf8a974d1d727c0014
gfx/interface/unitcontrol/btn_GF_delete.dds,composite,unresolved_origin,neutral,panel,True,redrawn_installed,31,31,1,3,f19707529d18b2efa646ab54437ffcea28d0389776b250ec1e0e68a515397960
gfx/interface/unitcontrol/btn_unassign.dds,composite,byte_identical_vanilla,neutral,panel,True,redrawn_installed,31,31,1,14,305a6229f9528930eb2d43528efd59564d5d6949d09dbcbc76e13b688c614831
gfx/interface/unitcontrol/change_template_button.dds,composite,unresolved_origin,neutral,control,True,redrawn_installed,31,31,1,2,051d46b482d07f0f058147ea1e47bcdb883d17e60ca42fb1c49d31a758b358de
gfx/interface/unitcontrol/cohesion_balanced.dds,composite,byte_identical_vanilla,neutral,panel,True,redrawn_installed,80,36,2,1,ad0d9d2f10f750e95d0c814e3fa5b62b1d7a7ce217dd827a458697cfa3a9b616
gfx/interface/unitcontrol/cohesion_immobile.dds,composite,byte_identical_vanilla,neutral,panel,True,redrawn_installed,80,36,2,1,c497fbb45daf039e7601c9988ffae39515e2493cd3619f73bcaac2893be3e9a6
gfx/interface/unitcontrol/cohesion_loose.dds,composite,byte_identical_vanilla,neutral,panel,True,redrawn_installed,80,36,2,1,4dc18037b1452984004002aa72332cf7e9dfd7d4c07bbcd6b58ad593c59fd0ef
gfx/interface/unitcontrol/cohesion_strict.dds,composite,byte_identical_vanilla,neutral,panel,True,redrawn_installed,80,36,2,1,eee23647316a47e4236f0651f68e781bdbe2b609a26158708954e7389c3ef514
gfx/interface/unitcontrol/color_picker_bg.dds,holder,byte_identical_vanilla,neutral,panel,True,redrawn_installed,355,108,1,4,cfc2c71b94e4a52e7212f7937f7f4516a682cd42e6d633dd3870e55f7e0102b4
gfx/interface/unitcontrol/color_picker_close.dds,composite,byte_identical_vanilla,neutral,panel,True,redrawn_installed,37,97,1,0,f5367e56eeac506acc55bcc9e6c8167b193b81ce414f93c6b289f124ff333094
gfx/interface/unitcontrol/commander_filter_admiral.dds,composite,byte_identical_vanilla,neutral,panel,True,redrawn_installed,87,29,3,0,5a24dd54062a5756e1344b41ea0242d530437bfa52e6871d10dc07ac600913f5
gfx/interface/unitcontrol/commander_filter_all.dds,composite,byte_identical_vanilla,neutral,panel,True,redrawn_installed,87,29,3,0,ced6b4a11e537e90f5e52596576eae7b19a60e2057981943c1524cda31c7c9ee
gfx/interface/unitcontrol/commander_filter_FM.dds,composite,byte_identical_vanilla,neutral,panel,True,redrawn_installed,87,29,3,0,5d4a31715470c80efd918d6608c783113abd17f7d91187f3ed4ba580e02c688d
gfx/interface/unitcontrol/commander_sort_blue.dds,composite,byte_identical_vanilla,neutral,panel,True,redrawn_installed,87,29,3,0,c2acfe3a2d6d03a9d7e887a14f8637a55dd3c698c72f792ad12c6e59aa344b18
gfx/interface/unitcontrol/commander_sort_green.dds,composite,byte_identical_vanilla,neutral,panel,True,redrawn_installed,87,29,3,0,8b706a3ae316dddcd89239291565e024b008872a6917688ba1e335f67ad72cad
gfx/interface/unitcontrol/disband.dds,composite,byte_identical_vanilla,neutral,panel,True,redrawn_installed,31,31,1,1,17af1d4d632b1b151e25b43502250f99e3b5232f3991a347d64e6ede37d29747
gfx/interface/unitcontrol/disband_orders_group.dds,composite,byte_identical_vanilla,neutral,panel,True,redrawn_installed,16,16,1,4,335932406d6b8be116e13bd53432c7ff266de8f72516e014d9c1931a838a8e17
gfx/interface/unitcontrol/excecute_stop_border_war_bg.dds,holder,byte_identical_vanilla,neutral,panel,True,redrawn_installed,73,27,1,2,c4aad4b8d89545ca421c13efccd2f08200ed34b4fd6be8b4d89c98b4db8debc7
gfx/interface/unitcontrol/execute_btn_play.dds,composite,byte_identical_vanilla,neutral,control,True,redrawn_installed,102,37,2,0,7bde599a0c3752bc3d9192ae3d19877adb1c7feb83a18596ff5681f3bd9b11ce
gfx/interface/unitcontrol/execute_btn_play_small.dds,composite,byte_identical_vanilla,neutral,control,True,redrawn_installed,172,23,4,2,ae7d22e150f367aa8a65c9d878d200b3296b929fcb904a54aaa45fe50c0489c5
gfx/interface/unitcontrol/execute_btn_play_small_ag.dds,composite,byte_identical_vanilla,neutral,control,True,redrawn_installed,172,23,4,2,2fbd7b78be4311834af5aba8408a8f0e8430c0051d105647e3ce6e9885b90197
gfx/interface/unitcontrol/execute_btn_stop.dds,composite,byte_identical_vanilla,neutral,control,True,redrawn_installed,70,37,2,0,00c884b6e8c61f41113f71e565ae7e6a1dc35c0ee85e6cebe8e4731e553e8698
gfx/interface/unitcontrol/execute_btn_stop_small.dds,composite,byte_identical_vanilla,neutral,control,True,redrawn_installed,112,23,4,6,ef2a368180434ff6c96d30abbe164d6e0a608cfc58cecc1731d307332182ebe3
gfx/interface/unitcontrol/execute_btn_stop_small_ag.dds,composite,byte_identical_vanilla,neutral,control,True,redrawn_installed,112,23,4,2,4544eb4c6355ffd4a527b4a1ae9da1203131adfad072e0066bb6cf320b0a8a43
gfx/interface/unitcontrol/execute_button_no_order.dds,holder,byte_identical_vanilla,neutral,control,True,redrawn_installed,82,37,1,0,92d40898437556bffb2d6395d736e9fa986d0490e3e1ee97fab67245dcd862c6
gfx/interface/unitcontrol/execute_button_ongoing_order.dds,composite,byte_identical_vanilla,neutral,control,True,redrawn_installed,82,37,1,0,a845b1502cea47a3d802972edddf719954ed9cb7a8745d65eaa8275c8d1e2122
gfx/interface/unitcontrol/execute_button_point_out_mode.dds,composite,byte_identical_vanilla,neutral,control,True,redrawn_installed,45,26,1,4,dfd09917ad1c7cc0427cd2468799cce421e4c548516570c8e6623be32015a3ed
gfx/interface/unitcontrol/execute_fast.dds,composite,byte_identical_vanilla,neutral,panel,True,redrawn_installed,80,36,2,2,a076f4dde79a09e135b5bcca9920709038e2e6cd6eb4a771ee01577048acef96
gfx/interface/unitcontrol/execute_mid.dds,composite,byte_identical_vanilla,neutral,panel,True,redrawn_installed,80,36,2,4,36c38baa97fe3ea8db9283e377ac7b13264b867c76d3816bfa57ded8fa654364
gfx/interface/unitcontrol/execute_slow.dds,composite,byte_identical_vanilla,neutral,panel,True,redrawn_installed,80,36,2,2,33e8a969b6904c19d16732a2d10ae7daa3c6bee31c0fbeb6dd39baf1f922fbfc
gfx/interface/unitcontrol/execute_stop_small_bg.dds,holder,byte_identical_vanilla,neutral,panel,True,redrawn_installed,78,26,1,4,71527ff053a89d22f9f0c8303e69ce9c42357c949802777a2fb8bdaf5a6c8d63
gfx/interface/unitcontrol/expeditionary_force_button_bg.dds,holder,byte_identical_vanilla,neutral,control,True,redrawn_installed,264,32,1,4,c986cf407e27047dd47cd4d9cd8b2c86836de4aa44cedf06361da03bf117ebd4
gfx/interface/unitcontrol/expeditionary_force_country_bg.dds,holder,byte_identical_vanilla,neutral,panel,True,redrawn_installed,387,40,1,4,35078b8b73d3c5ddcab37c9da826863ac1ffbc5a7b676b30f89cc12bfc7ae68e
gfx/interface/unitcontrol/expeditionary_force_request_header_bg.dds,holder,byte_identical_vanilla,neutral,header,True,redrawn_installed,414,37,1,4,91c000cdee9344baa8ac5c3313bde8c4f927c8dad8d2e3d8a8f92e61d7a7f203
gfx/interface/unitcontrol/garr_airbase.dds,composite,byte_identical_vanilla,neutral,panel,True,redrawn_installed,80,36,2,1,9040108e5398fbb5d68e56df5c46d3d0854271af13965edc9cc39867874bc1f0
gfx/interface/unitcontrol/garr_borders.dds,composite,byte_identical_vanilla,neutral,panel,True,redrawn_installed,80,36,2,1,26f03f7f8bd0348372fc5d26cc7646074c83b9e924692e87a66de4caca31c175
gfx/interface/unitcontrol/garr_coastline.dds,composite,byte_identical_vanilla,neutral,panel,True,redrawn_installed,80,36,2,1,f8b4f5738123224e2748879d56a98245c25a223cda6995cb8a859de9f249a61e
gfx/interface/unitcontrol/garr_facility.dds,composite,byte_identical_vanilla,neutral,panel,True,redrawn_installed,80,36,2,1,da65f0bb5e50e27419ac7ab36657f8129fa7615aa451b2c50aa0b7832e0d79bc
gfx/interface/unitcontrol/garr_fort.dds,composite,byte_identical_vanilla,neutral,panel,True,redrawn_installed,80,36,2,1,c12bb108df5574039b18607fb65bf345656e7d8a729206ec62dcdb3faf7ce7c5
gfx/interface/unitcontrol/garr_port.dds,composite,byte_identical_vanilla,neutral,panel,True,redrawn_installed,80,36,2,1,a342682b4463781deb0a282ab23d6ecb92a0bd1625caa1252e96b68544d630fc
gfx/interface/unitcontrol/garr_rail.dds,composite,byte_identical_vanilla,neutral,panel,True,redrawn_installed,80,36,2,1,87696ce18dd570426499e22e847f31a59bc2cd93d5542824bc8dc6c47044c82c
gfx/interface/unitcontrol/garr_resistance.dds,composite,byte_identical_vanilla,neutral,panel,True,redrawn_installed,80,36,2,0,7fe079949773b965cb55b203f33c988724896df2ae692e5a4c31da790aa3cf3b
gfx/interface/unitcontrol/garr_vp.dds,composite,byte_identical_vanilla,neutral,panel,True,redrawn_installed,80,36,2,1,9b455056a71840ddfd5d49193e75a44ebba9e3626efcce30055d3cf8ef6d4acb
gfx/interface/unitcontrol/give_role_leader_strip.dds,composite,byte_identical_vanilla,neutral,panel,True,redrawn_installed,56,28,2,22,2ee4b5e8bc18b2210aa4d06a029df3f62d21f5d2359932492fbd25b9530d73cc
gfx/interface/unitcontrol/group_add_leader.dds,composite,byte_identical_vanilla,neutral,panel,True,redrawn_installed,122,83,2,3,edc21cf9b4c9193da45b9e2e04512bd3894c811ad1c25901ab975959d91a058e
gfx/interface/unitcontrol/group_leader_portrait_frame.dds,holder,byte_identical_vanilla,neutral,frame,True,redrawn_installed,76,106,1,0,54aaae930b38ec405c4f4e1474e876ca7b703541fd1986f4e54dffe5d5be0feb
gfx/interface/unitcontrol/group_leader_portrait_frame_badge.dds,holder,byte_identical_vanilla,neutral,frame,True,redrawn_installed,59,79,1,4,515825b8ef0a6ee51f2cfe5fe05206b456b498fba56dbf42f597f0dd113dd531
gfx/interface/unitcontrol/group_marker3.dds,composite,byte_identical_vanilla,neutral,panel,True,redrawn_installed,44,88,1,12,da32a6259c3ab323eee1a6fe38f4eedd716235eba86e6b6e34c432f8a4450ff4
gfx/interface/unitcontrol/leader_army_group_frame.dds,holder,byte_identical_vanilla,neutral,frame,True,redrawn_installed,270,126,3,2,f376541f8c30417fa27256e203a3f2bdd49c4114ca0a295afd46d1d5c836eb30
gfx/interface/unitcontrol/leader_details_icon_available_trait.dds,composite,byte_identical_vanilla,neutral,panel,True,redrawn_installed,44,25,2,6,dfd2b7bdd61fa1ebd13ae56ff8524d26d29b6f162bc847265ce9a10108aeb24e
gfx/interface/unitcontrol/leader_group_frame.dds,holder,byte_identical_vanilla,neutral,frame,True,redrawn_installed,336,117,4,4,3f65a1ff363ef415bd91c89ce20551446553a2abfb30a3f87dfc8396aee8e362
gfx/interface/unitcontrol/leader_group_frame_unselected.dds,holder,byte_identical_vanilla,neutral,frame,True,redrawn_installed,79,111,1,2,de79223e9b4c89faa689f0eceab95a6d76d11820c03f6b61dc48afcaa0167667
gfx/interface/unitcontrol/leader_rank_strip.dds,composite,byte_identical_vanilla,neutral,panel,True,redrawn_installed,380,51,4,0,a478c77ca2e6e8c931f36e426da9cb4edf06d6e1d2bfe2643c2d7545bd3cd803
gfx/interface/unitcontrol/marshal_group_frame_unselected.dds,holder,byte_identical_vanilla,neutral,frame,True,redrawn_installed,86,118,1,0,fba360a8e7b1714dabf400d6c3264e9f9e287e2ae81c1965ba5a18fc97f05fa9
gfx/interface/unitcontrol/motorization_level_toggle_button.dds,composite,byte_identical_vanilla,neutral,control,True,redrawn_installed,44,23,1,4,feb6d35a9d4ca85262f6cce320fa404591eb126cff86f31965096e443cd42fff
gfx/interface/unitcontrol/multi_group_bg.dds,holder,byte_identical_vanilla,neutral,panel,True,redrawn_installed,418,102,1,0,cf9db3afe8542ecd11a352d3aa0449ab669411d7faafd8cdd2ca07162316e5c6
gfx/interface/unitcontrol/plan_frame.dds,holder,byte_identical_vanilla,neutral,frame,True,redrawn_installed,65,9,1,2,2304dd429d2b4c761f67b7711404ade21b3b5fa9b948c162e5e7d359aed643ff
gfx/interface/unitcontrol/select_all_armylist_short_button.dds,holder,byte_identical_vanilla,neutral,control,True,redrawn_installed,52,23,1,4,c85cbbc646b9f066c73c334050f8ccf6cd755368098a9fde21134ffdfb1b016c
gfx/interface/unitcontrol/sort_adviser.dds,composite,byte_identical_vanilla,neutral,panel,True,redrawn_installed,87,29,3,8,456a08253bcce07f682cc0e3ce5dcd06f337da93c82af6e5211d42a1760fd946
gfx/interface/unitcontrol/sort_attack_trait.dds,composite,byte_identical_vanilla,neutral,panel,True,redrawn_installed,87,29,3,8,6fcbe4cc466fa0e27a5f68b6368e89bc824bb269ff74f56f96f0054cd06f82d3
gfx/interface/unitcontrol/sort_coordination_trait.dds,composite,byte_identical_vanilla,neutral,panel,True,redrawn_installed,87,29,3,4,beddeb7276bcb285c9f9f23e7e65aacac7cd4c22d44f9dddc7d8c7b62b29e581
gfx/interface/unitcontrol/sort_defense_trait.dds,composite,byte_identical_vanilla,neutral,panel,True,redrawn_installed,87,29,3,8,dee80034e6888fac33b9ad814e96f0381291f4ca3d013f99bc163b084f02cdb2
gfx/interface/unitcontrol/sort_maneuvering_trait.dds,composite,byte_identical_vanilla,neutral,panel,True,redrawn_installed,87,29,3,4,e9e65a0a43d6050a5da4811b57ee313793e88690c16838d3036255275b6eb3a9
gfx/interface/unitcontrol/sort_planning_trait.dds,composite,byte_identical_vanilla,neutral,panel,True,redrawn_installed,87,29,3,4,b80b40690990d9ef45e5469f1ff19be2cddd261c02a3c6e3b94d26c2da4b99b0
gfx/interface/unitcontrol/sort_skill.dds,composite,byte_identical_vanilla,neutral,panel,True,redrawn_installed,87,29,3,14,18c65f8575ed6ec62c6ba1ad9f03f8ae15654fc5c555770482f0b4ab7c096d30
gfx/interface/unitcontrol/sort_supply_trait.dds,composite,byte_identical_vanilla,neutral,panel,True,redrawn_installed,87,29,3,4,ac6b1f00b92fe5d7aa21d28485cfc9f5fbf1811d0e901f40086bdd36f82585c2
gfx/interface/unitcontrol/theatre_selection_frame.dds,holder,byte_identical_vanilla,neutral,frame,True,redrawn_installed,184,47,1,1,25dfe6dacc6000c27a98337789365817eb5e9c3b5d333747843efb1fe7d8d445
gfx/interface/unitcontrol/unit_leader_portrait_frame.dds,holder,byte_identical_vanilla,neutral,frame,True,redrawn_installed,71,104,1,6,4a654157bf4c492c99fa189dcdc7f27d16437eab6f5a2b7fec277956ec3d939a
gfx/interface/unitcontrol/unit_leader_portrait_frame_badge.dds,holder,byte_identical_vanilla,neutral,frame,True,redrawn_installed,59,79,1,10,ed9be74d41a67882cfce727735e48543b6de53f0f4caff34083fcfdb1e397afd
gfx/interface/unitcontrol/unit_list_header_air.dds,holder,byte_identical_vanilla,neutral,header,True,redrawn_installed,471,35,1,2,64f9590863103b333b6eddcae26e8560449258563ab76971023da722f6335c19
gfx/interface/unitcontrol/unitlist_garrison_button.dds,holder,byte_identical_vanilla,neutral,control,True,redrawn_installed,152,31,2,12,faaef20f132b988b686c0c7f949cfa7cae65994192655176c5571033168b4604
gfx/interface/unitcontrol/unitlist_unitinfo_button.dds,composite,byte_identical_vanilla,neutral,control,True,redrawn_installed,76,31,1,18,96d321b30feab560b6308e390e3933274e1dc7a311e9e68a86b07f02f12fcf01
gfx/interface/unitcontrol/unitlist_unitinfo_button_small.dds,holder,byte_identical_vanilla,neutral,control,True,redrawn_installed,64,31,1,4,4fec21fe630fe0123420e752ffbfbbe021b94ea42874c20a85cdf4a5dfcdd8ee
gfx/interface/unitlist_unassigned_bg.dds,holder,byte_identical_vanilla,neutral,panel,True,redrawn_installed,396,54,1,3,ed6cc72ed6e3b4f9f084949452d942556fe83cad403c75f790dda6e9887b9268
gfx/interface/upgrading_checkbox.dds,composite,byte_identical_vanilla,neutral,control,True,redrawn_installed,90,32,2,4,fc938a68a8f294d71ef26caa914a66b78e0f5ec66b234baf2898cc3fd965f45e
gfx/interface/variant_entry_bg.dds,holder,byte_identical_vanilla,neutral,control,True,redrawn_installed,72,29,1,35,82c643339a1174e1a2f430f0d85e73c8c72ee305e789934151e029272399ed86
gfx/interface/victorypoint_stateview_bg.dds,holder,byte_identical_vanilla,neutral,panel,True,redrawn_installed,44,26,1,8,b1161e4e4944f05cd9c650767749c8d9607bb144e177bb1eaad853d089cb7c7d
gfx/interface/war_faction_entry.dds,composite,byte_identical_vanilla,neutral,control,True,redrawn_installed,537,42,1,1,729d4e08dcc45807e625f6a768c40a2c1a964ce71a000be47aa2a3d3101da4ad
gfx/interface/war_participant_entry.dds,composite,byte_identical_vanilla,neutral,control,True,redrawn_installed,1593,41,3,1,8845a23d3181e2ed4ea8df36f177e243c7e4af0187435fcc21254d3dafc51a14
gfx/interface/waroverview_bg.dds,holder,byte_identical_vanilla,neutral,panel,True,redrawn_installed,1167,590,1,0,0d3b9156e20efe8b9f1da39c54bb0238717f23327023577a6b06b0148230f131
gfx/interface/waroverview_bg_tiled.dds,holder,byte_identical_vanilla,neutral,panel,True,redrawn_installed,1168,506,1,1,738dc7473989a3e5a8a68fa2c0e94db34c97b2f830c032247dcaee0fff6221b9
gfx/interface/waroverview_tabs.dds,composite,byte_identical_vanilla,neutral,header,True,redrawn_installed,94,51,2,0,7d78a19e2fb37c42fa831f5cf4bfe1a15eef9668dcc8c72915caf8c388d2b1a2
gfx/interface/waroverview_tabs_all.dds,composite,byte_identical_vanilla,neutral,header,True,redrawn_installed,94,51,2,1,ffd8b8ef2b627cf6b5b3957978bedc86bcc09f80deb6d557e6421785c57f6ef6
gfx/interface/warscore_progressbar_frame.dds,holder,byte_identical_vanilla,neutral,frame,True,redrawn_installed,591,38,1,1,e559ee31e63c0167fc3813fb1cbe46f6465ae8274daba5e61dc769e65472ad42
gfx/interface/win_header_short.dds,holder,byte_identical_vanilla,neutral,header,True,redrawn_installed,233,112,1,4,18190e37f8aae1c956338d5bacad5fb9fd6db557eb389cd6b41f71bef5a606fc
gfx/interface/win_header_short_right.dds,holder,byte_identical_vanilla,neutral,header,True,redrawn_installed,260,23,1,0,42fc09afd8b42c0dd43345415f2343045072dda7e3803fd92ce1f4b697525e9d
gfx/interface/wing_reinforce_btn.dds,holder,byte_identical_vanilla,neutral,control,True,redrawn_installed,52,35,1,0,3311fa848b7af036b4195bed88609937ad6455c918b69ae7968686c61ac6723e
gfx/interface/wing_reinforce_small_btn.dds,holder,byte_identical_vanilla,neutral,control,True,redrawn_installed,52,30,1,1,bb89db1812b791b0242f974971d1f3dc78cd4a738179cacd696da8eba0b88e34
gfx/interface/wing_type_bg.dds,holder,byte_identical_vanilla,neutral,panel,True,redrawn_installed,514,88,1,0,9a17df1499f8a02c04a10d80e9f1197a89b71ee8461e701bd345e5ed08691b41
gfx/interface/wing_type_bg_old.dds,holder,byte_identical_vanilla,neutral,panel,True,redrawn_installed,513,68,1,0,eb4393fd30d5762612fda8ba1077cf4faf0090dde76ace8d696382900ce7c475
gfx/interface/world_tension_bg.dds,holder,byte_identical_vanilla,neutral,panel,True,redrawn_installed,527,534,1,6,aa8d6f156e9dacbc3bc28db5313841e45512f85919bd387744d26ed74b8b2222
gfx/interface/world_tension_entry.dds,composite,byte_identical_vanilla,neutral,control,True,redrawn_installed,449,41,1,2,bcd5a301c98f895b4ce88795a0b729947a1bbce37494146383196f47c1f4e42f
gfx/interface/alerts/global_alert_icons.dds,composite,byte_identical_vanilla,well,panel,True,redrawn_installed,3290,42,70,4,242c71b0ce7a89a18a5dbacce7839b946b4e8be19bf525115dab3f57aa36bbaa
gfx/interface/alerts/global_diplorequest_icons.dds,composite,byte_identical_vanilla,well,panel,True,redrawn_installed,893,42,19,4,743f71411e2b28edca4a8b424457af6ac2b2b9f3d24fbd46f1e6fb84b10ced4a
gfx/interface/tiles/tiled_window_1b_border.dds,holder,same_path_different_image,neutral,panel,True,redrawn_installed,190,190,1,142,5d11f0df0a9e849c2ffd5820cced35ce48a372cb911e9c2706e1b7aafb5c1491
gfx/interface/tiles/tiled_window_thin_border2.dds,holder,same_path_different_image,slate,panel,True,redrawn_installed,190,190,1,26,6622d872a37e184d24e32787e119ce523fcb80c8511698058f3144b40d3f0866
